,smiles,pred_pIC50,target_pIC50
0,CN(c1cc(C(=O)N=O)cc(C(CCc2ccccc2)NC(Cc2ccccc2)[C@H](O)CNC2CC2)c1)S(C)(=O)=O,5.255148,4.837351322174072
1,CCn1cc2c3c(cc(C(=O)N[C@H](C(O)CNC4CCC4)C(Cc4ccsc4C)NC(C)=O)cc31)CCC2,8.424169,5.574904918670654
2,CCC1(c2ccc(N3CCCCC3=O)cc2)C[C@@H](OC(=O)NC[C@@H](O)[C@@H](C)Cc2cc(F)cc(F)c2)CN1,7.2941546,5.520236968994141
3,Cc1ccc(NC(=O)c2ccc(Cl)cn2)cc1C1(CC2(C)NCCc3ccc(F)cc32)N=C(N)N(C)C1=O,7.428419,6.363214492797852
4,COc1cccc(CNC([C@H](Cc2cc(F)cc(F)c2)NC(C)=O)[C@H](O)[C@@H]2C[C@H](CC(C)C)CCS(=O)(=O)C2)c1,8.135908,6.336082935333252
5,COc1cccc(-c2cccc(C3(C(F)(F)F)COC(=N)NC3OC)c2)c1,6.7997875,6.494890213012695
6,CC(=O)NC(Cc1cc(F)cc(F)c1)C(O)CNC1CCC2(CCC2)Oc2ncc(CC(C)(C)C)cc21,8.163845,7.194340705871582
7,CN1C(=O)C(c2ccc(OC(F)F)cc2)(c2ccc(-c3cccnc3F)cc2)N=C1N,6.3575063,7.949392318725586
8,CC(C)(C)c1ccc(CNC2CS(=O)(=O)CC(Cc3ccccc3)C2O)c(F)c1,5.8576055,5.388937473297119
9,CC(=O)NC(CCc1cc(F)cc(F)c1)NCC(O)C1(c2ccn(CC(C)(C)C)n2)CCN1,4.6900835,7.975376129150391
10,CN1C(=O)c2cc(-c3ccnc(N(C)S(C)(=O)=O)c3)cc(c2)N(C)[SH]1C(=O)NC(Cc1ccccc1)C(O)CNCc1cccc(C(F)(F)F)c1,7.7023935,9.15841579437256
11,CN1C(=O)C(c2cccc(NC(=O)c3ccc(Cl)cn3)c2)C(F)N=C1N,5.448138,6.864471435546875
12,CC(C)Oc1ccc(CNC2CS(=O)(=O)CC(Cc3ccc(N)c(OC(C)C)c3)C2O)cc1,5.978104,4.503807067871094
13,CC(C)(C)CCC(=O)n1c(N)nc2c(Cl)cccc21,6.30564,4.3384108543396
14,CCC1(c2cccc([N+](=O)[O-])c2)N=C(N)S1,6.6652136,4.485271453857422
15,CC1=N[C@](c2cccc(F)c2)(c2cc(C)nc(C)c2)N=C1N,3.598586,6.269763946533203
16,CC(=O)NC(Cc1cc(F)cc(F)c1)C(O)CNC1(c2cccc(C3CCCCCC3)c2)CCCCC1,5.103775,6.0485944747924805
17,COc1ccc(-c2cccc(C3(c4cccnc4)N=C(N)N(C)C3=O)c2)cc1,6.8644495,6.796801090240479
18,CC(=O)NC(Cc1ccccc1)C(O)CNC1(c2ccc(CC(C)(C)C)cn2)CCCCC1,7.3706436,5.921967029571533
19,CN1C(=O)C(C)(Cc2cccc(F)c2)N=C1N,5.1836615,5.233644962310791
20,CC(=O)NC(Cc1ccc(F)c(F)c1)C(O)CNC1(c2cccc(C(C)(C)C)c2)CC1,6.949278,7.926952362060547
21,CCCN(CCC)C(=O)c1cc(C)cc(N[C@@H](Cc2cc(F)cc(F)c2)[C@H](O)CNCc2cccc(OC)c2)c1,6.8262577,7.398310661315918
22,CCN(C)C(=O)n1nc(C(=O)N[C@@H](Cc2cc(F)cc(F)c2)[C@H](O)C(C)NC2CCCC2)c2ccc(C(F)(F)F)cc21,6.982591,5.770711421966553
23,CCCCN(CCC)C(=O)C1=CC2=CC2NC(C(O)C(Cc2ccccc2)NCc2cccc(OC)c2)CCC(C(=O)NCC(C)c2ccccc2)=C1,5.9852924,8.631146430969238
24,Cn1c(N)nc(-c2cccc(-c3cccnc3)c2)c1O,6.0396395,6.91529655456543
25,CC(=O)NC(Cc1cc(F)cc(F)c1)C(O)CNC1(c2cccc(C(C)C)c2)CCCC1,7.487606,6.301665782928467
26,CCC(C)(COC)COC1=CC=CC(NC(=O)c2cc(C(=O)NC(C)c3ccccc3)cc(N(C)S(C)(=O)=O)c2)CC(F)=C1,6.469719,4.6850104331970215
27,CCCCCN(CCC)C(=O)c1cc(C(=O)NC(Cc2ccccc2)C(O)CNCc2cccc(OC)c2)cc(N(C)S(C)(=O)=O)c1,7.672632,7.654504776000977
28,CC(=O)NC(Cc1ccc(F)cc1)C(O)CNC1(c2ccc(CCC(C)(C)C)cn2)CCC1,6.164991,6.629750728607178
29,CC(C)COc1cc(CC(NC(=O)c2cccc(N(C)S(C)(=O)=O)c2)C(O)CNC2CC2)ccc1F,6.4812617,5.022182464599609
30,COc1cccc(COCC(CC(O)C(COc2cc(F)cc(F)c2)NC(=O)N(c2cccc(C(F)(F)F)c2)c2cccc(S(C)(=O)=O)c2)OC)c1,6.978242,5.77779483795166
31,COc1cccc(CNCC(O)C(NC(=O)c2cc(C)cc(N(C)S(C)(=O)=O)c2)C(=O)NC(COc2cc(F)cc(F)c2)C(O)CC(=O)OCc2cccc(OC)c2)c1,6.5665026,6.943387508392334
32,COCc1ccc2c(c1)-c1ccccc1CC(C)(C)N=C(NC(=O)c1cccc(Cl)c1)C2O,6.7065806,7.171808242797852
33,COc1ccc(C2COC(=N)NC2(c2cccc(-c3cncnc3)c2)C2CCCC2)cc1,6.0249796,6.413790225982666
34,CN1C(N)=NC(C)(C)Oc2ccc(-c3cccc(NC(=O)c4ccccn4)c3)cc2CC1(C)C,7.7415648,5.612144947052002
35,O=C(NC(Cc1ccccc1)[C@H](O)CNCc1cccc(C(F)(F)F)c1)c1cc(C2C=CC=C2)ccc1Cl,6.7203536,7.622149467468262
36,CC(C)Oc1cc(CC2CS(=O)(=O)CC(NCc3cccc(Cl)c3)C2O)ccc1N,4.8631926,5.977905750274658
37,CC(=O)CC(Cc1ccccc1)NC(=O)c1cc(C(=O)NC(C)c2ccccc2)cc(N(C)S(C)(=O)=O)c1,6.1983733,6.11012077331543
38,CC(C)c1cccc([C@]2(c3ccc(-c4ccncc4)cc3)N=C(N)N(C)C2=O)c1,7.4165626,6.147593975067139
39,N=C1NC(c2cccc(OC(F)(F)F)c2)(c2cccc(-c3cncnc3)c2)C(F)(F)CO1,6.6195745,6.739115715026856
40,CC(=O)NC(Cc1cc(F)cc(F)c1)C(O)CNC1(c2cccc(C3CCCCCC3)c2)CC1,6.445642,4.387937068939209
41,CCc1cc(CC2CS(=O)(=O)CC(NCc3ccc(C)c(C(C)(C)C)c3)C2O)cc(O[C@H](O)CCOC)c1N,6.225458,7.63350772857666
42,CCCCN(CCCC)C(=O)n1cc(C(=O)N[C@@H](Cc2cc(F)cc(F)c2)Cc2cc(O)cc(OC)c2)c2ccc(Cl)cc21,4.9706335,7.512684822082519
43,CC(=O)NC(Cc1cccc(F)c1)C(O)CNC1(c2cncc(C(C)(C)C)c2)CCCCC1,6.6871243,8.445804595947266
44,CC(=O)NC(Cc1cc(F)cc(F)c1)C(O)CNC1(c2cccc(N3CCC3)c2)CCCC1,7.4667873,5.781928539276123
45,CC(C)c1cccc(CNC2CS(=O)(=O)CC(Cc3cccc(CCc4cccc(Br)c4)c3)C2O)c1,6.340208,4.471838474273682
46,CN1C(=O)C2(CC(C)(C)Oc3ccc(-c4c(F)cccc4F)cc32)N=C1N,6.980773,4.912673473358154
47,CN1C(N)=NC1(c1ccncc1)c1cccc(-c2cncnc2)c1,4.7339883,8.108957290649414
48,CCCn1cc(C2(c3ccc(-c4cccnc4)cc3)N=C2N)cn1,7.0286865,6.666658878326416
49,COc1cccc(-c2ccc(C3(c4ccccc4)N=C(N)OC3(F)F)cc2C#N)c1,6.8303757,4.825531482696533
50,CCC(C)(C)c1cccc(CNC2CS(=O)(=O)CC(Cc3cc(F)c(N)c(OC(COC)C(F)(F)F)c3)C2O)c1,5.2827225,7.950714111328125
51,CC1N(C)C(N)=NC1(C)c1cccc(NC(=O)c2ccccn2)c1,5.2689414,5.21192741394043
52,CC(C)c1cccc(CNC2CS(=O)(=O)CC(Cc3ccc(Br)cc3)C2O)c1,3.768685,6.954366207122803
53,CC(=O)NC(Cc1cc(F)cc(F)c1)C(O)CNc1ccc(N)c(C(O)CNC2(c3cccc(C(C)(C)C)c3)CC2)c1,5.5255833,6.518327713012695
54,CN1C(=O)C2(CN=C1N)CC(C)(C)Oc1cc(-c3cncnc3)ccc12,7.593767,5.804672718048096
55,N#Cc1ccccc1-c1ccc(C2(c3ccc(OC(F)(F)F)cc3)COC(=N)N2)cn1,3.8354692,6.417180061340332
56,CC(C)(C)c1cccc(CNC2CS(=O)CC(Cc3cc(Br)cc(OCC(F)(F)F)c3)C2O)c1,8.176906,6.272607803344727
57,COc1cccc(-c2cc(C)cc(C3(C)N=C(N)N(C)C3=O)c2)c1,3.4784007,5.806905269622803
58,CN1C(=O)C(c2cccc(-c3cncnc3)c2)(c2ccc(C(C)(C)C)cn2)N=C1N,7.5739326,7.754101276397705
59,CC1=NC(C)(c2cc(-c3cccc(F)c3)ccn2)N=C1N,7.3410177,4.975279331207275
60,CCC(C)C(=O)NC(Cc1cc(F)cc(F)c1)C(O)C1Cc2cccc(c2)CCCCN1,7.4659357,8.128265380859375
61,CCS(=O)(=O)N(C)C(C(=O)NC(Cc1ccccc1)C(O)CNC1CCCCC1)c1ccccc1,6.7628098,5.78276252746582
62,CN1C(=O)C(C)(c2cccc(Oc3cccc(-c4cccnc4F)c3)c2)N=C1N,6.5679293,5.323637962341309
63,CC(C)Oc1cccc(CN2CCC3(CN(C)S(=O)(=O)N3c3cc(F)cc(OC(C)C)c3)C2C)c1,7.3702693,5.403573989868164
64,COc1cccc(CNCC(O)C(Cc2cc(F)cc(F)c2)NC(=O)C(CCC(=O)C2CCCCCCCN2C)C2CCCCC2)c1,7.2535353,6.437390327453613
65,CN1C(=O)C(C)(c2ccc(NC(=O)c3ccncn3)cc2F)N=C1N,6.770217,8.359044075012207
66,COc1cccc(C2C3CCCCC(C)(C3)N=C(N)C(=O)N2c2cccc(-c3cccc(Cl)c3)c2)c1,6.736462,6.769690990447998
67,CCCOc1cc(CC2CS(=O)(=O)CC2C(O)CNCc2cccc(C(C)(C)C)c2)cc(F)c1N,7.6229143,5.623340606689453
68,CC(=O)NC(Cc1cc(F)ccc1F)C(O)CNC1(c2csc(-n3ccnc3)c2)CCCCC1,6.605125,6.11127233505249
69,CCC(F)(F)c1cccc(C2(c3cnnnc3)N=C(N)N(C)C2=O)c1,6.492191,8.11065673828125
70,CCCN(CCC)C(=O)c1cc(C(=O)NC(Cc2cc(F)cc(F)c2)C(O)CNCc2ccc(C(F)F)cc2)cc(N(c2ccccc2)S(C)(=O)=O)c1,7.160796,9.01254653930664
71,CC(NC(=O)c1cc(N(C)S(C)(=O)=O)cc(C(N)(CO)CCc2ccccc2)c1)c1cc(F)cc(F)c1,4.595548,3.4234538078308105
72,COc1cccc(C2(c3cccc(-c4cc(OC)ccc4OC)c3)N=C(N)N(C)C2=O)c1,7.8992743,7.570175170898437
73,CC1(c2cccc(NC(=O)c3ncc(Cl)cc3Cl)c2)N=C(N)CO1,8.367545,6.883872032165527
74,COc1cccc(C2(c3cccc(-c4ccc(OC(F)(F)F)cc4)c3)N=C(N)N3CCCN=C32)c1,7.6397753,6.762142658233643
75,CC1OCC1C[C@]1(c2cccc(-c3cncnc3)c2)N=C(N)N(C)C1=O,6.8499675,7.227707862854004
76,CN1C(=O)[C@@](c2ccc(NC(=O)c3ccc(Cl)cn3)cc2)(C2CCCCC2)N=C1N,6.7371526,6.276466369628906
77,C#Cc1cccc(C2(Cc3ccccc3)N=C(N)N(C)C2=O)c1,7.5506916,4.906994819641113
78,CC1(c2cccc(-c3ccccc3)c2)N=C(N)C(=O)N(CC2CCCC2)C1=O,5.806116,8.164230346679688
79,CN1C(=O)CC2(CCCC2)N=C1N,5.2331448,4.514032363891602
80,COc1cccc(-c2ccc(C3(c4cccc(OC)c4)N=C(N)N(C)C3=O)cc2)c1,5.1301136,7.265505790710449
81,CN1C(=O)C(C)(c2cccc(NC(=O)c3cccnc3)c2)N=C1N,7.907646,5.063425064086914
82,COc1ccc(Cl)c(-c2ccc3c(c2)C2(CCc4ccncc4C(=N)N2)O3)c1,6.392991,5.68818998336792
83,CCC(C)(C)Cc1cccc(CNC2CS(=O)(=O)CC(Cc3ccccc3)C2O)c1,6.6738005,4.758072376251221
84,CC(C)Oc1cccc(C2CN=C(N)CC(=O)N2C)c1,6.6197906,3.11392879486084
85,CCOc1cccc(-c2cccc(C3(c4cccc(OC)c4)N=C(C)C(=N)N3)c2)c1,6.953806,4.82418966293335
86,COc1cccc(C2(c3cccc(-c4ccc(Cl)cn4)c3)N=C(N)N(C)C2=O)c1,6.314466,6.204096794128418
87,CC(C)c1cccc(C2(c3ccsc3)N=C(N)N(C)C2=O)c1,7.57536,5.568540096282959
88,CCCNC(=O)c1cc(C(=O)NC(COc2cc(F)cc(F)c2)C(O)CC(CO)OC)cc(N(C)S(C)(=O)=O)c1,6.404445,3.8226993083953857
89,CC(C)Oc1cccc(CN2CCC3(CCCC3)C(=O)N(OCCC3CCCC3)N=C(N)C2)c1,7.598394,6.65234899520874
90,COc1cccc(-c2cccc(C3(c4cnc(C(C)C)s4)N=C(N)N(C)C3=O)c2)c1,4.072012,5.517127513885498
91,CCc1cc(C2(c3cccc(-c4cnccn4)c3)N=C(N)N(C)C2=O)cc(C)n1,7.5796084,7.456316947937012
92,CCCN(CCC)C(=O)c1ccc(C(=O)N[C@@H](Cc2cc(F)cc(F)c2)[C@H](O)CNCc2cccc(OC)c2)cc1,7.375454,4.815218925476074
93,COc1cccc(CNCC(O)C(Cc2cc(F)cc(F)c2)NC(=O)c2ccc(C(C)C)cc2)c1,7.675087,6.919588088989258
94,COCC(Oc1cc(CC2CS(=O)(=O)CC(NCC(=O)c3cccc(C(C)C)c3)C2O)cc(F)c1N)C(F)(F)F,8.118044,8.348936080932617
95,COc1cc([C@@]2(c3cccc(-c4ccncc4)c3)N=C(C)C(=N)N2)ccc1C,6.1514697,6.618888854980469
96,COc1cccc(C2(c3cccc(-c4cccnc4F)c3)N=C(N)c3c(F)cccc32)c1,8.578678,6.5425872802734375
97,CCc1ncc(-c2ccc(C3CC3c3cc(=O)n(C)c(N)n3)cc2)cn1,7.2821255,4.142075061798096
98,Cc1cc([C@@]2(c3cccc(-c4cncnc4)c3)N=C(N)N(C)C2=O)ccn1,7.6547904,5.430155754089356
99,CC1=NC(c2cccc(-c3ccc(F)cc3)c2)(c2ccc(C)s2)N=C1N,5.824695,5.812226295471191
100,CC(C)(C)Cc1ncc(C(F)NC2CS(=O)(=O)CC(Cc3ccc(N)c(OCC(F)(F)F)c3)C2O)cn1,7.5685306,8.776485443115234
101,CC(=O)NC(NC(c1cc(F)cc(F)c1)C(C)(C)C)C(O)CNC1(c2cccc(F)c2)CCCCC1,4.8641806,4.048998355865479
102,COCC(=O)NC(Cn1c(F)ccc1-c1ccccn1)C(O)CNC1(c2ccc(C(C)(C)C)cn2)CCCC1,8.420916,7.049248218536377
103,CC1C[C@@](c2cccc(-c3cncnc3)c2)(c2ccc(OC(F)F)c(F)c2)N=C(N)N1C,4.5705304,8.693572044372559
104,CC(=O)NC(c1ccccc1)[C@H](O)CNC1CC2(CCC2)Oc2ncc(CC(C)(C)C)cc21,5.6298194,8.022496223449707
105,CC(C)Cc1cnc(C(F)(F)F)c([C@@]2(c3cccc(-c4cncnc4)c3)N=C(N)N(C)C2=O)c1,7.187028,7.935269355773926
106,CN1C(=O)C(c2cccnc2)(c2cccc(-c3cccnc3)c2)N=C1N,5.577086,6.823042392730713
107,COCC(=O)NC(Cc1cc(F)ccc1F)C(O)CNC1CCC2(C1)Oc1ncc(CC(C)(C)C)cc12,6.8429084,5.332756042480469
108,CC(C)c1cc(C(=O)NC(Cc2cc(F)cc(F)c2)C(O)CNC2CCCC2)cc(N(C)S(C)(=O)=O)c1,5.834511,8.432377815246582
109,COc1cccc(-c2cccc(C3(N)N=C(C)N(C)C3=O)c2)c1,6.595729,3.590787172317505
110,COc1ccc(C2CS(=O)(=O)CC(NCc3cccc(C(C)(C)C)c3)C2O)c(N)c1,6.9051123,9.16515064239502
111,CC(C)(C)c1cccc(CNC2CS(=O)(=O)c3cccc(c3)OC(C)(C)C2O)c1,6.840182,7.177212715148926
112,CC(=O)Nc1cc(F)cc(CC(F)CC(O)CNC2(c3ccc(C(C)(C)C)cn3)CCCCC2)c1,5.7703505,4.819203853607178
113,O=S1(=O)N(c2ccccc2)CC2(CCCC2)N1c1cccc(F)c1,6.470655,5.204423904418945
114,CC1CCCC(N)N1C(=O)N[C@@H](Cc1ccccc1)[C@H](O)CNC1(c2cccc(C(C)(C)C)c2)CC1,7.133852,5.504241943359375
115,O=C(NC1CCc2ccccc21)c1cccc(Br)c1,4.798287,4.60221529006958
116,N=C1NC(F)(c2cccc(NC(=O)c3ccc(Cl)cn3)c2)C(F)(F)CO1,6.573213,5.318601131439209
117,CCC1=Cc2c1ccn2CC(=O)N=C(N)NCc1cccc(Cl)c1,6.748306,5.214867115020752
118,COc1cccc(CNCC(O)C(NC(=O)c2cccc(N(C)S(C)(=O)=O)c2)c2cc(C)cc(C(=O)NCCc3cc(F)cc(F)c3)c2)c1,6.5488534,6.5640482902526855
119,CC(C)(C)c1ccc(C(=O)Nc2cc(F)c(CC(O)CNC3(c4ccn(C(C)(C)C)n4)CC3)c(F)c2)cc1,5.1959476,6.194041252136231
120,CCOc1cccc(-c2cc(C3(c4cccc(OC)c4)N=C(N)COC3(F)F)cs2)c1,5.0298605,7.222669124603271
121,CC(=O)NC(Cc1cc(F)cc(F)c1)C(O)CNC1(c2cc(-n3ccnc3)cs2)CCCC1,6.306281,7.382466793060303
122,CCCc1ccccc1-c1ccc(C2CC2c2cc(=O)n(C)c(N)n2)cc1,5.590275,5.484465599060059
123,CC1CN(c2cccc(C(=O)N[C@@H](Cc3ccccc3)[C@H](O)CNC3CCOCC3)c2)S(=O)(=O)N1c1ccccc1,8.113259,8.005899429321289
124,CC(=O)NC1COCCCC2(CCCCCCC2(C)Nc2cc(F)cc(F)c2)C1,5.543022,6.840307235717773
125,CC/C(=N/OCC(C)C)c1cc(C)cc(C(=O)N[C@@H](Cc2cc(F)cc(F)c2)[C@H](O)CNCc2cccc(OC)c2)c1,5.7059364,6.023097991943359
126,CCCCNc1cc(C(=O)NC(Cc2ccccc2)C(O)CNCc2cccc(C(C)NC(C)c3ccccc3)c2)cc(C(=O)N(CCC)CCC)c1,6.8934894,7.407294273376465
127,CC#Cc1ccc2cc1C(c1ccc(-c3cncnc3)cc1)N=C(N)N(C)C2=O,6.910281,7.897871017456055
128,CC(CF)c1ccc(C2(c3cccc(-c4cncnc4)c3)N=C(N)N(C)C2=O)cn1,6.1754894,7.496289730072021
129,N=C1NC(c2cccc(-c3cncnc3)c2)(c2ccc(F)c(F)c2)CCO1,6.0853977,5.141066551208496
130,CCn1cc(C2(c3ccccc3-c3cccnc3)N=C(N)N(C)C2=O)cn1,6.6173487,7.216520309448242
131,CN1C(=O)C(c2cncc(CC(C)(C)C)c2)(c2cccc(-c3cccnc3)c2)N=C1N,7.4360175,9.40232276916504
132,CCCOCCCOc1cc(CC2CS(=O)(=O)CC(NCc3cccc(C(C)(C)C)c3)C2O)cc(F)c1N,5.023917,7.919452667236328
133,CC(=O)NC(Cc1ccc(F)c(F)c1F)C(O)CNC1(c2ccc(C(C)(C)C)cn2)CCC1,6.185397,9.160429000854492
134,CN1C(=O)SCC(C(O)Cc2cc(F)cc(F)c2)CNC1Cc1ccccc1,6.1850967,4.296740531921387
135,CC(C)(C)Cc1cccc(CNC2CS(=O)(=O)CC(Cc3cccc(OC(F)(F)F)c3)C2O)c1,5.0749516,5.601277828216553
136,CC(C)(C)c1cccc(CNC2CS(=O)CC(Cc3cc(F)cc(OC(F)C(F)(F)F)c3)C2O)c1,6.995425,7.876310348510742
137,CCC1(Oc2cccc(-c3cccc(OC)c3)c2)CCC2(C1)N=C(N)N(C)C2=O,5.210533,5.829441070556641
138,CC(C)c1ccc(O)c(CNCC(O)C(=O)NC(=O)c2cc(C(=O)NC(C)c3ccccc3)cc(N(C)S(C)(=O)=O)c2)c1,7.439046,6.821620941162109
139,CS(=O)(=O)N(Oc1ccccc1)c1cc(C(=O)NC(O)Cc2cc(F)cc(F)c2)cc(C(O)CNCc2cccc(C(F)F)c2)c1,5.6583943,8.839255332946777
140,CC(=O)N[C@@H](Cc1cc(F)cc(F)c1)[C@H](O)CNC1(c2ccccc2)CCC1,5.337892,7.968665599822998
141,CC(C)Oc1cc(F)cc(CC2CS(=O)(=O)CC(NCc3cccc(C(C)(C)C)c3)C2O)c1,5.094707,6.559103488922119
142,COc1ccc([C@@]2(c3cccc(-c4ccncc4)c3)N=C(N)N(C)C2=O)cc1,8.379397,6.99128532409668
143,CCn1cc(C(=O)N[C@@H](O)[C@H](Cc2ccc(F)cc2F)NC(C)=O)c2ccccc21,6.9471607,7.177570819854736
144,NC(=O)CN1CCN=C1C1(c2cccc(-c3cncnc3)c2)C(OC(F)(F)F)=Cc2ccc1cc2,6.4216094,7.689477920532227
145,CC(=O)NC(=O)NC(Cc1cc(F)cc(F)c1)C(O)CNC1(c2cc(C(C)(C)C)cs2)CCCCC1,5.111251,5.8581390380859375
146,CC1CC2=CC=CC(=CC(CNC(C)(C)C)CCO2)CN1Cc1cc(F)cc(F)c1,6.6716332,3.832054376602173
147,COc1c(N)cc(C[C@@H]2CS(=O)(=O)C[C@H]2c2ccc(CC(C)(C)C)cc2)cc1O,5.6385565,5.674036979675293
148,CC(C)CCNC(=O)C(Cc1cc(F)cc(F)c1)NC1(c2cccc(C(C)(C)C)n2)CCCC1,6.185492,8.220527648925781
149,CC(C)(C)c1cccc(CNC2CS(=O)(=O)CC(Cc3ccc(N)c(O)c3)C2O)c1,6.914906,5.311017990112305
150,CCCC(NC(Cc1cc(F)cc(F)c1)C(O)CNCc1cccc(OC)c1)C(=O)NC(C)c1ccccc1,6.826519,4.151319980621338
151,CC(NC(=O)c1cc(C(=O)NC(O)Cc2cc(F)cc(F)c2)cc(N(C)S(C)(=O)=O)c1)c1ccccc1,6.578494,5.793975830078125
152,CCOc1ccc(C2(c3cccc(-c4ccncc4)c3)N=C2N)cc1OC,5.0148854,5.448977947235107
153,CC(=O)NC(Cc1cc(F)cc(OC(F)(F)F)c1)C(O)CNC1(c2cccc(C(C)(C)C)c2)CC1,6.558172,6.5750017166137695
154,CNCc1cccc(OC)c1,7.40171,4.511918067932129
155,CC(C)c1cccc(CNCC2CC3(O)C(=O)CCCCN4C(=C4C=C3c3ccccc3)C=C(C(C)(C)C)O2)c1,4.343099,6.697653293609619
156,CN1C(=O)C(c2ccccc2)(c2cccc(-c3nc(F)cnc3F)c2)N=C1N,4.8351684,7.4538421630859375
157,CCC1(NC(C)=O)CCN(C(CCc2cc(F)cc(F)c2)C(=O)NC(Cc2cc(F)cc(F)c2)C(O)c2ccccc2CC2CCC2)C1=O,5.092538,6.489161014556885
158,COc1ccc(C2(c3cccc(-c4ccnc(OCl)c4)c3)N=C(N)N(C)C2=O)cc1,8.314318,5.6919145584106445
159,COc1cccc(C2(c3cccc(-c4cccnc4F)c3)N=C2N)c1,4.761241,7.116485595703125
160,CN1C(=O)C(F)(c2ccc(NC(=O)c3ccc(Cl)cn3)cc2F)N=C1N,6.2028027,7.249800205230713
161,CC(C)Oc1cccc(CNC2CS(=O)(=O)CC(NCc3cccc(C(C)(C)C)c3)C2O)c1,5.8716803,4.522959232330322
162,CC(=O)NC(Cc1ccccc1)C(O)CNC1CCCCc2ccccc2C(C(=O)NC(C)c2ccc(F)cc2)CC1,6.0811143,6.708248615264893
163,CN1C(=O)C2(C=C(F)C=C(F)C=C2c2cccc(OC(C)(C)C)c2)N=C1N,8.346948,6.086219787597656
164,CN1C2(CCN(C(Cc3ccccc3)C(=O)NCO)CC2c2ccc(F)cc2)CNS1(=O)=O,5.8871145,4.272383213043213
165,CNCC(C(O)CNC1CCC1)C(Cc1ccccc1)NC(=O)c1cc(C(=O)NC(C)c2ccccc2)cc(N(c2ccccc2)S(C)(=O)=O)c1,6.723118,5.872608661651611
166,FC(F)(F)c1ccccc1,6.707297,5.330702781677246
167,CC(=O)NC(Cc1cc(F)cc(F)c1)C(O)CNC1(c2nc(CC(C)(C)C)no2)CCC1,7.675921,4.966256141662598
168,CC(Cc1cc(F)cc(F)c1)NC(=O)C(O)CNC1CC2(CCC2)Oc2ncc(CC(C)(C)C)cc21,5.657032,7.852686882019043
169,CC(C)(C)c1cccc(CNC2CS(=O)(=O)CC(Cc3cc(F)c(N)c(F)c3)C2O)c1,5.604376,5.428532123565674
170,COc1ccc(C2(c3ccc(-c4cncnc4)cc3)N=C(N)N(C)C2=O)cc1OC,5.0517664,7.552453994750977
171,CC(=O)NC(Cc1ccccc1)C(=O)CNC(O)C1CCCCC1,6.827498,8.298783302307129
172,CC1(c2ccc(NC(=O)c3ccc(F)cn3)cc2F)N=C(N)OCC1(F)F,7.301114,7.526708602905273
173,CCN=C1C2=C(C=C(C(=O)N[C@@H](Cc3ccccc3)[C@@H](O)CNCc3cccc(OC)c3)C2)N1[SH](C)CCN1CCCCS1(=O)=O,5.901124,8.220501899719238
174,COc1cccc(-c2ccccc2[C@@]2(c3ccncc3)N=C(N)N(C)C2=O)c1,7.066618,7.154476642608643
175,CCOc1ccc(CNCC(O)C(C)NC(=O)C2=CC(c3cc(F)cc(F)c3)NC(=O)C(C(=O)N=C(C(=O)NC(C)C)c3ccccc3)CC(N(C)S(C)(=O)=O)=C2)cc1,8.005678,8.272357940673828
176,COc1cccc([C@]2(c3cccc(-c4ccsc4)c3)N=C(N)N(C)C2=O)c1,7.886287,4.983846187591553
177,COc1ccc(-c2ccc(C3(C)N=C(N)N(C)C3O)cc2)cc1,4.6023664,5.665579319000244
178,CCCCOc1cc(CC2CS(=O)(=O)CC(NCc3cccc(C(C)(C)C)c3)C2O)cc(F)c1N,6.664224,6.735390663146973
179,Cc1cc(C2(c3ccccc3-c3ccncc3)N=C(N)N(C)C2=O)cc(C)n1,7.262473,6.970993041992188
180,CN1C(=O)C(Oc2cccc(F)c2)(c2cccc(-c3cncnc3)c2)CN=C1N,6.5882416,4.691931247711182
181,O=S1(=O)N(c2ccc(C(O)CCc3ccccc3)cc2)CN1C1CCCCC1,6.5524817,3.872216701507568
182,COc1ccc(-c2cccc(Cc3ccncn3)c2)cc1,6.3538613,4.9377946853637695
183,CC(C)c1cccc(CNCC(O)CC2CS(=O)(=O)CC(c3cccc(C(C)C)c3)N2)c1,7.5532618,3.11392879486084
184,CN1C(=O)C(c2ccnc(C(F)F)c2)(c2cc(F)ccc2-c2ccncc2)N=C1N,6.0927873,7.083439826965332
185,CC(=O)NC(c1cc(F)cc(F)c1)C(O)CNC1(c2cccc(C(C)(C)C)c2)CCCCN1,4.8096437,6.7423834800720215
186,COc1ccc(C2(c3ccc(-c4ccnc(F)c4)cc3)N=C(C)C(=N)N2)cc1OC,5.1578546,5.914240837097168
187,CCCOc1cc(CC2CS(=O)(=O)CC(NCc3ccc(C(C)(C)C)cc3)C2O)cc(F)c1N,6.9239707,7.993460178375244
188,CN1C(=O)C(C2=CC(Cl)=C2)(c2cccc(-c3cncnc3)c2)N=C1N,5.3742642,8.24635124206543
189,CCC1(C)CC(O)C(NCc2cccc(C(C)C)c2)CS(=O)(=O)C1,5.1274624,4.963024616241455
190,CCn1cc2c3c(cc(C(=O)NC4CCCC4O)cc31)N(C)S(=O)(=O)CC2,6.912681,6.21137809753418
191,CC(=O)N[C@@H](Cc1ccccc1)[C@@H](O)CNC1(c2ccn(CC(C)(C)C)c2)CCCC1,6.6027822,6.833808422088623
192,CC(NC(=O)CC(O)C(C)C(Cc1cccc(F)c1)NC(=O)c1cc(N)cc(N(C)S(C)(=O)=O)c1)c1ccccc1,3.8475595,5.88883113861084
193,CCC(C)C(NC(C)=O)C(C(=O)NCc1ccccn1)N(CC(C)C)C(O)C1CCCC1,6.5798655,5.468629360198975
194,COc1cccc(-c2cccc(C3(CC(C)(C)C)N=C(N)N(C)C3=O)c2)c1,7.738189,7.705780029296875
195,CC(=O)NC(Cc1cc(F)cc(F)c1)CC(O)NC1(c2cc(CC(C)(C)C)cs2)CCCC1,8.115102,4.833251476287842
196,CN1C(=O)C(c2ccc(-c3cncnc3)cc2)(c2cnn(CCF)c2)N=C1N,5.770068,8.251009941101074
197,CC(C)(C)Cc1ccc2c(c1)C(NC(CO)CCc1cscc1-c1nccs1)CC1(CCC1)O2,8.286745,5.998730182647705
198,CC(O)C(=O)NC(NC(c1cc(F)cc(F)c1)C(C)(C)C)C(O)CCNC1(c2cnn(CC(C)(C)C)c2)CCC1,7.776398,8.495065689086914
199,CCCN(CCC)C(=O)c1cc(-c2cc(CC)cc(CNCC(O)C(Cc3cc(F)cc(F)c3)NC(C)=O)c2)cc(C(C)C)c1,6.474833,5.628110408782959
200,CC(=O)NC(Cc1cc(F)cc(F)c1)C(O)CCNC1(c2ccc(C(C)(C)C)cc2)CCCC1,7.368376,5.801411151885986
201,CCOc1ccc(CC2CS(=O)CC(NCc3cccc(C(C)(C)C)c3)C2O)cc1O,8.153698,5.835694789886475
202,CN1C(=O)[C@](c2ccc(-c3ccncn3)cc2)(c2cccc(F)c2)N=C1N,7.1323404,7.03418493270874
203,CC(=O)NC(Cc1cc(F)cc(F)c1)[C@H](O)CNC1(c2cccc(C(C)(C)C)c2)CC1,4.865088,7.137124061584473
204,CC#Cc1cc(F)cc(C2(c3ccc(-c4cncnc4)cc3)N=C(N)N(C)C2=O)c1,6.985239,6.847106456756592
205,CCCN(CCC)C(=O)c1ccc(C(C(=O)NC(Cc2ccccc2)C(N)=O)c2cc(F)cc(F)c2)nc1,6.0528016,7.391436100006103
206,CCCOc1cc(OC)cc(-c2cccc(C3(c4cnn(C(C)C)c4)N=C(N)c4cnccc43)c2)c1,6.720339,5.757811069488525
207,CC1(C)Cc2cc(Cl)ccc2C(=NC(Cl)C(O)Cc2ccc(F)cc2F)N1,5.0996695,6.841784954071045
208,CCCOc1cccc(C(NC(C)=O)c2cccc(C3CC3c3cccc(-c4cccnc4F)c3)c2)c1,2.7687159,5.957485198974609
209,CC1(c2ccc(C(=O)Nc3ccc(F)c(F)c3)cn2)N=C(N)OC1(F)F,6.6564837,6.463260173797607
210,CC(C)(C)c1ccc2c(c1)C(NCOC(C(F)(F)F)C(F)(F)F)S(=O)(=O)CC(Cc1cc(N)cc(F)c1)C(O)CC2,7.575309,5.315465927124023
211,CN1C(=O)C(c2cnnnc2)(c2ccccc2-c2ccccc2Cl)N=C1N,4.373577,5.439450263977051
212,CN1C(=O)C(c2ccc(Cl)cc2)(c2ccc(-c3cccnc3F)cc2)N=C1N,6.574121,6.9913740158081055
213,CC(=O)C[C@H]1C(C(C)=O)=C(C)N(CC(=O)OC(C)C)C(C)=C1C(=O)N[C@@H]([C@H](O)CNC1CC1)[C@@H](C)CCO,8.236233,3.308906078338623
214,CN1c2cc(C(=O)NC(Cc3ccccc3)C(O)CNCc3cccc(C(F)(F)F)c3)cc(N3CCCC3=O)c2CCCS1(=O)=O,7.670438,8.806100845336914
215,CN1C(=O)C(c2cncc(-c3cccnc3F)c2)(C(C)(C)C)N=C1N,6.6199274,8.854608535766602
216,CC(C)(C)c1cccc(CNC2CS(=O)(=O)CC2O)c1,5.0323863,6.024653911590576
217,CC(=O)NC(Cc1ccccc1)CC(O)CNC(C)C(=O)NC1(c2cccc(C(C)(C)C)c2)CC1,6.5558996,3.245866060256958
218,CC1(C)CC2(COC(=N)N2)c2ccc(-c3cccc(Cl)c3)cc2O1,5.97052,4.818655490875244
219,CC1(c2cc(NC(=O)c3cc(F)ccn3)ccc2F)N=C(N)OCC1(F)F,6.7647653,7.365805625915527
220,CCCOc1cccc(C2(c3ccc(-c4ncccc4Cl)cc3)COC(=N)N2)c1,7.6841464,4.252627372741699
221,COc1cccc(C2(NC[C@@H](O)C(Cc3ccc(F)c(F)c3)NC(=O)c3cc(C)cc(N(C)S(C)(=O)=O)c3)CC2)c1,7.6935234,5.924020767211914
222,CC(C)(C)c1ccc(CNC2CS(=O)(=O)CC(Cc3ccc(N)c(F)c3)C2O)cc1,4.913166,6.115044116973877
223,CCCc1ccc(CC2CS(=O)(=O)CC(NCc3cccc(C(C)(C)C)c3)C2O)c(N)c1F,6.133412,5.021909713745117
224,Cc1cncc(C2(c3cccc(-c4cccnc4)c3)N=C(N)N3CCCN=C32)c1,3.7084494,7.259921073913574
225,CC(C)(C)c1cccc(CNC2CS(=O)(=O)CCC2Cc2ccccc2O)c1,6.392543,6.820123672485352
226,COc1cccc(CNCC(O)C(Cc2cc(F)cc(F)c2)NC(=O)c2cccc(N(c3ccccc3)S(C)(=O)=O)c2)c1,7.2050924,6.260183334350586
227,COc1ccc(C2=NC(C)(c3ccc(-c4cncnc4)cc3)N=C2N)cc1,4.0959387,4.794894218444824
228,COc1cccc(C2(c3cccc(-c4ccncc4)c3)N=C(N)N3CCN=C32)c1,6.3927655,7.626467704772949
229,CN1C(=O)C(c2ccc(-c3cccnc3F)cc2)(c2ccn(C)n2)N=C1N,6.8871655,6.553881645202637
230,COc1cccc(CNCC(O)C(Cc2cc(F)cc(F)c2)NC(=O)c2cc3cc(c2)N(C(C)(C)C)S(=O)(=O)CCC3)c1,7.197566,6.842105388641357
231,CC(=O)NC(Cc1cc(F)cc(F)c1)C(O)CNC1(c2cc(C(C)(C)C)cs2)CCCCCC1,5.9114943,5.322518825531006
232,Nc1nc(C2CCCCC2)c(O)n1Cc1ccccc1,6.308132,4.017529010772705
233,CC(=O)NC(Cc1ccc(F)cc1)C(O)CNC1(c2ccsn2)CCCCC1,7.1693296,4.24471378326416
234,Cn1c(N)nc(CC(=O)CCCc2ccccc2)cc1=O,5.147894,4.647738933563232
235,COc1cc(F)cc(N2CCC(C3(c4ccc(-c5cccnc5F)cc4)N=C(N)N(C)C3=O)C2)c1,4.249697,9.82779026031494
236,Cn1c(N)nc(C2CC2C2=CC=CC=CC(c3ccccc3)=C2)cc1=O,5.829179,4.094021320343018
237,COc1cccc(CC(NC(=O)C(C)C)C(O)CNC2CC3(CCC3)Oc3ncc(CC(C)(C)C)cc32)c1,7.0924573,7.927530765533447
238,CCCN(CCC)C(=O)c1cc(COC)cc(C(=O)NC(Cc2cc(F)cc(F)c2)C(O)CNCc2cccc(OC)c2)c1,5.6206512,8.43722152709961
239,CCN1CCC1NC(=O)c1ncc(C(=N)NC(Cc2ccccc2)c2cccc(OC)c2)cc1Cl,7.8591037,5.989573955535889
240,CNc1cc(CO/N=C(/C)c2cc(C(=O)N[C@@H](O)Cc3cc(F)cc(F)c3)cc(N(C)S(C)(=O)=O)c2)cc(C(=O)N[C@@H](C)Cc2ccccc2)c1,7.502585,7.4512810707092285
241,CC(=O)NC(Cc1cc(F)cc(F)c1)C(O)CNC1(c2ccc(CC(C)(C)C)s2)CCCC1,4.016547,7.177756309509277
242,CC1(c2ccc(NC(=O)c3ccc(Cl)cn3)cc2)COC(=N)N1,6.7907643,4.906209945678711
243,COc1ccc(-c2ccc(-c3cccnc3)c(C3(C)N=C(N)N(C)C3=O)c2)cc1F,5.1391096,7.957207679748535
244,CC(CC(=O)NC(C)c1ccccc1)c1cc(C(=O)NCC(O)CNCc2cccc(C(F)(F)F)c2)cc(N(C)S(C)(=O)=O)c1,6.987542,6.085196495056152
245,CN1C(=O)C(c2cccc(-c3ccnc(Cl)c3)c2)(c2ccccc2F)N=C1N,7.8987174,5.144073009490967
246,CC(=O)NC(Cc1cccc(F)c1)C(O)CNC1(c2cccc(C(C)(C)C)c2)CCCCCC1,8.171137,5.820483684539795
247,COc1ccc(-c2ccc3cc(C4(F)COCC(=N)N4)ccc3c2)cc1Cl,7.413088,8.217981338500977
248,CC(=O)N[C@H](Cc1cc(F)cc(F)c1)[C@H](O)CNC1CCCCC1,2.9612012,5.851520538330078
249,COc1ccc(C2(c3ccc(-c4cncnc4)cc3)N=C(N)CN3CCCN=C32)cc1,7.4634414,6.152761459350586
250,COc1cccc(-c2cccc(C3(C(=O)N4CCCCC4C)CCNCC3)c2)c1,6.249303,4.47549295425415
251,CCc1cn2c3c(cc(C(=O)NC=O)cc13)N(C)S(O)(C(=O)N[C@@H](Cc1ccccc1)[C@H](O)CNCC1CC1)C2,6.8194914,7.4471259117126465
252,CC1=NC(C)(c2cc(C)cc(NC(=O)c3cccnc3)c2)N=C1N,4.949669,6.433123588562012
253,CC(=O)c1cc(C(=O)N[C@@H](O)[C@@H]2CNCCCCCOc3ccc2cc3)cc(N(c2ccccc2)S(C)(=O)=O)c1,8.022593,6.7423505783081055
254,CC(C)CCn1cc(C2(c3cccc(-c4cncnc4)c3)N=C(N)C2N)cn1,5.418771,8.144824028015137
255,CCC(C)C1C(=O)N2CCC1(NC(C)=O)C(=O)C(C(C)C)CNC(CC1CCCC1)C(O)C(Cc1cc(F)cc(F)c1)NC(=O)C2C,8.000403,6.426074028015137
256,COCC1(C)CS(=O)(=O)CCC(O)[C@H]1Cc1cc(N)c(F)c(F)c1,7.134827,7.122058868408203
257,CC(O)C(Cc1cc(F)cc(F)c1)NC(=O)C1CC2(CCC2)Oc2nccc(CC(C)(C)C)c21,5.9631634,7.638601303100586
258,COCC(=O)NC1CC2(CCC2)c2ccc(-c3ccccc3OC)cc21,9.40412,7.138872146606445
259,CC(=O)NCC(Cc1cc(F)cc(F)c1)C(O)CNC1(c2cccc(C(C)(C)C)c2)CCCC1,5.694984,6.400763034820557
260,CC(=O)NC(Cc1cc(F)cc(F)c1)C(O)CNC1(c2ccc(C(C)(C)C)cc2)CC1,4.810261,6.452629089355469
261,COc1cc(F)cc(C(=O)Nc2ccc(F)c(C3(C)N=C(C)C(=N)N3)c2)c1,7.108591,5.274071216583252
262,CCCN(CCC)C(=O)c1cc(O)cc(C2CC[C@@H]([C@H](O)[C@H](Cc3cc(F)cc(F)c3)NC(C)=O)N2)c1,3.6245205,8.491589546203613
263,CCCN(CCC)C(=O)c1cc(C(=O)NC(Cc2cc(F)cc(F)c2)Cc2cc(F)cc(F)c2)cc(C(O)CNCc2cccc(OC)c2)n1,6.730818,8.745887756347656
264,CC(=O)Nc1cccc(CC(NC(=O)c2cc(N3CCCC3=O)cc(N3CCCCS3(=O)=O)c2)C(O)CNCc2cccc(C(F)(F)F)c2)c1,5.4970512,7.797621250152588
265,CN1C(=O)[C@](c2ccncc2)(c2cccc(-c3cncnc3)c2)N=C1N,7.9199862,5.571099281311035
266,COc1ccc([C@@]2(c3ccc(-c4cncnc4)c(F)c3)N=C(C)C(=N)N2)cc1,4.6212797,5.147642612457275
267,NC1=NC(c2ccccc2)(c2ccccc2)C(=O)N1CCCNC1CCCCC1,3.2339828,5.543968200683594
268,CC(C)NC(Cc1cc(F)cc(F)c1)C(O)CNC1(c2cccc(C(C)(C)C)c2)CCCC1,9.575926,6.092512130737305
269,CC1(c2ccc(-c3cccc(-c4cccnc4)c3)c(C#N)c2)COC(=N)N1,3.89086,6.280057907104492
270,CC(C)(C)c1cccc(CNC2CS(=O)(=O)CC(Cc3cccc(N)c3)C2O)c1,6.772027,5.822312831878662
271,Cc1ccc(C2(c3cccc(-c4cncnc4)c3)N=C(N)N(C)C2=O)cc1C,7.496923,7.985222816467285
272,Cc1ncccc1C1(c2ccccc2-c2ccncc2)N=C(N)N(C)C1=O,5.0215607,7.090614795684815
273,Cc1cc(C2(c3cccc(-c4cncnc4)c3)CCC(=O)N(C)C(N)=N2)cc(C)c1C,7.207466,5.161136627197266
274,CC(=O)NC(Cc1cc(F)cc(F)c1)C(O)CNC1(c2ccc(CC(C)C)cn2)CC1,7.403193,6.229976177215576
275,CC(C)(C)Cc1cnc2c(c1)C(NCC(O)C(Cc1cc(F)cc(F)c1)NC=O)CC1(CCC1)O2,4.1376467,6.800297737121582
276,COc1cc(C(=O)NC(C)c2ccccc2)cc(C(=O)NC2C=CC(N(C)S(C)(=O)=O)=CCC2C(=O)NC(=O)C(CO)=NC(C)c2ccccc2)c1,6.7456174,5.430953502655029
277,COc1cccc(C2(c3cccc(-c4cccc(Cl)c4)c3)N=C(N)C2=O)c1,6.510225,5.754745006561279
278,CN1C(=O)[C@](c2ccncc2)(c2cccc(-c3ccncc3)c2)N=C1N,5.8850737,7.277883529663086
279,CC(=O)NC(Cc1cc(F)cc(F)c1)C(O)NC1(c2ncc(CC(C)(C)C)s2)CCC1,7.743957,8.500716209411621
280,CCCN(CCC)C(=O)c1cc(C(=O)NC(CO)Cc2cc(F)cc(F)c2)cc(N(C)S(C)(=O)=O)c1,6.471466,4.290728092193604
281,CC(C)c1ccnc(C(=O)Nc2ccc(C3NCCC3C3CCCC3)cc2)c1,4.313153,3.616931676864624
282,COc1ccnc(C(=O)Nc2ccc(F)c([C@@]3(CF)CN(N)CC(C)=N3)c2)c1,5.0737486,7.884986400604248
283,CN1C(=O)C(Cc2cccc(-c3ccccc3F)c2)(c2cnn(C)n2)N=C1N,8.131945,5.53016471862793
284,COc1ccc(C2(c3cccc(-c4cncnc4)c3)N=C(N)N2C)cc1OC,8.073805,6.674975395202637
285,CN1C(=O)C(c2ccc(-c3ccncc3)cc2)(c2cnn(CCC(C)(C)C)c2)N=C1N,7.023396,6.389291763305664
286,CC(C(=O)Nc1ccccc1)C(=O)N[C@H](Cc1ccccc1)[C@H](O)CNC1(c2cccc(C(C)(C)C)c2)CCCC1,6.597946,5.929323673248291
287,COc1cccc(CNCC(OC)C(c2ccc(-c3cccc(OC)c3)cc2)N2C(=O)C(N)CC2C)c1,7.1055903,5.311718940734863
288,CC(=O)NC(Cc1cc(F)ccc1C)C(O)CNC1(c2ccc(C(C)(C)C)cc2)CCCC1,7.029381,5.84153413772583
289,CC(C)(C)c1ccc(CNC2CS(=O)(=O)CC(Cc3cc(N)c(O)c(O)c3)C2O)cc1,6.4601,6.221647262573242
290,CCC(O)c1cc(C(=O)N[C@H]([C@H](O)CNCc2ccc(OC)c(F)c2)[C@H](Cc2ccccc2)NC(=O)c2ccccc2)cc(N(C)S(C)(=O)=O)c1,5.277627,6.957787036895752
291,CCCCCOC(=O)c1cc(C(=O)NC(Cc2cc(F)cc(F)c2)C(O)CNCc2cccc(OC)c2)cc(N(C)S(C)(=O)=O)c1,7.289996,7.151339530944824
292,CC1(c2ccc(NC(=O)c3ccc(C#N)cn3)cc2F)N=C(N)OCC1(F)F,7.1068664,7.523655414581299
293,CC(C)(CC1(C(=O)N2N=C2N)CC1)Oc1cccc(-c2cccc(Cl)c2)c1,7.0487604,6.84970235824585
294,Cc1cc([C@@](C)(N=C(N)N2CCCC2=O)c2cccc(-c3cncnc3)c2)cn1C,4.36942,6.69847297668457
295,CC(=O)NC(c1cccc(F)c1)C(NC(C)=O)C(O)CNC1(c2ccc(C(C)(C)C)o2)CCC1,7.807377,4.507857322692871
296,CN1C(=O)C(C)(c2ccc(NC(=O)c3cn(C)cc3Cl)cc2F)N=C1N,5.44186,7.892604351043701
297,Nc1cc(CC2CS(=O)(=O)CC(NCc3ccc(O)cc3)C2O)cc(OC(O)C(F)(F)F)c1F,7.0975194,6.405851364135742
298,CCCCOc1ccc(C2(c3cccc(-c4cncnc4)c3)N=C(N)N(C)C2=O)cc1OC,7.114707,8.039448738098145
299,CCCCN(C)C(=O)C(COCc1ccc(F)cc1)NC(=O)c1cn(C(N)=O)c2ccccc12,5.096098,6.424887180328369
300,COc1cccc(CNCC(O)C(Cc2ccccc2)NC(=O)c2cc(N(C)S(C)(=O)=O)ccc2C(=O)NC(C)c2ccccc2)c1,5.7490444,7.140381336212158
301,CN1C(=O)C2(C=C(c3cccc(Cl)c3)C=Cc3cccc(OC(F)(F)F)c32)N=C1N,8.211865,5.317695140838623
302,CC(C)c1cccc(CNC2CS(=O)CC(Cc3ccc(F)cc3)C2O)c1,4.4068413,6.1333537101745605
303,O=C(NC(Cc1ccccc1)CN(C(=O)C1CCCCC1)c1ccccc1)C1CCCNC1,6.1587205,5.014633655548096
304,CC(F)(F)Oc1cc(N)c(F)cc1CC1CS(=O)(=O)CC(NCc2cccc(C(C)(C)C)c2)C1O,6.094035,7.940490245819092
305,COc1cccc(COC2CNC(C(O)C(Cc3cc(F)cc(F)c3)NC(=O)C(C)N3C(=O)C3N)C2)c1,6.2648606,6.635524749755859
306,CC(C)(C)c1cccc2c1CN[C@H]([C@@H](O)C(Cc1cc(F)cc(F)c1)NC(=O)CC1CCC1)C2,5.9055243,6.730534553527832
307,COc1cccc(-c2cccc(C3(C4CCCCC4)N=C(N)N(C)C3=O)c2)c1,6.0375113,5.010941982269287
308,CC1(C)c2ccc(NC(=O)c3ccc(Cl)cn3)cc2N=C(N)OCC1(F)F,7.574172,7.49272346496582
309,COCC(Cc1cc(F)cc(F)c1)NC(=O)c1cc(C(=O)NC(Cc2ccccc2)C(O)CNC2CCC2)cc(N(C)S(C)(=O)=O)c1,4.7249174,5.866369724273682
310,CC(C)NC(=O)C1=C[C@@H]2CC3(CCCC3)Oc3ncc(CC(C)(C)C)cc3C2=C1,7.695801,7.960623264312744
311,COc1cccc(C2(c3cccc(-c4cncnc4)c3)N=C(N)N(C)c3ccc2cc3)c1,5.411981,5.592885971069336
312,CC(C)(C)c1ccc(CNC2CS(=O)(=O)CC(Cc3cc(OC(CO)C(F)(F)F)ccc3F)C2O)cc1,6.6857686,5.002008438110352
313,CN1C(=O)C(c2ccc(C(F)(F)F)nc2)(c2cccc(-c3cncnc3)c2)N=C1N,7.0006537,5.382875442504883
314,COC1=CC(OCC(NC(=O)C(O)CC(COCc2cc(F)cc(F)c2)OC)c2cc(C(=O)NC(Cc3ccccc3F)OC)cc(N(C)S(C)(=O)=O)c2)=CC1=O,5.3037267,5.25590705871582
315,CC(C)(C)c1cccc(NC(=O)C(Cc2ccccc2)[C@H](O)CNC2CC2)c1,4.0699883,6.452348709106445
316,CN1C(=O)C(c2ccncc2)(c2cccc(-c3cccc(Cl)c3)c2)N=C1N,6.681365,7.066390037536621
317,CS(=O)(=O)N(c1ccc(F)cc1)c1ccc(C(=O)NC(C(=O)NCCc2ccccc2)[C@H](O)CNC2CC2)cc1,6.4579673,5.504566192626953
318,COc1cccc(-c2cccc(C3(C4CCCCC4)N=C(N)N4CCCN=C43)c2)c1,6.4438887,7.988149166107178
319,CCCN(CCC)C(=O)c1cc(C(=O)N[C@H](Cc2cc(F)cc(F)c2)Oc2ccc(F)cc2F)cc([C@H](O)CNCc2cccc(OC)c2)c1,6.9396477,6.634935855865479
320,CCn1cc(C2(c3cccc(-c4ccccc4F)c3)N=C(N)N(C)C2=O)cn1,7.249049,5.77981424331665
321,CC(=O)NC(O)CNC(C)C1=CC(=Cc2ccccc2)C(=O)NCNC(C2CCCCCC2)CC(=O)C1,6.3130674,3.11392879486084
322,Cc1cc(C2(c3ccc(-c4cncnc4)cc3)CN(C)C(N)=N2)cs1,6.5350103,5.510305404663086
323,COc1cccc(-c2ccc(C3(C4CCCCC4)CC(=O)N(C)C(N)=N3)cc2)n1,5.9121046,6.085506916046143
324,CC(C)c1cccc(CNC2CS(=O)(=O)CC(Cc3cc(O)cc(Br)c3)C2O)c1,5.625804,5.010594844818115
325,COc1ccc(C2(c3ccc(-c4ccccn4)cc3)N=C(N)N(C)C2=O)cc1OC,7.6310983,5.666083335876465
326,CCC1(c2cccc(-c3cccnc3)c2)N=C(N)N(C)C1=O,4.170514,5.125119686126709
327,CC1(Cc2ccc(F)c(NC(=O)c3ccc(C#N)cn3)c2)CCC(=N)N1,8.580935,4.820780277252197
328,CC(C)(C)c1ccc(-c2ccc3[nH]c(N)nc3c2)cc1,5.8922553,4.038362503051758
329,CC(=O)NC(Cc1ccc(C)cc1)C(O)CNC1(c2cccc(C(C)(C)C)c2)CCCC1,6.376345,4.885654926300049
330,C[C@]1(c2cccc(NC(=O)c3ccc(Cl)cn3)c2)N=C(N)O[C@@H](F)N1,7.034854,6.63373327255249
331,COc1ccc2c(c1)C(NC[C@@H](O)[C@H](Cc1cc(F)cc(F)c1)NC(C)=O)CCC1(CCC1)O2,5.5672746,7.268648147583008
332,CC(=O)NC(Cc1ccc(F)cc1F)C(O)CNC1(c2cccc(C(C)(C)C)c2)CCCC1,8.2518215,8.34230899810791
333,COc1ccc(C2(c3cccc(-c4cccc(C#N)c4)c3)N=C(N)C(=O)N2C)cc1C,7.6389966,8.47763442993164
334,COc1ccc(C(Cc2cc(F)cc(F)c2)NCC(O)C(C)NC(=O)c2ccc3c(c2)C(=O)NC(S(C)(=O)=O)CC(C)=CC=C3)cc1,6.3839965,4.516838550567627
335,COc1ccc(C2(c3cc(F)ccc3-c3cccnc3)N=C(N)N(C)C2=O)cc1,6.386167,7.439233303070068
336,CC(C)(C)Cc1cccc(CNC2CS(=O)(=O)CC(Cc3ccc(N)c(Br)c3)C2O)c1,5.9341288,4.645344734191895
337,CCCC1(c2cccc(NC(=O)c3cc(Cl)cc(-c4cncnc4)c3)c2)N=C(C)C1=O,8.77769,5.340525627136231
338,CC(=O)NC(Cc1ccccc1)C(O)CNC1(c2cc(C(C)(C)C)cs2)CCCC1,3.3968642,5.630658149719238
339,CC(C)(C)CNC(=O)C1Cn2c(-c3cc(F)cc(Cl)c3)cc1c2N,7.724192,5.913071632385254
340,COc1ccnc(-c2ccccc2C2(c3ccncc3)N=C(N)N(C)C2=O)c1,8.508917,8.082077980041504
341,CCn1cc(C2(c3cccc(-c4cccc(OC)c4)c3)N=C(N)c3cc(C)ncc32)cn1,4.870165,8.03791618347168
342,CC(C)(C)c1cc(CNC2C[SH](C=O)CC2Cc2cc(F)cc(OC(N)C(F)(F)F)c2)ccn1,5.316486,6.59536600112915
343,CCCN(CCC)C(=O)c1cc(C(=O)NC(Cc2ccccc2)C(O)CNC2CCCCC2)cc(C(F)(F)F)c1,6.032497,8.01323127746582
344,CCS(=O)(=O)N(C)c1cccc(C(=O)NC(Cc2ccccc2)C(O)CNCc2cccc(C(F)(F)F)c2)c1,4.699793,5.119000911712647
345,C#Cc1ccc(CC(NC(C)=O)C(O)CNC2CC3(CCCC3)Oc3ncc(CC(C)(C)C)cc32)cc1,7.938338,6.973672389984131
346,COc1ccc(CNC[C@@H](O)[C@H](Cc2ccccc2)NC(=O)c2cc(C(=O)N(c3ccccc3)S(C)(=O)=O)cc(N(C)C)c2)cc1,7.284615,5.632930278778076
347,N#Cc1ccc(C2(c3ccc(-c4cncnc4)cc3)N=C(N)CS2)cc1,3.8589644,6.6456217765808105
348,C/C(=N/OCC(C)C)c1cc(C(=O)NC(Cc2cc(F)cc(F)c2)C(O)CNCc2cccc(C(C)C)c2)cc(N(C)S(C)(=O)=O)c1,7.7181497,7.382486820220947
349,CC(NC(=O)C(O)C(O)CNC1(c2cnn(CC(C)(C)C)c2)CCCCC1)c1cc(F)cc(F)c1,5.1147203,6.028764724731445
350,CC(=O)NC(Cc1cccc(F)c1)C(O)CNC1CC2(CCC2)Oc2nsc(CC(C)(C)C)c21,5.542038,9.213326454162598
351,CCc1ncc(Cc2cc3cc(-c4ccccc4C)ccc3nc2N)cc1C(F)(F)F,5.66321,5.69038200378418
352,CC(=O)NC(C(CCc1cc(F)cc(F)c1)NC(=O)C(O)C1CCC(OCc2ccccc2)CN1)N1CCCC1,8.412209,6.495577812194824
353,COCCC(=O)NC(Cc1cc(F)cc(F)c1)C(O)CNC1(c2cccc(C(C)(C)C)c2)CCC1,7.5977135,9.063409805297852
354,CCC(=O)C(=O)NC(=O)C1=CC(N(c2ccccc2)S(C)(=O)=O)=CC(C(C)C)COCC(COC)C(OC)C(=O)NC(C(=O)NCc2cccc(C(F)(F)F)c2)C1,5.0015965,9.838871955871582
355,CN1C(=O)C(c2ccc(F)cc2)(c2cccc(-c3ccncn3)c2)N=C1N,7.187473,5.633360385894775
356,COc1cccc(CC(O)CN=C2NC(C)(C)Cc3ccc(Cl)cc32)c1,5.8951054,8.707603454589844
357,CC(C)c1ccc(CNC(O)C2(Cc3ccccc3)CCC(=O)C2)cc1,4.9466734,6.167407989501953
358,Cn1c(N)cc(Cc2[nH]cnc2-c2ccc(-c3ccccc3Cl)cc2)cc1=O,5.929367,5.234389781951904
359,CCCCN(CCC)C(=O)c1cc(C)cc(C(=O)NC(Cc2cc(F)cc(Cc3cc(F)cc(F)c3)c2)C(O)CNCc2cccc(OC)c2)c1,7.41991,6.570549011230469
360,CC1(c2ccc(NC(=O)c3ccc(Cl)cn3)cc2)COCCC(=N)N1,6.4558816,4.221400737762451
361,CCCn1cc([C@]2(C)N=C(N)c3ccc(-c4cncnc4)cc3C2=O)cc1C,5.274538,8.420507431030273
362,CC(=O)NC(CCOC(=O)c1cc(C(=O)NC(C)c2ccccc2)cc(C(NCc2ccc(F)cc2)S(C)(=O)=O)c1)COc1ccc(F)cc1,6.1324544,3.785091161727905
363,COc1ccc(C2(c3cccc(-c4cncnc4)c3)C(=N)N(C)C(=O)c3ccc2cc3)cc1,7.859058,6.015476226806641
364,CCC1(C)c2ccc(Cl)cc2CC(C)(Cc2cccc(-c3cccnc3F)c2)N=C(N)N1C,6.262605,7.047535419464111
365,COc1ccc(-c2ccc(C#N)cc2)cc1[C@@]1(c2cccc(OC(F)F)c2)N=C(N)N(C)C1=O,4.8724704,5.75295352935791
366,N=C1NC(c2cccc(-c3cccc(Cl)c3)c2)(c2ccnc(C3CCC3)c2)CCO1,7.912124,4.969341278076172
367,CCn1cc(C2(c3cc(C)cc(-c4cncnc4)c3)N=C(N)N(C)C2=O)cn1,6.968357,7.084517955780029
368,CC(C)c1cccc(CNC(C)c2ccc(N3CCC34CNS(=O)(=O)N4c3cccc(F)c3)cc2)c1,6.9047422,5.831672668457031
369,COCC(=O)Nc1cc(F)cc(C2(C3CCC3O)CCCCC2)c1,5.8517847,5.239202976226807
370,CC(C)(C)c1cc(F)cc(CC2CS(=O)(=O)CC(NCc3cccc(OC(F)F)c3)C2O)c1,6.4528627,6.489432334899902
371,CC(=O)NC(Cc1ccccc1)C(O)CNC1CC2(CCCC2)Oc2ncc(CC(C)(C)C)cc21,7.6794643,6.366276264190674
372,COc1ccc(C2(c3ccc(-c4cccnc4)cc3)COC(=N)N2)cc1C,6.437838,6.219233512878418
373,CC(N)c1cccc(C(=O)NCc2ccc(N(c3ccccn3)S(C)(=O)=O)cc2)c1,5.0140157,3.11392879486084
374,CC(C)(C)c1ccc(CNC2C(=O)CS(=O)(=O)CCC2O)cc1,6.192873,7.026244640350342
375,COC(CNC(C)=O)Oc1cc(F)cc(CC(O)CNC2(c3cccc(C(C)(C)C)c3)CCCCC2)c1,4.626306,5.435269832611084
376,COc1ccccc1C(=O)NC(C(O)CNC1(c2cccc(C(C)(C)C)c2)CCCCCC1)N(c1ccc(F)cc1)S(C)(=O)=O,5.4823794,4.776181221008301
377,COc1cccc(CNC[C@@H](O)[C@H](Cc2cc(F)cc(F)c2)NC(=O)c2cc(/C(C)=N/OCC(C)C)cc(N(C)S(C)(=O)=O)c2)c1,6.4388914,5.909442901611328
378,CC(C)(Cc1ccccc1)NC1CS(=O)CC(Cc2cc(N)c(O)c(O)c2)C1O,8.791336,6.00664758682251
379,CC(=O)NC(Cc1cc(F)cc(F)c1)C(O)C(=O)NC1CCCCCC1,6.7371736,6.271782398223877
380,COc1cccc(CNCC(O)c2cc(F)cc(C(=O)NC(c3ccc(C)cc3)N(C)S(C)(=O)=O)c2)c1,7.336193,4.16412353515625
381,COc1ccccc1C1=CC=CC2=C(C=C1)C2(C1=NC(N)C(C)(C)C1)c1cccnc1,4.902499,6.82954216003418
382,COc1cccc(CNCC(O)C(Cc2ccccc2)NC(=O)N2C3=CC(=C3)C=C2C(=O)N(C)S(C)(=O)=O)n1,4.541791,5.809119701385498
383,COCCCOc1cc(CC2CS(=O)CC(NCc3cccc(C(C)(C)C)c3)C2O)cc(F)c1N,5.370673,5.542410373687744
384,COc1ccc(C2(c3ccc(-c4cncnc4)cc3)CCCC(=N)N2)cc1,7.8577957,4.780445575714111
385,CC(=O)N[C@@H](Cc1cc(F)cc(F)c1)[C@H](O)CNCNC1(c2ccc(C(C)(C)CF)cc2)CCCCC1,6.6747727,5.972436904907227
386,COc1cc(C(=O)Nc2cccc(C3(C)N=C(N)OC3(F)F)c2)ccc1-c1cccnc1F,7.172723,5.820774555206299
387,CN1C(=O)C(c2ccc(C(F)(F)F)nc2)(c2cccc(-c3cccnc3)c2)N=C1N,7.01799,6.702002048492432
388,CC(=O)N[C@@H](Cc1cc(F)cc(F)c1)[C@H](O)CNC1(c2ccccc2CC(C)(C)C)CCCCCC1,10.097425,5.622460842132568
389,CN1C(=O)C(c2cccnc2)(c2cccc(-c3ccncc3)c2)N=C1N,6.271839,8.681325912475586
390,CCc1cccc(CC(O)C2NCc3cc(C(C)C)cc(c3)C(NCc3cccc(C(C)C)c3)CS(=O)(=O)CC2=O)c1,6.6582885,6.665874481201172
391,CCOCC(=O)Nc1cc(O)cc(C2CNCC(C3(c4ccccc4)CCCC3)C2)c1,6.414179,6.07414436340332
392,CC(C)OC(=O)C1=C(C(=O)N[C@@H](Cc2ccccc2)[C@H](O)CNC2CC2)[C@@H](C)C[C@@H]1C(C(=O)O)C(C)C,5.308903,4.359346389770508
393,CC(=O)C(Cc1ccccc1)N=C1NC(C)(C)c2ccc(Cl)cc21,6.0209875,4.96527910232544
394,CC(C)(C)c1cccc(CNC2C[SH](Cc3cc(O)c(N)c(F)c3)CC(O)CC2=O)c1,6.0383086,7.412500858306885
395,NC1CCN1C(=O)c1cc(NC(Cc2ccccc2)C(=O)O)cc(C2CCCCC2)c1,6.8891487,6.435854911804199
396,CC(=O)c1cncc(-c2cccc(C3(N)CCCCCC3)c2)c1,3.6315281,4.940857887268066
397,NC1=NC(c2cccc(-c3cncnc3)c2)(c2cccc(Cl)c2F)C2=NCCCCN12,8.97547,7.380396842956543
398,CC(=O)N[C@@H](Cc1cc(N)c(F)c(F)c1)[C@H](O)[C@@H]1CCC(C)Cc2cc(cc(C(C)C)c2)CN1,6.9512544,6.770562648773193
399,COc1cc(F)cc(C(C)Nc2cc(C(=O)N[C@@H](Cc3ccccc3)[C@@H](O)Cc3ccccc3)cc(N(C)S(C)(=O)=O)c2)c1,8.613387,4.601276397705078
400,CN1C(=O)C(c2ccc(OC3CCC3)cc2)(c2cccc(-c3cncnc3)c2)N=C1N,7.2711787,6.113438606262207
401,CCCN(CCC)C(=O)c1cc(C(=O)NCC)cc(C(=O)N[C@@H](Cc2cc(F)cc(F)c2)[C@H](O)CNCc2cccc(OC)c2)c1,4.7685757,4.768198490142822
402,CC(=O)NC(Cc1cc(F)cc(F)c1)C1CC1(NCO)c1cccc(C(C)(C)C)c1,4.069172,5.921243190765381
403,Nc1c(F)cc(CC2CS(=O)(=O)CCC2N)cc1OC(C(F)(F)F)C(F)(F)F,5.930203,6.46795129776001
404,COc1cccc(-c2cccc3c2CCCCC32N=C(N)c3ccc(F)cc32)c1,5.284554,6.043282985687256
405,CN1C(=O)CC(C)(c2cccc(-c3cccnc3F)c2)N=C1N,4.840185,7.014461994171143
406,CCNc1cc(C(=O)NC(CO)Cc2ccccc2)cc(N(C)S(=O)(=O)c2ccccc2)c1,6.6047926,5.483654022216797
407,CC(NC(=O)c1cc(C(=O)N[C@@H](Cc2ccccc2)[C@@H](O)CNCC(F)(F)F)cc(N(C)S(C)(=O)=O)c1)c1ccccc1,6.165917,6.642014503479004
408,CC(C)(C)Cc1cccc(C2(NCC(O)C(Cc3cc(F)cc(F)c3)NC(=O)c3cccc(F)c3)CCCCC2)c1,7.15466,5.557009220123291
409,CCCN(CCC)C(=O)c1cc(C(=O)NC(=O)Cc2cc(F)cc(F)c2)cc(C(O)CNCc2ccccc2)c1,7.321064,4.078729152679443
410,CCC(C)C1CCC(CCNCC(O)C(Cc2cc(F)cc(F)c2)NC(C)=O)(c2cccc(C(C)(C)C)c2)N1,5.9732285,7.847176551818848
411,COc1ccc(-c2ccc(C3(N)N=C(C)N(C)C3=O)cc2C)cc1,7.6944914,4.97720193862915
412,CN1CC(c2cccc(OC(F)F)c2)(c2cccc(-c3cncnc3)c2)N=C1N,7.4377427,7.38810920715332
413,CC1(c2cc(NC(=O)c3ncc(Cl)cn3)ccc2F)COCC(=N)N1,6.9465256,7.677802085876465
414,CC1(c2cc(NC(=O)c3ccc(Cl)cn3)ccc2F)COC(=N)N1,3.828183,6.761075019836426
415,CCCN(CCC)C(=O)c1cc(Cc2cc(F)cc(F)c2)cc(C(=O)N[C@@H](Cc2ccccc2)[C@H](O)CNCc2cccc(OC)c2)c1,5.4802694,7.024392604827881
416,CN1C(=O)C(c2cccc(-c3cccnc3F)c2)(C2CCCCCC2)N=C1N,6.3178644,7.155511379241943
417,CC(NC(=O)c1cc(C(=O)NC(O)Cc2ccc(F)c(F)c2)cc(N(C)S(C)(=O)=O)c1)c1ccccc1,4.6124306,5.89830207824707
418,Nc1ccc2cc(-c3cc(F)cc(Cl)c3)ccc2n1,5.3138247,4.353334903717041
419,CC(C)(C)c1cccc(CNC2CS(=O)(=O)CC(Cc3cc(N)c(F)c(O)c3)C2O)c1,8.2144,6.269873142242432
420,CCC1=NC2=C1CC(C[C@@H](CC)NC(=O)C1C(Cc3cc(F)cc(F)c3)[C@H](N)CCS(=O)(=O)C[C@H]1O)=C2,5.0359306,8.968568801879883
421,Cc1cccc(-c2cccc(C3(CCC(N)=O)CN=C3N)c2)c1,6.1391244,3.689875602722168
422,CN1C(=O)[C@](c2cccc(OC(F)F)c2)(c2cccc(-c3ccncc3F)c2)N=C1N,7.5874214,6.913552284240723
423,CCNc1cccc(C(=O)N[C@@H](Cc2cc(F)cc(F)c2)[C@H](O)CNCc2cccc(OC)c2)c1,7.485186,8.352012634277344
424,CCOc1c(O[C@H]2CS(=O)(=O)C[C@H](NCc3cccc(C(C)C)c3)[C@@H]2OC(F)F)ccc(F)c1N,7.264684,6.727800369262695
425,COc1cccc(CNC[C@H](O)[C@H](Cc2cc(F)cc(F)c2)NC(=O)c2cccc(N3CCCC3=O)c2)c1,6.3604026,7.832945823669434
426,COc1cccc(CNC[C@H](O)[C@@H](Cc2ccc(F)cc2)NC(=O)c2cc(C(=O)NC(C)c3cc(F)cc(F)c3)cc(N(C)S(C)(=O)=O)c2)c1,5.171711,9.1898775100708
427,CC(C)(C)c1cccc(CNC2CS(=O)(=O)CC2(C)Cc2cc(OC(C(F)(F)F)C(F)(F)F)c(N)cc2F)c1,6.4476795,6.352279186248779
428,CC(C)c1cc(CC2CS(=O)(=O)CCC2O)cc(OC(F)(F)F)c1N,6.489953,4.420034408569336
429,CCCCOc1cc(CC2CS(=O)(=O)CC(Cc3ccc(N)c(OC)c3)C2O)cc(N)c1O,7.9561367,7.226234436035156
430,CC(C)(C)c1cccc(C2(NC[C@@H](O)[C@@H](Cc3cc(F)cc(F)c3)NC(=O)c3ccccc3)CC2)c1,7.2655244,4.945602416992188
431,C/C(=N/OCC(C)C)c1cc(C(=O)N[C@@H](Cc2ccccc2)[C@@H](O)CNCc2cc(C(F)(F)F)ccc2C)cc(N(c2ccccc2)S(C)(=O)=O)c1,7.8304377,8.299661636352539
432,CC1C(=O)N(C)CCOCCN1C1(c2ccc(-c3cccnc3)cc2)CC1,6.14679,5.616894245147705
433,CCCOc1cccc(C[C@H]2CS(=O)(=O)C[C@@H](NCc3cccc(C(C)C)c3)[C@@H]2O)c1,6.3420153,7.182431221008301
434,COCC(=O)NC(C)c1cccc(C2COCCCCNC(=O)c3ccccc3CC(C(O)CNCc3cccc(C(C)C)c3)N2)c1,6.0628786,6.65986967086792
435,CC1CC(O)C(NCc2cccc(C(C)(C)C)c2)CS(=O)(=O)C1,7.0308642,7.779754161834717
436,CC(=O)NC(Cc1cc(F)cc(F)c1)C(O)CNC1(c2cc(C(C)(C)C)cnn2)CCC1,5.438661,6.527214527130127
437,CCC1(C)C(NC(C)=O)COCCCCC(NC(C)=O)C1Cc1cc(F)cc(F)c1,6.923187,5.910924911499023
438,COc1ccc(C2(c3ccc(-c4ccncc4)cc3)N=C(N)N(C)C2=O)cc1F,7.4520645,8.314840316772461
439,CN1C(=O)[C@](c2cccnc2)(c2cccc(-c3cncnc3)c2)N=C1N,6.996479,6.621016025543213
440,CC(=O)NC(Cc1cccc(F)c1)C(O)CNC1(c2cc(CC(C)(C)C)cs2)CCCCC1,6.736296,6.469242095947266
441,CN1C(=O)C(CC2(C)CCC2)(c2ccc(-c3cncnc3)cc2)N=C1N,6.1445317,8.104963302612305
442,COc1ccc(CC2CS(=O)(=O)CC(NCc3cccc(C(C)C)c3)C2O)cc1F,6.9613223,5.804050445556641
443,CCc1cccc(C2(c3cncnc3)N=C(N)CCS2)c1,7.7387176,6.203526973724365
444,CC(C)(C)c1cccc(CNC2CS(=O)(=O)CC(Cc3cc(CC#CN)cc(C(F)(F)F)c3)C2O)c1,7.801609,8.080163955688477
445,COc1cccc(CNCC(O)C(Cc2ccccc2)NC(=O)c2cc(OC(C)C)cc(N(C)S(C)(=O)=O)c2)c1,4.9755907,5.92374849319458
446,CC(=O)N[C@@H](c1cc(F)cc(F)c1)[C@H](O)CNC1(c2cccc(C(C)(C)C)c2)CCC1,3.9965787,4.904675960540772
447,COCC(=O)NC(CCc1ccccc1)C(O)CNC1(c2cccc(C(C)(C)C)c2)CCCCC1,2.3415422,7.602570056915283
448,COc1ccc(-c2cccc(C3(c4ccnnc4)N=C(N)N(C)C3=O)c2)cc1,7.890195,7.372178077697754
449,COc1cccc(CNC[C@H](O)C2(C)CCc3ccccc3C(=NC(Cc3ccccc3)C(=O)O)N2)c1,7.4219775,4.720938205718994
450,CC1(c2ccc(-c3cncc(Cl)c3)cc2)N=C(N)CS1,5.9139576,4.788013935089111
451,CN1C(=O)C2(CC(C)(C)Oc3cc(-c4cccc(C#N)c4)cc2c3)N=C1N,6.153804,7.525821208953857
452,CCn1c(CC2CS(=O)(=O)CC(NCc3cccc(C(C)C)c3)C2O)nc(N)nc1=O,6.368251,5.111225605010986
453,COc1cccc(C2(c3ccc(-c4ccccc4Cl)cc3)N=C(N)N(C)C2=O)c1,6.2784123,5.911750316619873
454,COc1cc(F)cc(C2(c3cccc(-c4cnncn4)c3)N=C(N)N(C)C2=O)c1,5.8324113,7.817230224609375
455,O=S1CC(Cc2ccccc2)C(O)C(NCc2cccc(OC(F)(F)F)c2)C1,4.36392,5.923420429229736
456,COc1ccc(-c2cccc(C3(C)N=C(C)CC(=N)N3)c2)cc1,6.5371957,3.8339226245880127
457,CC1=NC(c2ccc(-c3ccc(Cl)cc3)cc2)(c2ccnc(C)c2)N=C1N,5.511969,7.850042343139648
458,CC1=N[C@](c2ccc(-c3cncnc3)cc2)(c2ccc(C)c(Cl)c2)N=C1N,4.628648,5.637424945831299
459,CC(=O)NC(Cc1cc(F)cc(F)c1)C(O)CNC1(c2cc(F)co2)CCCCC1,5.692637,5.556035041809082
460,COc1cccc(CNCC(O)C(Cc2cc(F)cc(F)c2)NC(=O)c2cc3ccc(c2=O)n3C(C)(C)C)c1,5.61782,7.567888259887695
461,COc1cccc(CNC[C@@H](O)[C@H](Cc2ccccc2)NC(=O)C2=CC(N(C)S(C)(=O)=O)=C2C(=O)N[C@@H](C)c2ccccc2)c1,7.5808434,6.413078308105469
462,N=C1NC(c2ccc(N)c(C3CC3)c2)(c2ccccc2-c2cncnc2)N=C1N,6.6280417,6.338813781738281
463,CC(=O)CNC(O)CNC1CC2(CCC2)Oc2ncc(CC(C)(C)C)cc21,7.3964443,8.502257347106934
464,COc1cccc(-c2cccc(C3N=C(N)N(C)C(=O)C34CCC4)c2)c1,6.4567523,6.239367485046387
465,COCc1cccc(C2(c3cccc(-c4ccc(OC)cc4)c3)CN(c3cccnc3)C(N)=N2)c1,4.8335304,6.19110918045044
466,N=C1NC2(c3cccc(-c4ccnc(F)c4)c3)COOC2O1,7.0235457,4.722166538238525
467,COCC(=O)NC(Cc1cccc(C#N)c1)C(O)CNC1(c2cccc(C(C)(C)C)c2)CC1,6.817408,6.759842395782471
468,N=C1NC(c2ccc(-c3cncnc3)cc2)(c2cccc(-c3cncnc3)c2)CO1,5.995846,7.34736442565918
469,CCc1cc(C2(c3cccc(-c4ccccc4)c3)CC(=O)C(=N)N2)cn1C,5.998721,5.821752548217773
470,Cn1c(N)nc(-c2cccc(-c3cncnc3)c2)c1O,5.348908,5.930868148803711
471,N=C1NC(c2ccncc2)(c2cccc(-c3cncnc3)c2)C(=O)c2ccccc21,2.0923762,6.323432445526123
472,COc1ccc(-c2cccc(C3(C)N=C(N)CO3)c2)cc1,5.663228,5.020544528961182
473,CC(C)(C)c1ccc(CNC2CS(=O)(=O)CC(NC(=O)COCc3ccc(F)cc3)C2O)cc1,5.3767457,4.729358673095703
474,CC(C)c1cccc(C2(c3ccc(-c4cncnc4)cc3)N=C(N)N(C)C2=O)c1,4.4131513,7.810925006866455
475,CC(C)(C)c1cccc(CC2CS(=O)(=O)CC(C(F)(F)F)Oc3cc(cc(N)c3F)CC2O)c1,7.6186795,7.042179107666016
476,CC(=O)NC(Cc1cc(F)cc(F)c1)C(O)CNC1(c2cccc(C(C)(C)C)c2)CCCN(C)C1,6.3954186,7.199807167053223
477,CN1C(=O)C(C)(c2ccc(-c3cncc(Cl)c3)cc2)N=C1N,7.256669,6.410593986511231
478,COCC(COc1c(N)cc(CC2CS(=O)(=O)CC(NCC(C)(C)c3cccc(F)c3)C2O)cc1C(F)(F)F)C(F)(F)F,6.366308,6.455649375915527
479,COc1cccc(CNC[C@@H](O)C(Cc2cc(F)cc(F)c2)ONC(=O)c2cc(C(=O)NC(C)C)cc(C(C)C)c2)c1,6.6437335,7.010341644287109
480,N=C(NCc1cc(Cl)cc(Cl)c1)NC(=O)c1ccc(Cl)cn1,5.6400824,5.034411907196045
481,CC#Cc1cc(-c2ccc(F)cc2)cc(C2(c3cccc(OC)c3)N=C(N)N(C)C2=O)c1,6.102075,7.744147777557373
482,CC1CN(C)C(N)=NC1(c1ccncc1)c1ccc(-c2cncnc2)cc1,5.706792,8.837774276733398
483,CC(C)c1ccc(CNC2CS(=O)(=O)CC(Cc3cccc(C(=O)NC(CO)c4cc(F)cc(C(F)(F)F)c4)c3)C2O)cc1,6.4000072,5.644988536834717
484,CC1(c2cccc(-c3ccc(F)cc3)c2)N=C(N)CCS1,6.690255,5.212906360626221
485,COc1cccc(C2(c3ccc(F)c(-c4ccncc4)c3)N=C(N)N(C)C2=O)c1,5.365412,7.525926113128662
486,CC(=O)NC(c1ccc(F)c(NC(=O)c2ccccc2)c1)C(O)CNC1(c2cccc(C(C)(C)C)c2)CC1,7.343619,4.104629993438721
487,CC(C)(C)c1ccc(C2(NCC(O)Cc3ccccc3)CCCC2)nn1,6.5385,5.282968044281006
488,CC(=O)N[C@@H](Cc1cc2ccc1CC1=NC=CC1=C2)[C@H](O)CNC1(c2cccc(C(C)(C)C)c2)CC1,5.3150253,5.622109413146973
489,COc1cccc(C2(c3cccc(-c4cncnc4)c3)N=C(N)CS2)c1,3.7910774,6.351332187652588
490,CC(=O)NC(Cc1cc(F)cc(F)c1)C(O)CNC1(c2cccc(C(C)(C)C)c2)CCC1,3.821303,7.53078556060791
491,COCC(O)C1=CN(C(NCc2cccc(C(C)(C)C)c2)C(F)(F)F)C2=C(C=C1)CCS(=O)(=O)CC2O,6.014118,9.718217849731444
492,COc1cccc([C@@]2(c3ccc(-c4cccc(F)c4)cc3)N=C(N)N(C)C2=O)c1,6.9077163,5.33853816986084
493,CN1C(=O)[C@@](c2ccc(-c3cncnc3)cc2)(c2cc(Cl)cnc2F)N=C1N,8.450894,4.810759544372559
494,COc1cccc(-c2cccc([C@@]3(C)N=C(N)N(C)C(=N)C3O)c2)c1,6.707812,7.751032829284668
495,C#Cc1ccncc1-c1ccc(C2(c3cccc(C#CC)c3)N=C(N)N(C)C2=O)cc1,7.581127,6.552577972412109
496,COc1cc(C2(c3ccc(-c4cccc(F)c4)nc3)N=C(N)N(C)C2=O)ccc1C(F)(F)F,7.1010766,8.174195289611816
497,COc1cncc(-c2cccc(C3(c4ccn(OCCCC(C)(C)C)c4)N=C(N)N(C)C3=O)c2)c1,6.5709276,9.225791931152344
498,CCc1cc2c(cc1C)C(=O)OC1(CCC1)NCC(O)C(NC(C)=O)C2,5.027573,5.180706977844238
499,CCCOc1cccc(-c2cccc(C3(C)COC(=N)N3)c2)c1,5.461437,4.873622894287109
500,COc1cc(C2=NC3(c4cccc(-c5cccnc5F)c4)N=C(N)CN2C3=O)cnc1C,7.813984,7.391731739044189
501,C#Cc1cccc(CCC(NC(=O)COC)C(=O)Nc2cc(CC3CCCC(NCc4ccccc4)C3O)cc(OCC(F)(F)F)c2)c1,7.738861,8.225683212280273
502,CCC(C)C1(NC(C)=O)CN(C(C)C(NC(=O)Cc2cc(C)cc(F)c2)C2CCOC(C)C2)C1=O,7.823892,7.507694721221924
503,NC1=NC(c2cccnc2)(c2cccc(-c3ccccc3Cl)c2)C2=NCCCN12,6.618291,7.318910121917725
504,CC(=O)N1CCC(N=C(N)N(CCc2ccccc2)C2CCCCC2)(c2cccc(Cl)c2)C1,8.202807,6.792771339416504
505,CCCCC1(CC2CC2)CCN(CC(Cc2ccccc2)C(=O)NC(Cc2ccccc2)C(O)CNC2CCOCC2)C1NCC,7.0255766,5.558833599090576
506,COc1cccc(C2(c3cccc(-c4ccc(F)cc4)c3)N=C(N)N(C)C2=O)c1,6.7205906,4.841028213500977
507,COc1ccc(C2(c3cccc(-c4cccc(CC(C)C)c4)c3)N=C(N)N(C)C2=O)cc1C,8.343265,4.260924816131592
508,CCCN(CCC)C(=O)c1cc(/C=N\OCC(C)C)cc(C(=O)N[C@@H](Cc2cc(F)cc(F)c2)[C@H](O)CNCc2cccc(OC)c2)c1,7.259744,7.930203437805176
509,CC(=O)NC(=O)Oc1cc(F)cc(C[C@H](O)CNC2(c3ccc(CC(C)(C)C)cn3)CCC2)c1,4.208523,6.548977851867676
510,COc1cccc(CNC[C@H](O)C(N[C@H](C)Cc2ccccc2)[C@@H](C)N2CC[C@@]3(C2)C(=O)CN3S(C)(=O)=O)c1,7.308068,5.629824638366699
511,CC(C)c1cc(C2(c3cc(F)cc(-c4cncnc4)c3)N=C(N)N(C)C2=O)ccn1,7.376526,8.305046081542969
512,COc1cccc(-c2cc(F)ccc2C2(c3ccccc3)N=C(N)N(C)C2=O)c1,7.3751035,6.67625904083252
513,CCc1ccc(C2(c3cccc(-c4cccnc4)c3)N=C(N)N(C)C2=O)cn1,6.992352,6.807411193847656
514,CC(F)(F)C12CN(CN(c3ccc(-c4cccc(Cl)c4)cn3)C(N)=N1)C2=O,7.7151427,4.523644924163818
515,N=C1NC(c2ccc(OC(F)F)cc2)(c2cccc(-c3cncnc3)c2)N=C1N,5.356029,7.383418083190918
516,CC(C)(C)Cc1csc(C2(NCC(O)C(Cc3cc(F)cc(F)c3)NC3CC(C)(C)c4cc(Cl)ccc43)CC2)c1,7.788333,5.754627704620361
517,CC(C)(C)Cc1cccc(C2(NC[C@@H](O)C(Cc3cnc4c(c3)C=C4)C(=O)NCC3CC3)CCCC2)c1,5.610392,5.589921474456787
518,CCNc1cc(O)cc(C(=O)NC(Cc2cc(F)cc(F)c2)C(O)CNCCC2(C)CCCc3ccc(CC(C)(C)C)cc32)c1,7.5206223,8.96229362487793
519,COc1cccc(-c2ccc(C3(C4CCCCCC4)N=C(N)CN(C)C3=O)cc2)c1,8.338875,5.328267574310303
520,COc1cccc(C2(c3cccc(-c4cncnc4)c3)CC(=O)C(=N)N2)c1,5.3357754,5.871325969696045
521,COc1ccccc1C1(c2ccc(-c3cncnc3)cc2)N=C(N)N(C)C1=O,7.257205,5.575024127960205
522,CC(C)c1cccc(CNC2CS(=O)(=O)CC(Cc3ccc(C(C)(C)C)cc3)C2O)c1,6.7096825,6.785167217254639
523,CN1C(=O)C(c2cccc(-c3cncnc3)c2)(c2ccc(OC(F)(F)F)cc2F)N=C1N,7.2473397,6.98224401473999
524,COc1cc(CC2CS(=O)(=O)CC(NCc3cccc(CC(C)C)c3)C2O)cc(OC(CO)C(F)(F)F)c1N,6.250105,7.357774257659912
525,COc1cccc(-c2cscc2C2(c3cccc(OC)c3)N=C(N)N(C)C2=O)c1,7.1653986,3.983306884765625
526,CCCCN(CCC)C(=O)c1cc(NC(C)=O)cc(C(Cc2cc(F)cc(F)c2)NC(Oc2ccc(F)c(F)c2)C(O)CNCc2cccc(OC)c2)c1,5.2816005,8.213871955871582
527,COc1cccc(CNC[C@@H](O)[C@H](Cc2cc(F)cc(F)c2)NC2CC2)c1,6.541077,6.034384250640869
528,CCCc1occc1-c1ccc2nc(N)c(CC(C(=O)NCC3CCCC3)C(C)(C)C)cc2c1,7.4743476,8.006211280822754
529,Cc1ccnc(C2(c3cccc(-c4cccc(C#N)c4)c3)N=C(N)N(C)C2=O)c1,7.059941,7.133760929107666
530,CCc1cccc(C2(c3ccc(-c4cncnc4)cc3)N=C(C)C(=N)N2)n1,3.5427122,7.631033420562744
531,CN1C(=O)[C@](C)(c2cccc(-c3ccncc3)c2)N=C1N,3.982737,6.86566686630249
532,CC(C)Cn1cc(C2(c3ccc(OC(F)F)c(-c4cncnc4)c3)N=C(N)N(C)C2=O)cn1,5.8325653,9.103106498718262
533,CC(C)(C)c1cccc(CNC2CS(=O)(=O)CC(O)C2Cc2cc(F)c(N)c(OC(F)F)c2)c1,7.4996424,6.098290920257568
534,COC(C)c1cc(NS(C)(=O)=O)cc(C(=O)N[C@@H](Cc2ccccc2)[C@H](O)CNC2CC2)c1,8.087276,5.977007389068604
535,CC(C)(C)c1cccc(CNC2CS(=O)(=O)CC(Cc3cc(N)cc(OCC(F)(F)F)c3)C2O)c1,7.4867887,5.354132175445557
536,CC(C)(C)c1ccc(CNC2CS(=O)(=O)CC(Cc3ccc(OC(F)(F)F)c(O)c3)C2O)cc1,6.59339,7.674408912658691
537,CC1=NC(C)(c2cc(NC(F)(F)C3=CN=NC3=O)ccc2F)N=C1N,7.558833,5.9117279052734375
538,CN1C(=O)C(c2cccc(F)c2)(c2cnn(CCC(C)(C)C)c2)N=C1N,7.3999195,8.378033638000488
539,CCCn1ccc(C(=O)N=C2C=C([C@@]3(C(F)F)N=C(N)OC3(F)F)C2)n1,8.417498,7.90537691116333
540,CCC(=O)NC(Cc1cc(F)cc(F)c1)C(O)CNC1(c2cncc(C(C)(C)C)c2)CCCC1,5.292371,8.13220500946045
541,COc1ccc(-c2cccc(C3(C)N=C(N)N4CCCN=C43)c2)cc1,7.255143,5.714417457580566
542,N=C1N[C@@](c2cccc(OC(F)(F)F)c2)(c2cccc(-c3cncnc3)c2)CO1,5.9591365,7.058170795440674
543,CC(=O)NC(Cc1cc(F)ccc1F)[C@H](O)CNC1(c2nc(C(C)(C)C)cs2)CC1,8.045343,6.413050651550293
544,CC(NC(=O)c1cc(C(=O)NC(O)Cc2cccc(F)c2)cc(N(C)S(C)(=O)=O)c1)c1cc(F)cc(F)c1,7.3297977,5.016030788421631
545,CC(C(=O)NC(C=O)Cc1cc(F)cc(F)c1)N1CCC(CC(O)C2CC2NCCc2cccc(C(C)(C)C)c2)(C(C)C)CC1=O,6.967302,8.040109634399414
546,CC(=O)NC(Cc1ccccc1)C(O)CNC1CCCc2cnc(CC(C)(C)C)cc21,7.2811613,7.621495246887207
547,CCOc1cc(C(OC)C2CC(c3ccccc3)N(C)S(=O)(=O)C2)cc(C2(NCC(O)C(Cc3ccc(F)c(F)c3)NC(C)=O)CCCCC2)c1,6.835015,8.941619873046875
548,COc1cccc(-c2ccc([C@@]3(c4ccc(OC(F)F)cc4)C(=N)NC3=O)cc2)c1,4.6992755,6.665505409240723
549,CN(C1=C2C=CC=CC(=C1)C(N)(COCc1cc(F)cc(F)c1)CCC(Cc1ccccc1O)NC2=O)S(C)(=O)=O,5.0200706,4.445007801055908
550,CCC1=NC(C)(c2cc(NC(=O)c3ccc(Cl)cn3)ccc2F)C(N)(F)CO1,5.837607,7.532659530639648
551,CC(C)Oc1cccc(C2(C(=O)n3nc(N)n(C)c3=O)CC2)c1,7.6819344,7.121648788452148
552,CN1c2c3c(cc4c2C(=C4)CCS1(=O)=O)C(=O)NC([C@H](O)CNC1CC1)CC(Cc1ccccc1)=CC=CC=C3,7.5014095,6.717318534851074
553,COc1cccc(CNCC(O)C2=CC=CC=CC(NC(=O)c3cc(C(=O)NC(C)c4ccccc4)cc(N(C)S(C)(=O)=O)c3)C2)c1,7.514905,4.042635917663574
554,Cn1c(N)nc2ccc(Cl)cc21,3.0295134,5.671515464782715
555,COc1ccc(CCC(NC(C)=O)C(O)CNC2CC3(CCC3)Oc3ncc(CC(C)(C)C)cc32)cc1C,7.0543976,9.420880317687988
556,CCn1cc(N2C(=O)[C@@](c3ccncc3)(c3cccc(-c4cncnc4)c3)N=C2N)cn1,4.365166,8.520378112792969
557,Cc1cc(C(=O)NCC2CCCC2)cc(C(=O)NC(C)c2ccccc2)c1,5.3472204,4.81836462020874
558,CCCCN(CCC)C(=O)c1cc2cc(c1)C(=O)C(Cc1cc(F)cc(F)c1)[C@@H](O)[C@H](Cc1cc(F)cc(F)c1)NC2=O,6.962882,6.838143348693848
559,CC(C)(C)c1cccc(C2(NCC(O)C(Cc3ccccc3)=NO)CCCC2)c1,7.896254,7.555379867553711
560,Cc1cccc(-c2ccc(C34CCCC3OC(=N)N4)cc2)c1,2.1514049,4.726329326629639
561,CC(=O)NC(Cc1cc(F)cc(F)c1)C(O)C1(c2ccc(C(C)(C)C)cn2)CCCC1,6.0861907,4.989860534667969
562,COc1cccc(CNC[C@H](O)c2cc(C(=O)N[C@H](Cc3ccccc3)Cc3cccc(F)c3)cc(N(C)S(C)(=O)=O)c2)c1,7.1303477,5.940273284912109
563,COc1cccc(CNC[C@@H](O)[C@H](Cc2cc(F)cc(F)c2)NC(=O)c2cc(C)cc(N(C)S(C)(=O)=O)c2)c1,8.448198,5.529662609100342
564,CC(C)(C)c1ccc(C2(NCC(O)C3Cc4cccc(c4)CCCC(c4cccs4)N3)CCC2)nc1,7.6659184,3.871422052383423
565,NN1C=NC(c2ccncc2)(c2cccc(-c3cncnc3)c2)C1=O,5.3921194,7.738485336303711
566,COc1ccc2cc1C(C)(C)N=C(N)N(C)C2=O,5.8887825,5.829668521881104
567,CC1(c2ccc(F)cc2NC(=O)c2ccc(C#N)cn2)N=C(N)OCC1(F)F,7.767173,7.758456707000732
568,CC(C)(C)c1cccc(CNC2CS(=O)CC(Cc3cc(N)c(OC(F)(F)F)c(C(F)(F)F)c3)C2O)c1,6.6107793,6.768479824066162
569,COc1cc(F)cc(CC(NC(=O)c2cc(C(=O)NC(C)c3ccccc3)cc(N(C)S(C)(=O)=O)c2)S(C)(=O)=O)c1,6.135338,4.613509654998779
570,COc1cc(-c2ccccc2)cc(C2(c3ccnc(C)c3)N=C(N)N(C)C2=O)c1,6.4079413,6.098001003265381
571,CC(=O)NC(Cc1cc(F)cc(F)c1)C(O)C(O)CNC1(c2cccc(C(C)(C)C)c2)CCCC1,5.328141,5.006086826324463
572,Cc1ccc(C2(c3cccc(-c4cncc(F)c4)c3)N=C(N)N(C)C2=O)nc1,4.945335,4.713677406311035
573,CC[SH]1(=O)NN2C(=O)CCCOCC2(c2cccc(F)c2)CN1c1cccc(F)c1,6.1014605,4.91561222076416
574,CCCCNC(=O)n1c(C(=O)N(CCC)CCCC)ccc2c(C(O)CNCc3cccc(OC)c3)ccc1-2,4.4435167,6.183809280395508
575,CC(=O)NC(Cc1c(F)cccc1F)C(O)CNC1(c2cccc(C3CCCCC3)n2)CCCCC1,7.5386047,4.905179500579834
576,CC(C)(C)Cc1coc(C2(NC[C@H](O)NCc3cc(F)cc(C(F)(F)F)c3)CCCCC2)c1,8.464495,6.305451393127441
577,CCCCCO/N=C(\c1cc(NC(=O)c2ccccc2)cc(C(=O)NCc2ccccc2)c1)N(C)S(C)(=O)=O,5.925687,6.974833965301514
578,CC(Cc1ccccc1)(Cc1cc(N)nc2ccc(Cl)c-2n1)C(=O)NC1CCCC1,5.3575106,4.859447002410889
579,CC(=O)c1cccc(CNC2CS(=O)(=O)CC(Cc3cc(O)c(N)c(Br)c3)C2O)c1,7.7331057,4.52680253982544
580,CC1=NC(N)(c2cccc(NC(=O)c3cc(C#N)c(F)cn3)c2)CCO1,6.0525136,5.595940113067627
581,CCCCN(CCC)C(=O)c1cc(NCC)cc(C(=O)NC2CCC(C(C)(O)c3ccccc3)CCNC2O)c1,8.455351,9.626632690429688
582,COCC(=O)NC(Cc1cc(F)cc(F)c1)C(O)CNC1Cc2cc1cnc2CCC(C)(C)C,9.137455,7.30999755859375
583,C[SH]1(=O)N(C(N)=O)CC2(CN(Cc3ccc(OC(F)(F)F)cc3)C2)N1c1ccccc1,4.9098434,6.602038383483887
584,CN1C(=O)c2cccc(n2)C(c2cccc(-c3cncnc3)c2)(C2CCCCC2)N=C1N,5.800343,5.057173728942871
585,CC(C)Cn1cc(-c2ccc(-c3cccc(C4(C)N=C(N)CS4)c3)cc2)cn1,7.110026,9.1566743850708
586,CC(C)c1cc(O)cc(CN2CC3(CCN(C)C(=O)N3c3ccc(F)cc3)[SH]2(C)=O)c1,6.3084044,5.703718662261963
587,CC1(C)N=C(C2=CC=CC(Cc3cc(F)cc(F)c3)=NC(O)C(CNC3CCOCC3)C2)CCC1=O,9.784019,5.63803768157959
588,N=C1NC2(c3ccc(NC(=O)c4ncccc4Cl)cc3)CCC2O1,6.316204,5.429173946380615
589,Cc1ccnc(C(=O)Nc2cccc(C3(C)N=C(N)OCC3(F)F)c2)c1,7.000137,6.225301265716553
590,COc1cccc(CNC[C@@H](O)[C@H](Cc2ccccc2)NC(Cc2ccccc2)c2cc(C)cc(N(C)S(C)(=O)=O)c2)c1,7.901577,7.502835750579834
591,COc1cccc(CNCC(O)C(Cc2cc(F)cc(F)c2)NC(=O)C2CCN(Cc3cccc(NC4CCCC4)c3)C2=O)c1,6.5621367,5.738077640533447
592,COc1ccc(C2(c3ccc(-c4cccc(OC)c4)cc3)N=C(N)N(C)C2=O)cc1,6.1213923,5.768565654754639
593,N=C1NC(c2ccncc2)(c2cccc(-c3cccnc3)c2)CS1,5.1744533,6.205981254577637
594,CCOc1cnc(C(=O)Nc2ccc(C3CS(=O)(=O)CC(Cc4cc(F)cc(OC(F)(F)F)c4)C3O)cc2)nc1,7.1455483,5.521739959716797
595,CC(=O)NC(Cc1ccccc1)C(O)CNC1(c2cc(C(C)(C)C)cs2)CCCCC1,8.028849,3.558464527130127
596,Cc1csc(C2(c3cccc(-c4cncnc4)c3)N=C(N)N(C)C2=O)c1,6.8018956,6.627371311187744
597,CCc1cc(C(N)(C(=O)N(C)C2=NC2)c2cccc(-c3nccs3)c2)cn1CC(F)(F)F,7.849787,8.810538291931152
598,COc1cccc(CNCC(O)C(NC(Cc2ccc(F)cc2)Cc2cc(F)cc(F)c2)c2cc(C(=O)NC(C)c3ccccc3)cc(N(C)S(C)(=O)=O)c2)c1,3.9439924,7.143353462219238
599,CN1C(=O)C(c2cc(F)cc(F)c2)(c2cccc(-c3cnccn3)c2)N=C1N,5.0464907,7.776301383972168
600,CN1C(=O)C(c2cccc(-c3cccnc3F)c2)(c2ccncc2C(C)(C)C)N=C1N,8.046928,7.185666561126709
601,CC(=O)NC(Cc1cc(F)cc(F)c1)C(O)CNC1(c2cn(CC(C)(C)C)nn2)CCCC1,6.4118347,6.999120235443115
602,CC(=O)NC(Cc1cc(F)cc(F)c1)C(O)CNC1(c2ccc(C(C)(C)C)o2)CCCC1,7.282689,5.378202438354492
603,CCCCOc1cc(Cl)cc(C(=O)NC(C)[C@@H]([C]c2cc(F)cc(F)c2)NC(=O)c2ccncn2)c1,6.3993316,6.064450740814209
604,CC(=O)NC(Cc1ccc(CC(C)C)s1)C(O)CNC1CC2(CCC2)Oc2ncc(CC(C)(C)C)cc21,8.47723,7.945687770843506
605,COc1ccc(C2(c3ccc(-c4cccnc4)cc3)N=C(N)N3CCCN=C32)cc1OC,6.1968946,8.847982406616211
606,CC(C)(C)c1cccc(C2(NCC(O)CNC(=O)Cc3cc(F)cc(F)c3)CCC2)c1,8.213602,6.927879810333252
607,CC(=O)NC(CCc1cc(F)cc(F)c1)C(O)C1(c2cnn(CC(C)(C)C)c2)CCCN1,7.536565,7.013953685760498
608,CCc1cc(C2(c3cccc(-c4ccccn4)c3)N=C(N)N(C)C2=O)cc(C)n1,7.719758,7.893625736236572
609,N#Cc1cccc(C2(c3cccc(-c4cccnc4)c3)N=C(N)C2=O)c1,7.8270535,4.64959192276001
610,CC(C)(C)c1cccc(CNC2CS(=O)(=O)CC(Cc3cc(F)cc(OC(F)(F)F)c3)C2O)c1,3.936311,8.36767292022705
611,N=C1NC(c2ccncc2)(c2cccc(-c3ccc(F)nc3)c2)CS1,8.414597,5.198392868041992
612,CCCN(CCC)C(=O)c1cc(C(=O)NC(Cc2cc(F)cc(F)c2)Cc2ccc(F)c(F)c2)cc(C(O)CCNCc2cccc(OC)c2)c1,6.7217746,5.885675430297852
613,CC(C)c1cccc(CNC2CS(=O)(=O)CC(Cc3cc(N)cc(O)c3)C2O)c1,7.0230637,6.416841983795166
614,C=CCO/N=C(/C)c1cc(C(=O)N[C@@H](Cc2cc(F)cc(F)c2)[C@H](O)CNCc2ccccc2)cc(N(C)S(C)(=O)=O)c1,7.033328,6.169056415557861
615,CN1CC2(CCN(Cc3cccc(CC4CC4)c3)C2)N(c2cccc(F)c2)S1(=O)=O,5.673708,5.551537036895752
616,CC(C)c1cc(C2(C(=O)NC(Cc3cc(F)cc(F)c3)C(=O)O)CCN2)ccn1,6.9891953,5.891477108001709
617,CN1C(=O)C2(N=C1N)c1ccccc1CCc1ccc(-c3cncnc3)c2c1,5.4454036,6.53889799118042
618,CCCCN1CCCC(NCC(O)C(Cc2cc(F)cc(F)c2)NC(C)=O)(c2ccc(C(C)(C)C)cc2)C1,8.035212,6.073331832885742
619,O=C(N[C@@H](Cc1ccccc1)[C@H](O)CNC1CC1)C1CC1,6.707778,5.252767562866211
620,CN1C(=O)[C@@](c2cc(F)cc(OCC(F)(F)F)c2)(c2cccc(-c3cccnc3F)c2)N=C1N,6.525608,6.204899311065674
621,CN1C(=O)C2(N=C1N)c1ccc(-c3cccnc3)cc12,6.767847,5.179218769073486
622,CC(C)Cc1ccc(CC2CS(=O)(=O)CC(NCc3cccc(C(C)(C)C)c3)C2O)cc1,8.017797,4.636301517486572
623,CC(=O)NC(Cc1ccc(F)cc1)C(O)CNC1(c2cncc(CC(C)(C)C)c2)CCCCC1,7.204718,7.039742469787598
624,CC1N=C(NC(Cc2ccccc2)C(=O)O)C(O)CNC2CC3(CCC3)OC3=C(CCC(C)(C)C)C=CC=C(C=N3)C2=C2C=CC=C21,5.580103,6.940439701080322
625,CCC(CC)NC(=O)C1CCC(C)C(=O)N1C(C)[C@@H](O)[C@H](Cc1cc(F)cc(F)c1)NC(C)=O,6.309157,5.894582748413086
626,N=C1NC(F)(c2cc(F)ccc2NC(=O)c2ccc(Cl)cn2)C(F)(F)CO1,7.96856,7.744894027709961
627,COc1cccc(CNCC(O)C(Cc2ccccc2)NC(=O)c2cccc(N(c3ccccc3)S(C)(=O)=O)c2)c1,7.658835,6.960708141326904
628,Cn1c(C2CCCC2c2ccc(-c3cccnc3)cc2)cc(N)nc1=O,5.50552,4.87290096282959
629,N=C1NC2(c3ccc(Cl)cc3)CCCCNCCC2O1,6.3180847,3.1572306156158447
630,COc1ccc(-c2cccc(C3(C)CC(=O)N(C)C(N)=N3)c2)cc1,4.8573613,6.350430011749268
631,CC1(c2cccc(NC(=O)c3cc(Cl)ccn3)c2)CSC(=N)N1,6.205571,4.810755729675293
632,CCCCN(CC)C(=O)n1cc(C(=O)Nc2cc(C)cc(F)c2)c2cc(C(=O)NC(Cc3cc(F)cc(F)c3)C(O)CNCc3cccc(OC)c3)ccc21,4.8674126,4.485758304595947
633,CC(C)(C)c1ccc(CNCC(O)C2Cc3ccccc3C2)cc1,7.852554,6.490085124969482
634,CC(C)c1cccc(-c2ccc3nc(N)cc(CC(CO)CC(=O)NCCc4ccccc4)c3c2)c1,5.9559765,5.60143518447876
635,CCc1ncc(-c2cccc(C3(c4cccc(OC)c4)N=C(N)N(C)C3=O)c2)cn1,6.514642,6.701303482055664
636,CCOc1cccc(-c2cccc(C3(c4cccc(OC)c4)N=C(N)CN4CCN=C43)c2)c1,7.1236567,6.041072845458984
637,COc1ccc(-c2cccc(C3(c4cccc(OC(F)(F)F)c4)N=C(N)N(C)C3=O)c2)cc1,4.2903457,5.199923992156982
638,CCN(c1cc(C(=O)NC(Cc2cc(F)cc(F)c2)[C@@H](O)CNCc2cccc(OC)c2)cc(/C(C)=N/OC)c1)S(C)(=O)=O,7.788049,6.471665382385254
639,COc1cccc(CN[C@@H](Cc2ccccc2)[C@H](O)[C@H]2CS(=O)(=O)Cc3ccc(OC(C)(C)C)c(c3)CN2)c1,6.8988295,5.515083312988281
640,CC(C)c1cccc(CNC2CS(=O)(=O)CC(Cc3cc(O)c(N)c(F)c3)C2O)c1,5.9853477,7.531761646270752
641,CC(NC(=O)c1cc(C(=O)NC(Cc2ccccc2)C(O)CNCc2cccc(C(C)NC(=O)c3ccccc3)c2)cc(N(C)S(C)(=O)=O)c1)c1ccccc1,8.0477915,6.036726474761963
642,COCC(=O)C1(c2ccc(-c3ccccc3)cc2)CN(C)C(N)=N1,6.4287915,5.550466060638428
643,COc1cccc(C2(c3ccc(-c4ccncc4)cc3)N=C(N)N(C)C2=O)c1,4.7846355,7.639713764190674
644,COc1cccc(CNCC(O)C(Cc2cc(F)cc(F)c2)NC(=O)C2=CC(C)=CN(N(C)S(C)(=O)=O)C(C(=O)NC(C)c3ccccc3)=C2)c1,5.9912577,6.119089126586914
645,CC(=O)C(=NC1(C)CCOc2cccc(C)c21)N(Cc1ccccc1)C(C)C,3.7816637,4.2117018699646
646,COC(c1cccc(-c2cncnc2)c1)N1CCc2ccc(cc2)C2(C1)N=C(N)O2,4.901182,5.792994022369385
647,CN1CCCCC(c2ccncc2)(c2cccc(-c3cnccn3)c2)N=C1N,7.6335983,7.2132568359375
648,N#Cc1ccc(C(=O)Nc2ccc(C3(N)COC3)c(F)c2)nc1,5.8806367,7.251014709472656
649,CN1C(=O)C(c2ccccc2)(c2cncnc2)N=C1N,7.3432965,3.4249696731567383
