Unnamed: 0,smiles,pIC50
0,CC(=O)NC(Cc1ccccc1)C(O)CNC1CC2(CCC2)Oc2ncc(CC(C)C)cc21,8.3010302
1,CC(=O)NC(Cc1ccccc1)C(O)CNC1CC2(CCC2)Oc2ncc(Cl)cc21,6.0190883
2,COc1ccc(CC(NC(C)=O)C(O)CNC2CC3(CCC3)Oc3ncc(CC(C)(C)C)cc32)cc1F,8.4436979
3,CC(=O)NC(Cc1ccc(F)c(F)c1)C(O)CNC1CC2(CCC2)Oc2ncc(CC(C)(C)C)cc21,8.6989698
4,CC#Cc1cccc(CC(NC(=O)COC)C(O)CNC2CC3(CCC3)Oc3ncc(CC(C)(C)C)cc32)c1,7.8239088
5,C#Cc1cccc(CC(NC(=O)COC)C(O)CNC2CC3(CCC3)Oc3ncc(CC(C)(C)C)cc32)c1,8.4685211
6,CC(=O)NC(Cc1ccc(OC(F)(F)F)cc1)C(O)CNC1CC2(CCC2)Oc2ncc(CC(C)(C)C)cc21,7.8538718
7,C#Cc1cccc(CC(NC(=O)COC)C(O)CNC2CC3(CCC3)Oc3ncc(CC(C)(C)C)cc32)c1F,7.9586072
8,CC(=O)NC(Cc1ccc(F)c(OC(F)(F)F)c1)C(O)CNC1CC2(CCC2)Oc2ncc(CC(C)(C)C)cc21,8.6777811
9,C#Cc1cc(CC(NC(=O)COC)C(O)CNC2CC3(CCC3)Oc3ncc(CC(C)(C)C)cc32)ccc1F,8.431798
10,CC(=O)NC(Cc1ccc(F)cc1F)C(O)CNC1CC2(CCC2)Oc2ncc(CC(C)(C)C)cc21,8.1870871
11,COc1cc(CC(NC(C)=O)C(O)CNC2CC3(CCC3)Oc3ncc(CC(C)(C)C)cc32)ccc1F,8.3467875
12,CC(=O)NC(Cc1ccc(Cl)cc1)C(O)CNC1CC2(CCC2)Oc2ncc(CC(C)(C)C)cc21,8.0809221
13,CC(=O)NC(Cc1cccc(C(F)(F)F)c1)C(O)CNC1CC2(CCC2)Oc2ncc(CC(C)(C)C)cc21,8.6197891
14,CC(=O)NC(Cc1ccc(C)c(F)c1)C(O)CNC1CC2(CCC2)Oc2ncc(CC(C)(C)C)cc21,9.004365
15,COc1ccc(CC(NC(C)=O)C(O)CNC2CC3(CCC3)Oc3ncc(CC(C)(C)C)cc32)cc1OC,7.7399287
16,CC(=O)NC(Cc1ccc(F)c(C(F)(F)F)c1)C(O)CNC1CC2(CCC2)Oc2ncc(CC(C)(C)C)cc21,7.9586072
17,CC(=O)NC(Cc1cc(F)cc(F)c1)C(O)CNC1CC2(CCC2)Oc2ncc(CC(C)(C)C)cc21,8.1611509
18,C#Cc1cc(F)cc(CC(NC(=O)COC)C(O)CNC2CC3(CCC3)Oc3ncc(CC(C)(C)C)cc32)c1,8.7212467
19,CC(=O)NC(Cc1cccc(F)c1)C(O)CNC1CC2(CCC2)Oc2ncc(CC(C)(C)C)cc21,9.0
20,CC(=O)NC(Cc1ccc(OC(F)F)c(OC(F)F)c1)C(O)CNC1CC2(CCC2)Oc2ncc(CC(C)(C)C)cc21,7.4534574
21,C#Cc1ccc(F)c(CC(NC(=O)COC)C(O)CNC2CC3(CCC3)Oc3ncc(CC(C)(C)C)cc32)c1,8.5376024
22,CC(=O)NC(Cc1ccc(C(F)(F)F)c(F)c1)C(O)CNC1CC2(CCC2)Oc2ncc(CC(C)(C)C)cc21,7.3565474
23,CC(=O)NC(Cc1ccc(F)c(C#N)c1)C(O)CNC1CC2(CCC2)Oc2ncc(CC(C)(C)C)cc21,8.6197891
24,CC(=O)NC(Cc1ccccc1)C(O)CNC1CC2(CCC2)Oc2ncc(CC(C)(C)C)cc21,8.2365723
25,CC(=O)NC(Cc1ccccc1)C(O)CNC1CC2(CCC2)Oc2ncccc21,5.2773662
26,CC(=O)NC(Cc1ccc(F)c(C)c1)C(O)CNC1CC2(CCC2)Oc2ncc(CC(C)(C)C)cc21,8.3979397
27,CC(=O)NC(Cc1ccccc1F)C(O)CNC1CC2(CCC2)Oc2ncc(CC(C)(C)C)cc21,8.4436979
28,C#Cc1ccc(CC(NC(=O)COC)C(O)CNC2CC3(CCC3)Oc3ncc(CC(C)(C)C)cc32)cc1,7.3279023
29,CCc1cnc2c(c1)C(NCC(O)C(Cc1ccccc1)NC(C)=O)CC1(CCC1)O2,7.0409584
30,COCC(=O)NC(Cc1ccc2c(c1)OCO2)C(O)CNC1CC2(CCC2)Oc2ncc(CC(C)(C)C)cc21,8.2676058
31,CC(=O)NC(Cc1ccc2c(c1)OCO2)C(O)CNC1CC2(CCC2)Oc2ncc(CC(C)(C)C)cc21,8.0969105
32,CC(C)C(=O)NC(Cc1ccc2c(c1)OCO2)C(O)CNC1CC2(CCC2)Oc2ncc(CC(C)(C)C)cc21,6.8416376
33,CC(F)C(=O)NC(Cc1ccc2c(c1)OCO2)C(O)CNC1CC2(CCC2)Oc2ncc(CC(C)(C)C)cc21,7.5391021
34,CC(=O)NC(Cc1cc(F)cc(F)c1)C(O)CNC1(c2cccc(C(C)(C)C)c2)CCC(=NO)CC1,8.0555172
35,CCOc1cc(CN2CCC3(CC2C)CN(C)S(=O)(=O)N3c2cccc(F)c2)ccc1O,5.9208188
36,CCN1CC2(CCN(Cc3cccc(OC(C)C)c3)C(C)C2)N(c2cccc(F)c2)S1(=O)=O,5.7695513
37,CC1CC2(CCN1Cc1ccc(O)cc1)CN(C)S(=O)(=O)N2c1cccc(F)c1,6.5686364
38,CC(C)Oc1cc(CN2CC[C@@]3(C[C@@H]2C)CN(C)S(=O)(=O)N3c2cccc(F)c2)ccc1O,7.0
39,CC(C)COc1cccc(CN2CCC3(CNS(=O)(=O)N3c3cccc(F)c3)CC2C)c1,4.9507818
40,CC(=O)Nc1ccc(CN2CCC3(CC2C)CN(C)S(=O)(=O)N3c2cccc(F)c2)cc1,5.19382
41,COc1cccc(CN2CCC3(CNS(=O)(=O)N3c3cccc(F)c3)CC2C)c1,4.0030508
42,CC(C)Oc1cccc(CN2CCC3(CC2C)CN(C(C)C)S(=O)(=O)N3c2cccc(F)c2)c1,5.6382723
43,CC1CC2(CCN1Cc1ccccc1)CNS(=O)(=O)N2c1cccc(F)c1,4.6798539
44,CC(C)Oc1cccc(CN2CC[C@@]3(C[C@@H]2C)CN(C)S(=O)(=O)N3c2cccc(F)c2)c1,5.6197886
45,CC1CC2(CCN1Cc1ccc(O)c(Cl)c1)CN(C)S(=O)(=O)N2c1cccc(F)c1,5.7958798
46,CCOc1cccc(CN2CCC3(CNS(=O)(=O)N3c3cccc(F)c3)CC2C)c1,5.0222764
47,CC(C)Oc1cccc(CN2CCC3(CNS(=O)(=O)N3c3cccc(F)c3)CC2C)c1,5.8860564
48,CCCOc1cccc(CN2CCC3(CNS(=O)(=O)N3c3cccc(F)c3)CC2C)c1,4.6363878
49,O=S1(=O)C[C@@H](Cc2ccc(O)c(Br)c2)[C@H](O)[C@@H](NCc2cccc(C3CC3)c2)C1,6.0222764
50,CC1(C)Cc2cc(Cl)ccc2C(NC(Cc2ccccc2)c2n[nH]c(=O)[nH]2)=N1,5.4723701
51,CC1(c2cc(NC(=O)c3ccc(F)cn3)ccc2F)N=C(N)OCC1(F)F,7.1804562
52,CC1(c2cc(NC(=O)c3ncc(Cl)cc3Cl)ccc2F)N=C(N)OCC1(F)F,7.5850267
53,N#Cc1ccc(C(=O)Nc2ccc(F)c([C@@]3(CF)N=C(N)OCC3(F)F)c2)nc1,7.309804
54,CC1(c2cc(NC(=O)c3ccc(Cl)cn3)ccc2F)N=C(N)OCC1(F)F,7.5850267
55,CC1(c2cc(NC(=O)c3ccc(Cl)cn3)ccc2F)CCOC(N)=N1,6.8632793
56,CCOc1ccc(C(=O)Nc2ccc(F)c([C@@]3(C)N=C(N)OCC3(F)F)c2)nc1,6.7351823
57,N#Cc1ccc(C(=O)Nc2ccc(F)c([C@]3(CF)C[C@@H](C(F)(F)F)OC(N)=N3)c2)nc1,7.7212462
58,CC1(c2cc(NC(=O)c3ccc(OC(F)(F)F)cn3)ccc2F)N=C(N)OCC1(F)F,7.2441254
59,C[C@]1(c2cc(NC(=O)c3ccc(C#N)cn3)ccc2F)N=C(N)OC[C@H]1F,6.3615108
60,C[C@@]1(c2cc(NC(=O)c3ccc(C#N)cn3)ccc2F)C[C@H](C(F)(F)F)OC(N)=N1,6.1101384
61,C#Cc1ccc(C(=O)Nc2ccc(F)c(C3(C)N=C(N)OCC3(F)F)c2)nc1,7.4948502
62,CC1(c2cc(NC(=O)c3ccc(OCC(F)(F)F)cn3)ccc2F)N=C(N)OCC1(F)F,6.9665761
63,COc1ccc(C(=O)Nc2ccc(F)c(C3(C)N=C(N)OCC3(F)F)c2)nc1,7.2924299
64,C[C@]1(c2cc(NC(=O)c3ccc(C#N)cn3)ccc2F)N=C(N)O[C@H](C(F)(F)F)[C@@H]1F,7.8860564
65,CC1(c2cc(NC(=O)c3ccc(OC(F)(F)C(F)F)cn3)ccc2F)N=C(N)OCC1(F)F,7.3767509
66,C[C@]1(c2cc(NC(=O)c3ccc(C#N)cn3)ccc2F)N=C(N)OC[C@@H]1F,7.5528421
67,C[C@@]1(c2cc(NC(=O)c3ccc(C#N)cn3)ccc2F)CCOC(N)=N1,7.2923999
68,CC1(c2cc(NC(=O)c3ccccn3)ccc2F)N=C(N)OCC1(F)F,6.5316525
69,N#Cc1ccc(C(=O)Nc2ccc(F)c([C@]3(C(F)F)CCOC(N)=N3)c2)nc1,7.2676063
70,N#Cc1ccc(C(=O)Nc2ccc(F)c([C@@]3(CF)N=C(N)OC[C@@H]3F)c2)nc1,7.1135092
71,C[C@]1(c2cc(NC(=O)c3ccc(C#N)cn3)ccc2F)N=C(N)O[C@@H](C(F)(F)F)[C@@H]1F,7.3979402
72,Cc1ccc(C(=O)Nc2ccc(F)c(C3(C)N=C(N)OCC3(F)F)c2)nc1,7.0604806
73,C[C@@]1(c2cc(NC(=O)c3ccc(C#N)cn3)ccc2F)C[C@@H](C(F)(F)F)OC(N)=N1,7.9208188
74,C[C@]1(c2cc(NC(=O)c3ccc(C#N)cn3)ccc2F)N=C(N)OCC1(F)F,7.6382723
75,CC1(c2cc(NC(=O)c3ncc(Cl)cc3Cl)ccc2F)CCOC(N)=N1,7.4089355
76,Cc1cc(Cl)cnc1C(=O)Nc1ccc(F)c(C2(C)N=C(N)OCC2(F)F)c1,7.7695513
77,CCC(CC(=O)NCc1ccc(F)cc1)n1c(N)nc2cc(Cl)ccc21,3.5783961
78,CC(C)CC(CC(=O)NCc1cccc(F)c1)n1c(N)nc2cc(Cl)ccc21,4.2676063
79,CCC(CC(=O)NCc1ccccc1)n1c(N)nc2cc(Cl)ccc21,4.1426673
80,CCC(CC(=O)NCc1cccc(F)c1)n1c(N)nc2cc(Cl)ccc21,3.4685211
81,CN1C(=O)C(c2cccc(-c3cncnc3)c2)(c2cnn(C3CCCC3)c2)N=C1N,7.154902
82,CC(=O)NC(Cc1cc(F)cc(F)c1)C(O)CNC1(c2ccc(CC(C)(C)C)s2)CC1,5.7904849
83,CC(=O)N[C@@H](Cc1cc(F)cc(F)c1)[C@H](O)CNC1(c2cc(CC(C)(C)C)cs2)CC1,6.3279023
84,CC1(C)Cc2cc(Cl)ccc2C(NC(Cc2sccc2Br)C(=O)O)=N1,6.1487417
85,CC1(c2cccc(NC(=O)c3ccc(Cl)cn3)c2)COC(N)=N1,5.6946487
86,CC(C)(C)Cn1cc(CNC2CS(=O)(=O)CC(Cc3cc(F)c(N)c(OC(C(F)(F)F)C(F)(F)F)c3)C2O)cn1,7.4436975
87,CN1C(=O)C(c2cccc(-c3cccnc3)c2)(c2ccc3c(c2)CCO3)N=C1N,6.9208188
88,COc1ccc([C@]2(c3cccc(-c4cccnc4)c3)N=C(N)N(C)C2=O)cc1C,7.3979402
89,COc1ccc([C@]2(c3cccc(-c4cccnc4F)c3)N=C(N)N(C)C2=O)cc1,7.5228786
90,CN1C(=O)[C@@](c2ccc(OCCF)cc2)(c2cccc(-c3cccnc3F)c2)N=C1N,7.5228786
91,CN1C(=O)[C@@](c2ccc(OC(F)F)cc2)(c2cccc(-c3cccnc3F)c2)N=C1N,8.0
92,CN1C(=O)[C@@](c2ccc(OC(F)(F)F)cc2)(c2cccc(-c3cccnc3F)c2)N=C1N,7.221849
93,COCC(=O)NC(Cc1cccc(-c2nccs2)c1)C(O)CNC1CC2(CCC2)Oc2ncc(CC(C)(C)C)cc21,8.3872166
94,CC(O)C(=O)NC(Cc1cccc(-c2nccs2)c1)C(O)CNC1CC2(CCC2)Oc2ncc(CC(C)(C)C)cc21,8.4948502
95,CCOCC(=O)NC(Cc1cccc(-c2nccs2)c1)C(O)CNC1CC2(CCC2)Oc2ncc(CC(C)(C)C)cc21,8.2441254
96,CC(=O)NC(Cc1cccc(-c2nccs2)c1)C(O)CNC1CC2(CCC2)Oc2ncc(CC(C)(C)C)cc21,8.431798
97,CCOC(C)C(=O)NC(Cc1cccc(-c2nccs2)c1)C(O)CNC1CC2(CCC2)Oc2ncc(CC(C)(C)C)cc21,7.7958798
98,COCC(=O)NC(Cc1ccc(F)c(-c2nccs2)c1)C(O)CNC1CC2(CCC2)Oc2ncc(CC(C)(C)C)cc21,8.2146702
99,COC(OC)C(=O)NC(Cc1cccc(-c2nccs2)c1)C(O)CNC1CC2(CCC2)Oc2ncc(CC(C)(C)C)cc21,8.0087738
100,COCC(=O)NC(Cc1cccc(-c2nc(C)cs2)c1)C(O)CNC1CC2(CCC2)Oc2ncc(CC(C)(C)C)cc21,8.2441254
101,CO[C@@H](C)C(=O)NC(Cc1cccc(-c2nccs2)c1)C(O)CNC1CC2(CCC2)Oc2ncc(CC(C)(C)C)cc21,8.1426678
102,COCC(=O)NC(Cc1cc(-c2nccs2)ccc1F)C(O)CNC1CC2(CCC2)Oc2ncc(CC(C)(C)C)cc21,8.0222759
103,COCC(=O)NC(Cc1cc(F)cc(-c2nccs2)c1)C(O)CNC1CC2(CCC2)Oc2ncc(CC(C)(C)C)cc21,8.7212467
104,CCC(=O)NC(Cc1cccc(-c2nccs2)c1)C(O)CNC1CC2(CCC2)Oc2ncc(CC(C)(C)C)cc21,7.9586072
105,COCC(=O)NC(Cc1cccc(-c2nccs2)c1F)C(O)CNC1CC2(CCC2)Oc2ncc(CC(C)(C)C)cc21,7.1487417
106,CC1(c2cc(NC(=O)c3ccc(Cl)cn3)ccc2F)CCCOC(N)=N1,7.8538718
107,CCc1ccc2c(c1)C(NCC(O)C1Cc3cccc(c3)CCCCn3cc(cc(N4CCCC4)c3=O)C(=O)N1)CC1(CCC1)O2,8.6020603
108,CC(NC(=O)c1cc(COCC(N)(CF)Cc2ccccc2)cc(N(C)S(C)(=O)=O)c1)c1ccc(F)cc1,6.0013046
109,CC(NC(=O)c1cc(COCC(N)Cc2ccccc2)cc(N(C)S(C)(=O)=O)c1)c1ccc(F)cc1,4.9956784
110,CC(NC(=O)c1cc(COCC(C)(N)Cc2ccccc2)cc(N(C)S(C)(=O)=O)c1)c1ccc(F)cc1,6.4634414
111,CCC(N)(COCc1cc(C(=O)NC(C)c2ccc(F)cc2)cc(N(C)S(C)(=O)=O)c1)Cc1ccccc1,4.6575775
112,COCC(N)(COCc1cc(C(=O)NC(C)c2ccc(F)cc2)cc(N(C)S(C)(=O)=O)c1)Cc1ccccc1,4.0
113,CC(NC(=O)c1cc(COCC(N)(Cc2ccccc2)C(F)F)cc(N(C)S(C)(=O)=O)c1)c1ccc(F)cc1,6.0338583
114,CC(NC(=O)c1cc(COCC(N)(CO)Cc2ccccc2)cc(N(C)S(C)(=O)=O)c1)c1ccc(F)cc1,5.8632793
115,CN1C(=O)[C@@](c2ccncc2)(c2cccc(-c3cc(F)ccc3F)c2)N=C1N,7.6989698
116,CN(c1cc2cc(c1)C(=O)NC(C(O)CNCc1cccc(C(C)(C)C)c1)COC/C=C/CCNC2=O)S(C)(=O)=O,7.8239088
117,Cc1cc2cc(c1)C(=O)NC(C(O)CNCc1cccc(C(C)C)c1)COC/C=C/CCNC2=O,6.3010302
118,CN(c1cc2cc(c1)C(=O)NC(C(O)CNCc1ccccc1)COC/C=C/CCNC2=O)S(C)(=O)=O,6.5686364
119,CC(C)c1cccc(CNCC(O)C2COC/C=C/CCNC(=O)c3cc(cc(N(C)S(C)(=O)=O)c3)C(=O)N2)c1,7.8538718
120,Cc1cc2cc(c1)C(=O)NC(C(O)CNCc1ccccc1)COC/C=C/CCNC2=O,5.0
121,CCn1cc(C2(c3cccc(-c4cncnc4)c3)N=C(N)c3c(F)cccc32)cc(C)c1=O,7.8096681
122,Cc1cc(C2(c3cccc(-c4cncnc4)c3)N=C(N)c3c(F)cccc32)cn(C)c1=O,7.2160964
123,CN(C(=O)CCc1cc2ccccc2nc1N)C1CCCCC1,4.415669
124,CCc1cn2c3c(cc(C(=O)NC(Cc4ccccc4)[C@H](O)CNCc4cccc(OC)c4)cc13)NS(=O)(=O)CC2,7.8538718
125,CO/N=C(\C)c1cc(C(=O)NC(Cc2cc(F)cc(F)c2)[C@@H](O)CNCc2cccc(OC)c2)cc(N(C)S(C)(=O)=O)c1,7.221849
126,CCCN(CCC)C(=O)c1cc(CC(C)O)cc(C(=O)NC(Cc2cc(F)cc(F)c2)C(O)CNCc2cccc(OC)c2)c1,7.7958798
127,CCCN(CCC)C(=O)c1cc(CC(COC)OC)cc(C(=O)NC(Cc2cc(F)cc(F)c2)C(O)CNCc2cccc(OC)c2)c1,5.6989698
128,CCCN(CCC)C(=O)c1cccc(C(=O)NC(Cc2cc(F)cc(F)c2)C(O)CNCc2cccc(OC)c2)c1,7.5086384
129,CCCN(CCC)C(=O)c1cc(C(=O)NC(Cc2cc(F)cc(F)c2)C(O)CNCc2cccc(OC)c2)cc(C(C)N)c1,6.9100947
130,C=CCO/N=C(/C)c1cc(C(=O)NC(Cc2cc(F)cc(F)c2)C(O)CNCc2cccc(OC)c2)cc(C(=O)N(CCC)CCC)c1,8.0
131,CCCN(CCC)C(=O)c1cc(C(C)=O)cc(C(=O)NC(Cc2cc(F)cc(F)c2)C(O)CNCc2cccc(OC)c2)c1,8.3979397
132,CCCN(CCC)C(=O)c1cc(C)cc(C(=O)NC(Cc2cc(F)cc(F)c2)[C@@H](O)CNCc2cccc(OC)c2)c1,7.6989698
133,CCCN(CCC)C(=O)c1cc(C(=O)NC(Cc2cc(F)cc(F)c2)C(O)CNCc2cccc(OC)c2)cc(C(C)O)c1,8.6989698
134,CCCN(CCC)C(=O)c1cc(C(=O)NC(Cc2cc(F)cc(F)c2)C(O)CNCc2cccc(OC)c2)cc(/C(C)=N\OCC(C)C)c1,7.2596374
135,CCCN(CCC)C(=O)c1cc(CCO)cc(C(=O)NC(Cc2cc(F)cc(F)c2)C(O)CNCc2cccc(OC)c2)c1,8.0
136,CCCN(CCC)C(=O)c1cc(C(=O)NC(Cc2cc(F)cc(F)c2)C(O)CNCc2cccc(OC)c2)cc(/C(C)=N\O)c1,8.5228786
137,CCCO/N=C(/C)c1cc(C(=O)NC(Cc2cc(F)cc(F)c2)[C@@H](O)CNCc2cccc(OC)c2)cc(N(C)S(C)(=O)=O)c1,7.2291479
138,CCCN(CCC)C(=O)c1cc(C(=O)NC(Cc2cc(F)cc(F)c2)C(O)CNCc2cccc(OC)c2)cc(/C(C)=N\OC)c1,9.0
139,CCCN(CCC)C(=O)c1cc(C(=O)NC(Cc2cc(F)cc(F)c2)C(O)CNCc2cccc(OC)c2)cc(C(C)NC(C)=O)c1,7.6989698
140,CCCCN(C)C(=O)n1cc(C(=O)NC(Cc2cc(F)cc(F)c2)C(O)CNCc2cccc(OC)c2)c2cc(C(F)(F)F)ccc21,6.7958798
141,CCCCOC(=O)n1cc(C(=O)NC(Cc2cc(F)cc(F)c2)C(O)CNCc2cccc(OC)c2)c2ccccc21,5.9586072
142,CCCCN(C)C(=O)n1cc(C(=O)NC(Cc2cc(F)cc(F)c2)C(O)CNCc2cccc(OC)c2)c2cc(F)ccc21,7.8860564
143,CCCCS(=O)(=O)n1cc(C(=O)NC(Cc2ccccc2)C(O)CNCc2cccc(OC)c2)c2ccccc21,5.5086384
144,CCCN(CCC)C(=O)n1cc(C(=O)NC(Cc2ccccc2)C(O)CNCc2cccc(OC)c2)c2ccccc21,6.6197886
145,CCCCNC(=O)n1cc(C(=O)NC(Cc2cc(F)cc(F)c2)C(O)CNCc2cccc(OC)c2)c2ccccc21,6.7212462
146,CCCCN(C)C(=O)n1cc(C(=O)NC(Cc2cc(F)cc(F)c2)C(O)CNCc2cccc(OC)c2)c2ccc(C#N)cc21,6.9208188
147,CCN(CC)C(=O)n1cc(C(=O)NC(Cc2ccccc2)C(O)CNCc2cccc(OC)c2)c2ccccc21,5.8239088
148,CCCCn1cc(C(=O)NC(Cc2ccccc2)C(O)CNCc2cccc(OC)c2)c2ccccc21,4.4202166
149,CCCCN(C)C(=O)n1cc(C(=O)NC(Cc2cc(F)cc(F)c2)C(O)CNCc2cccc(OC)c2)c2ccc(F)cc21,7.1804562
150,CCCCN(CCCC)C(=O)n1cc(C(=O)NC(Cc2cc(F)cc(F)c2)C(O)CNCc2cccc(OC)c2)c2ccccc21,7.3467875
151,CCCCN(C)C(=O)n1cc(C(=O)NC(Cc2cc(F)cc(F)c2)C(O)CNCc2cccc(OC)c2)c2ccccc21,8.1307678
152,CCCCN(C)C(=O)n1cc(C(=O)NC(Cc2cc(F)cc(F)c2)C(O)CNCc2cccc(OC)c2)c2cc(C(=O)O)ccc21,7.154902
153,CCCCN(C)C(=O)n1cc(C(=O)NC(Cc2cc(F)cc(F)c2)C(O)CNCc2cccc(OC)c2)c2cc(Cl)ccc21,7.5228786
154,COc1cccc(CNC[C@H](O)[C@H](Cc2cc(F)cc(F)c2)NC(=O)c2cc(/C(C)=N/OCC(C)C)cc(N(c3ccccc3)S(C)(=O)=O)c2)c1,6.6161847
155,COc1cccc(CNC[C@H](O)[C@H](Cc2cc(F)cc(F)c2)NC(=O)c2cc(/C(C)=N\O)cc(N(c3ccccc3)S(C)(=O)=O)c2)c1,8.0457573
156,COc1cccc(CNC[C@H](O)[C@H](Cc2cc(F)cc(F)c2)NC(=O)c2cc(C(C)=O)cc(N(c3ccccc3)S(C)(=O)=O)c2)c1,7.7695513
157,COc1cccc(CNC[C@H](O)[C@H](Cc2cc(F)cc(F)c2)NC(=O)c2cccc(N(c3ccccc3)S(C)(=O)=O)c2)c1,7.9586072
158,C=CCO/N=C(/C)c1cc(C(=O)N[C@@H](Cc2cc(F)cc(F)c2)[C@@H](O)CNCc2cccc(OC)c2)cc(N(c2ccccc2)S(C)(=O)=O)c1,7.5686364
159,COc1cccc(-c2cccc(C3(c4ccncc4)N=C(C)C(N)=N3)c2)c1,6.7695513
160,CCNc1cc(C(=O)N[C@@H](Cc2ccccc2)[C@H](O)CNCc2cccc(OC)c2)cc2c1CCCS(=O)(=O)N2C,7.7212462
161,CC(=O)N[C@@H](Cc1ccccc1)[C@H](O)CN[C@H]1CC(C)(C)Cc2nn(CC(C)(C)C)cc21,7.3565474
162,CC(NC(=O)c1cc(-c2n[nH]c(C(C)(N)Cc3ccccc3)n2)cc(N(C)S(C)(=O)=O)c1)c1ccc(F)cc1,6.0851283
163,COCC(Oc1cc(CC2CS(=O)CC(NCc3cccc(C(C)(C)O)c3)C2O)cc(F)c1N)C(F)(F)F,7.8860564
164,COCC(Oc1cc(CC2CS(=O)CC(NCc3cccc(OC(F)(F)F)c3)C2O)cc(F)c1N)C(F)(F)F,6.6736641
165,COCC(Oc1cc(CC2CS(=O)CC(NCc3cccc(OC(C)C)c3)C2O)cc(F)c1N)C(F)(F)F,7.09691
166,COCC(Oc1cc(CC2CS(=O)CC(NCc3cccc(C(C)(C)CO)c3)C2O)cc(F)c1N)C(F)(F)F,7.9208188
167,COCC(Oc1cc(CC2CS(=O)CC(NCc3cc(C(C)(C)C)ccc3F)C2O)cc(F)c1N)C(F)(F)F,8.0
168,COCC(Oc1cc(CC2CS(=O)CC(NCc3cccc(C(C)C)c3)C2O)cc(F)c1N)C(F)(F)F,7.7447276
169,CC(C)(C)c1cccc(CNC2CS(=O)CC(Cc3cc(O)c(N)c(F)c3)C2O)c1,6.2757239
170,CC(C)(C)c1cccc(CNC2CS(=O)CC(Cc3cc(F)c(N)c(OCC(F)(F)F)c3)C2O)c1,8.0969095
171,COc1cc(CC2CS(=O)CC(NCc3cccc(C(C)(C)C)c3)C2O)cc(F)c1N,7.4814858
172,CC(C)(C)c1cccc(CNC2CS(=O)CC(Cc3cc(F)c(N)c(OC(CO)C(F)(F)F)c3)C2O)c1,8.1549015
173,COCC(Oc1cc(CC2CS(=O)CC(NC(C)c3cccc(C(C)(C)C)c3)C2O)cc(F)c1N)C(F)(F)F,8.0
174,CC(=O)NC(Cc1cc(F)cc(F)c1)C(O)CNC1(c2cn(CC(C)(C)C)nn2)CC1,6.3467875
175,Cc1cc(C2(c3cccc(-c4cncnc4)c3)N=C(N)c3c(F)cccc32)cc(C)n1,5.8601208
176,COc1cc(C2(c3cccc(-c4cncnc4)c3)N=C(N)c3c(F)cccc32)ccn1,6.3968558
177,NC1=NC(c2ccncc2)(c2cccc(-c3cncnc3)c2)c2ccccc21,6.3010302
178,NC1=NC(c2ccncc2)(c2cccc(-c3cncnc3)c2)c2cccc(F)c21,6.9065785
179,NC1=NC(c2ccnc(C(F)F)c2)(c2ccc(F)c(-c3cncnc3)c2)c2cc(F)cc(F)c21,7.4412913
180,NC1=NC(c2ccnc(C(F)F)c2)(c2ccc(F)c(-c3cncnc3)c2)c2cccc(F)c21,7.4546928
181,NC1=NC(c2cccc(-c3cncnc3)c2)(c2ccnc(C(F)(F)F)c2)c2cccc(F)c21,6.6179829
182,NC1=NC(c2cccc(-c3cncnc3)c2)(c2ccnc(C(F)F)c2)c2cccc(F)c21,7.5833597
183,NC1=NC(c2cccc(-c3cncnc3)c2)(c2ccnc(C(F)(F)F)c2)c2ccccc21,6.8728952
184,CCNc1cc(C(=O)NC(Cc2ccccc2)C(O)CNC2CC2)cc2c1CCCS(=O)(=O)N2C,6.8239088
185,CC(C)c1cccc(CNC[C@@H](O)[C@@H]2COC/C=C/C[C@@H](c3ccccc3)NC(=O)c3cc(cc(N(C)S(C)(=O)=O)c3)C(=O)N2)c1,6.3979402
186,CCc1cn2c3c(cc(C(=O)NC(Cc4ccccc4)C(O)CNC)cc13)N(C)S(=O)(=O)C2,7.0409584
187,CCc1cn2c3c(cc(C(=O)NC(Cc4ccccc4)C(O)CNC(C)(C)CCCC(C)C)cc13)N(C)S(=O)(=O)C2,7.6382723
188,CC(C)CCCC(C)NCC(O)C(Cc1ccccc1)NC(=O)c1cccc(N(c2ccccc2)S(C)(=O)=O)c1,7.4948502
189,CO/N=C(\C)c1cc(C(=O)NC(Cc2cc(F)cc(F)c2)[C@@H](O)CNCc2cccc(OC)c2)cc(N(c2ccccc2)S(C)(=O)=O)c1,8.0
190,CCCO/N=C(/C)c1cc(C(=O)NC(Cc2cc(F)cc(F)c2)[C@@H](O)CNCc2cccc(OC)c2)cc(N(c2ccccc2)S(C)(=O)=O)c1,8.2218485
191,Cc1ccc(N(c2ccccc2)S(C)(=O)=O)cc1C(=O)NC(Cc1ccccc1)C(O)CNCc1cccc(C(F)(F)F)c1,5.4596705
192,CC(C)c1cc(C(=O)NC(Cc2ccccc2)C(O)CNCc2cccc(C(F)(F)F)c2)cc(N(c2ccccc2)S(C)(=O)=O)c1,8.3010302
193,CCOc1cc(C(=O)NC(Cc2ccccc2)C(O)CNCc2cccc(C(F)(F)F)c2)cc(N(c2ccccc2)S(C)(=O)=O)c1,8.5228786
194,CS(=O)(=O)N(c1ccccc1)c1cccc(C(=O)NC(Cc2ccccc2)C(O)CNCc2cccc(C(F)(F)F)c2)c1,7.6382723
195,Cc1ccc(C(=O)NC(Cc2ccccc2)C(O)CNCc2cccc(C(F)(F)F)c2)cc1N(c1ccccc1)S(C)(=O)=O,6.031517
196,Cc1c(C(=O)NC(Cc2ccccc2)C(O)CNCc2cccc(C(F)(F)F)c2)cccc1N(c1ccccc1)S(C)(=O)=O,7.5850267
197,CCS(=O)(=O)c1cc(C(=O)NC(Cc2ccccc2)C(O)CNCc2cccc(C(F)(F)F)c2)cc(N(c2ccccc2)S(C)(=O)=O)c1,7.8538718
198,CN1CC(C)(c2cccc(NC(=O)c3ccc(Cl)cn3)c2)N=C(N)C1=O,6.5301781
199,CN1CC(C)(c2cc(NC(=O)c3ccc(Cl)cn3)ccc2F)N=C(N)C1=O,7.3979402
200,CN1C[C@](C)(c2cccc(NC(=O)c3ccc(Cl)cn3)c2)N=C(N)C1=O,4.5228786
201,CN1C[C@](C)(c2cc(NC(=O)c3ccc(Cl)cn3)ccc2F)N=C(N)C1=O,4.5228786
202,CN1CC(N)=NC(C)(c2cccc(NC(=O)c3ccc(C#N)cn3)c2)C1=O,6.0899096
203,CC1(c2cccc(NC(=O)c3ccc(Cl)cn3)c2)N=C(N)CNC1=O,6.4584208
204,CN1CC(N)=NC(C)(c2cccc(NC(=O)c3ccc(C(F)(F)F)cn3)c2)C1=O,5.8601208
205,CN1CC(N)=N[C@](C)(c2cccc(NC(=O)c3ccc(Cl)cn3)c2)C1=O,6.4894552
206,CN1CC(N)=N[C@@](C)(c2cccc(NC(=O)c3ccc(Cl)cn3)c2)C1=O,4.5228786
207,CS(=O)(=O)N(c1ccccc1)c1cncc(C(=O)NC(Cc2ccccc2)C(O)CNCc2cccc(C(F)(F)F)c2)c1,7.6777806
208,NCCc1ccc(O)cc1,2.6989701
209,CC(C)CC(NC(=O)C(CC(N)=O)NC(=O)C(NC(=O)C(N)CCC(=O)O)C(C)C)C(O)CC(C)C(=O)NC(C)C(=O)NC(CCC(=O)O)C(=O)NC(Cc1ccccc1)C(=O)O,9.0
210,CC(C)CNC(=O)[C@H](C)C[C@H](O)[C@H](CC(C)C)NC(=O)[C@H](Cc1ccccc1)NC(=O)[C@H](CC(C)C)NC(=O)OC(C)(C)C,5.6363878
211,CCc1cc(CCN)ccc1O,3.1804562
212,CCCCOc1ccc(CSC(=N)N)cc1Cl,3.6777806
213,CC(N)Cc1ccc(O)cc1,3.09691
214,CC(C)CC(NC(=O)C(N)CCC(=O)O)C(=O)NC(CC(=O)O)C(=O)NC(CC(C)C)C(O)CC(C)C(=O)NC(C(=O)NC(CCC(=O)O)C(=O)NC(Cc1ccccc1)C(=O)O)C(C)C,9.5228786
215,CCOc1cccc(-c2ccc(C3CC3c3cc(=O)n(C)c(N)n3)cc2)c1,4.9913998
216,CSc1cccc(-c2ccc(C3CC3c3cc(=O)n(C)c(N)n3)cc2)c1,4.8268137
217,Cn1c(N)nc(C2CC2c2ccc(-c3cccc(C(N)=O)c3)cc2)cc1=O,4.2225733
218,CCCc1cccc(-c2ccc(C3CC3c3cc(=O)n(C)c(N)n3)cc2)c1,4.9586072
219,Cc1ccccc1-c1ccc(C2CC2c2cc(=O)n(C)c(N)n2)cc1,4.4045038
220,CC(=O)Nc1cccc(-c2ccc(C3CC3c3cc(=O)n(C)c(N)n3)cc2)c1,4.154902
221,CCc1cccc(-c2ccc(C3CC3c3cc(=O)n(C)c(N)n3)cc2)c1,4.6345119
222,CCSc1cccc(-c2ccc(C3CC3c3cc(=O)n(C)c(N)n3)cc2)c1,5.0409584
223,CCCOc1cccc(-c2ccc(C3CC3c3cc(=O)n(C)c(N)n3)cc2)c1,4.8538718
224,Cn1c(N)nc(C2CC2c2ccc(-c3ccccc3)cc2)cc1=O,4.5917602
225,CC(C)Oc1cccc(-c2ccc(C3CC3c3cc(=O)n(C)c(N)n3)cc2)c1,4.2676063
226,COc1cccc(-c2ccc(C3CC3c3cc(=O)n(C)c(N)n3)cc2)c1,4.8446641
227,Cn1c(N)nc(C2CC2c2ccc(-c3cccc(CC#N)c3)cc2)cc1=O,4.6861329
228,Cc1ccc(-c2ccc(C3CC3c3cc(=O)n(C)c(N)n3)cc2)cc1,3.924453
229,COCc1cccc(-c2ccc(C3CC3c3cc(=O)n(C)c(N)n3)cc2)c1,4.6143937
230,Cn1c(N)nc(C2CC2c2ccc(-c3cccc(CCO)c3)cc2)cc1=O,4.6108341
231,CCC(C)C1(NC(C)=O)CCN(C(CCc2ccccc2)C(=O)NC(Cc2cc(F)cc(F)c2)C(O)C2CC(Oc3ccccn3)CN2)C1=O,8.5850267
232,COc1cccc(-c2cccc([C@]3(C)CC(=O)N(C)C(N)=N3)c2)c1,6.4202166
233,COc1cccc(-c2cccc(C3(C)CC(=O)N(C)C(N)=N3)c2)c1,6.5686364
234,CC(=O)N[C@@H](Cc1ccccc1)[C@H](O)CN[C@H]1CC(C)(C)Oc2sc(CC(C)(C)C)cc21,8.0705814
235,NCCc1ccc(O)c(C2CCCCC2)c1,3.6575773
236,N#Cc1ccc(COC(=O)[C@H]2C[C@]3(CN2)C(=O)Nc2ccccc23)cc1,4.91364
237,O=C(OCc1ccccc1)[C@H]1C[C@]2(CN1)C(=O)Nc1ccccc12,4.067019
238,N#Cc1ccc(COC(=O)[C@H]2C[C@]3(CN2)C(=O)Nc2ccccc23)cc1Br,5.2034259
239,CC(C)C[C@H](NC(=O)[C@H](CC(N)=O)NC(=O)[C@@H](NC(=O)[C@@H](N)CCC(=O)O)C(C)C)[C@@H](O)[C@@H]1CCC[C@H]1C(=O)N[C@@H](C)C(=O)O,7.4089355
240,Cc1cc2cc(n1)NCCCCOc1cccc(c1)CC(C(O)CNCc1cccc(C(C)C)c1)NC2=O,7.5686364
241,CC(C)CC(CC(=O)NC(C)C)n1c(N)nc2cc(Cl)ccc21,3.6090648
242,CCC(CC(=O)NCCC(C)(C)C)n1c(N)nc2cc(Cl)ccc21,4.0222764
243,CCC(CC(=O)NC(COC(C)(C)C)C(=O)O)n1c(N)nc2cc(Cl)ccc21,4.0604806
244,Nc1nc2cc(Cl)ccc2[nH]1,3.1360826
245,CCC(CC(=O)NC(COC(C)(C)C)C(=O)OC)n1c(N)nc2cc(Cl)ccc21,4.124939
246,CCC(CC(=O)NC(C)C)n1c(N)nc2cc(Cl)ccc21,3.1580153
247,Nc1nc2cc(Cl)ccc2n1CCCO,3.1135092
248,CC(C)NC(=O)CCCn1c(N)nc2cc(Cl)ccc21,3.7144427
249,NC1=NC2(c3cccc(NC(=O)c4ccc(Cl)cn4)c3)CC2CS1,6.1191864
250,CN1C(=O)CC(C)(C2CC2c2cccc(-c3cccnc3)c2)N=C1N,4.9281178
251,CN1C(=O)C(c2cccc(-c3cccnc3F)c2)(c2cnn(CC(F)(F)F)c2)N=C1N,7.5228786
252,CC(C)Cn1cc(C2(c3cccc(-c4cccnc4F)c3)N=C(N)N(C)C2=O)cn1,7.6989698
253,CN1C(=O)C(c2cccc(-c3cccnc3F)c2)(c2cnn(CCC(C)(C)C)c2)N=C1N,7.6989698
254,CC(C)CCn1cc(C2(c3cccc(-c4cccnc4F)c3)N=C(N)N(C)C2=O)cn1,7.7958798
255,CN1C(=O)C(c2cccc(-c3cccnc3F)c2)(c2cnn(CCF)c2)N=C1N,7.3010302
256,CCn1cc(C2(c3cccc(-c4cccnc4F)c3)N=C(N)N(C)C2=O)cn1,8.0
257,CCC(CC)Cn1cc(C2(c3cccc(-c4cccnc4F)c3)N=C(N)N(C)C2=O)cn1,7.6989698
258,CC(C)n1cc(C2(c3ccc(F)c(-c4cccnc4F)c3)N=C(N)N(C)C2=O)cn1,7.3979402
259,CCCCn1cc(C2(c3cccc(-c4cccnc4F)c3)N=C(N)N(C)C2=O)cn1,8.0
260,CCn1cc(C2(c3ccc(F)c(-c4cccnc4F)c3)N=C(N)N(C)C2=O)cn1,7.5228786
261,CC1(c2cc(NC(=O)c3ccc(Cl)cn3)ccc2F)CC2CC2C(N)=N1,7.0177288
0,COC(=O)CN1C(C)=C(C(=O)NOCc2ccccc2)[C@@H](C)C(C(=O)N[C@@H](Cc2ccccc2)[C@H](O)CNC2CC2)=C1C,4.8181562
1,CCC[C@@H]1C(C(=O)NOCc2ccccc2)=C(C)N(S(C)(=O)=O)C(C)=C1C(=O)N[C@@H](Cc1ccccc1)[C@H](O)CNC1CC1,5.0915151
2,CC[C@H]1C(C(=O)NOCc2ccccc2)=C(C)N(S(C)(=O)=O)C(C)=C1C(=O)N[C@@H](Cc1ccccc1)[C@H](O)CNC1CC1,5.0222764
3,CC1=C(C(=O)NOCc2ccccc2)[C@H](C)C(C(=O)N[C@@H](Cc2ccccc2)[C@H](O)CNC2CC2)=C(C)N1CC(=O)OC(C)C,5.0457573
4,CCOC(=O)CN1C(C)=C(C(=O)NOCc2ccccc2)[C@H](C)C(C(=O)N[C@@H](Cc2ccccc2)[C@H](O)CNC2CC2)=C1C,4.8096681
5,CC1=C(C(=O)NOCc2ccccc2)[C@H](C)C(C(=O)N[C@@H](Cc2ccccc2)[C@H](O)CNC2CC2)=C(C)N1S(C)(=O)=O,4.8268137
6,CC1=C(C(=O)NOCc2ccccc2)[C@H](C(C)C)C(C(=O)N[C@@H](Cc2ccccc2)[C@H](O)CNC2CC2)=C(C)N1S(C)(=O)=O,4.9586072
7,CC(=O)C1=C(C)N(CC(=O)OC(C)C)C(C)=C(C(=O)N[C@@H](Cc2ccccc2)[C@H](O)CNC2CC2)[C@@H]1C,4.5331326
8,CC(C)OC(=O)CN1C=C(C(=O)N[C@@H](Cc2ccccc2)[C@H](O)CNC2CC2)[C@H](C)C(C(=O)OC(C)(C)C)=C1,4.4962091
9,CCC[C@@H]1C(C(C)=O)=C(C)N(CC(=O)OC(C)C)C(C)=C1C(=O)N[C@@H](Cc1ccccc1)[C@H](O)CNC1CC1,4.4801722
10,CCC[C@H]1C(C(=O)N[C@@H](Cc2ccccc2)[C@H](O)CNC2CC2)=CN(CC(=O)OC(C)C)C=C1C(=O)OC(C)(C)C,4.6090651
11,COc1cnc(C(=O)Nc2ccc(F)c(C3(C)N=C(N)OCC3(F)F)c2)cn1,7.5686364
12,CC#CCOc1cnc(C(=O)Nc2ccc(F)c(C3(C)N=C(N)OCC3(F)F)c2)cn1,8.2218485
13,C#CCOc1cnc(C(=O)Nc2ccc(F)c(C3(C)N=C(N)OCC3(F)F)c2)cn1,7.8860564
14,CC1(c2cc(NC(=O)c3cnc(OCC(F)(F)F)cn3)ccc2F)N=C(N)OCC1(F)F,7.6020598
15,CC(=O)NC(Cc1cc(F)cc(F)c1)C(O)CNC1(c2cnn(CC(C)(C)C)c2)CC1,6.4609237
16,COc1cccc(-c2cccc(C3(c4ccncc4)N=C(N)N4CCCN=C43)c2)c1F,7.0500002
17,COc1ccc(F)c(-c2cccc(C3(c4ccncc4)N=C(N)N4CC(F)(F)CN=C43)c2)c1,7.54
18,CN1C(=O)C(c2ccc(OC(F)(F)F)cc2)(c2cccc(-c3cncnc3)c2F)N=C1N,5.8664613
19,COc1ccc(C2(c3cccc(-c4cncnc4)c3)N=C(N)N(C)C2=O)cc1C,7.5228786
20,CN1C(=O)C(c2ccc(OC(F)(F)F)cc2)(c2cc(F)cc(-c3cncnc3)c2)N=C1N,6.4948502
21,COc1ccc(C2(c3ccc(F)c(-c4cncnc4)c3)N=C(N)N(C)C2=O)cc1C,7.6989698
22,CCOc1cccc(-c2ccc3c(c2)C2(CC(C)(C)O3)N=C(N)N(C)C2=O)c1,7.154902
23,CCN1C(=O)C2(CC(C)(C)Oc3ccc(-c4cccc(Cl)c4)cc32)N=C1N,6.5850267
24,COc1ccc(F)c(-c2ccc3c(c2)C2(CC(C)(C)O3)N=C(N)N(C)C2=O)c1,7.221849
25,CN1C(=O)C2(CC(C)(C)Oc3ccc(-c4cccc(C(F)(F)F)c4)cc32)N=C1N,7.1307683
26,CN1C(=O)C2(CC(C)(C)Oc3ccc(-c4cc(F)cc(Cl)c4)cc32)N=C1N,7.4089355
27,CN1C(=O)C2(CC(C)(C)Oc3ccc(-c4ccccc4)cc32)N=C1N,6.3419886
28,COc1cccc(-c2ccc3c(c2)C2(CC(C)(C)O3)N=C(N)N(C)C2=O)c1,7.167491
29,CN1C(=O)C2(CC(C)(C)Oc3ccc(-c4cccc(OC(F)F)c4)cc32)N=C1N,7.5528421
30,CC(C)Oc1cccc(-c2ccc3c(c2)C2(CC(C)(C)O3)N=C(N)N(C)C2=O)c1,5.5430269
31,CC1(C)CC2(N=C(N)N(CC(F)(F)F)C2=O)c2cc(-c3cccc(Cl)c3)ccc2O1,6.2189631
32,CN1C(=O)C2(CC(C)(C)Oc3ccc(-c4cccc(F)c4)cc32)N=C1N,7.004365
33,COc1ccccc1-c1ccc2c(c1)C1(CC(C)(C)O2)N=C(N)N(C)C1=O,5.7695513
34,COc1cc(F)cc(-c2ccc3c(c2)C2(CC(C)(C)O3)N=C(N)N(C)C2=O)c1,7.2146702
35,CSc1cccc(-c2ccc3c(c2)C2(CC(C)(C)O3)N=C(N)N(C)C2=O)c1,6.4634414
36,CN1C(=O)C2(CC(C)(C)Oc3ccc(-c4cc(Cl)cc(Cl)c4)cc32)N=C1N,7.5528421
37,CN1C(=O)C2(CC(C)(C)Oc3ccc(-c4cc(Cl)ccc4F)cc32)N=C1N,7.4436975
38,COc1ccc(-c2ccc3c(c2)C2(CC(C)(C)O3)N=C(N)N(C)C2=O)cc1,5.1428485
39,CC(C)Oc1cccc(CN2CCC3(CC2C)CN(c2ncccn2)S(=O)(=O)N3c2cccc(F)c2)c1,5.8239088
40,CN1C(=O)C(c2ccncc2)(c2cccc(-c3cccc(F)c3)c2)N=C1N,7.3010302
41,CN1C(=O)C(c2ccncc2)(c2cccc(-c3cccc(C#N)c3)c2)N=C1N,7.3979402
42,CN1C(=O)C(c2ccncc2)(c2cccc(-c3cccc(F)c3F)c2)N=C1N,7.3979402
43,CN1C(=O)C(c2ccncc2)(c2cccc(-c3ccccc3)c2)N=C1N,6.8860564
44,CN1C(=O)C(c2ccncc2)(c2cccc(-c3cc(F)cc(F)c3)c2)N=C1N,7.221849
45,CN1C(=O)C(c2ccncc2)(c2cccc(-c3cccc(C(F)(F)F)c3)c2)N=C1N,6.6020598
46,COc1cccc(-c2cccc(C3(c4ccncc4)N=C(N)N(C)C3=O)c2)c1,7.5228786
47,CCC[C@H]1C(C(=O)N[C@@H](Cc2ccccc2)[C@H](O)CNc2cccc(OC)c2)=CN(CC(=O)OC(C)C)C=C1C(=O)OC(C)(C)C,4.5171266
48,CCC[C@@H]1C(C(C)=O)=C(C)N(CC(=O)OC(C)C)C(C)=C1C(=O)N[C@@H](Cc1ccccc1)[C@H](O)CNc1cccc(F)c1,4.5670309
49,CC(=O)C1=C(C)N(CC(=O)OC(C)C)C=C(C(=O)N[C@@H](Cc2ccccc2)[C@H](O)CNc2cccc(F)c2)[C@@H]1C,4.5331326
50,CCC[C@@H]1C(C(C)=O)=C(C)N(CC(=O)OC(C)C)C(C)=C1C(=O)N[C@@H](Cc1ccccc1)[C@H](O)CNc1cccc(OC)c1,4.5751185
51,CC(=O)C1=C(C)N(CC(=O)OC(C)C)C(C)=C(C(=O)N[C@@H](Cc2ccccc2)[C@H](O)CNc2cccc(F)c2)[C@@H]1C,4.5783958
52,CO[C@H](C)C(=O)N[C@@H](Cc1ccc2c(c1)OCO2)[C@H](O)CN[C@H]1CC2(CCC2)Oc2ncc(CC(C)(C)C)cc21,7.7746906
53,CC(C)c1cccc(CNC[C@@H](O)[C@@H]2C[C@H](C)CCCCCCCCC(=O)N(C)[C@@H](C)C(=O)N2)c1,7.5686364
54,CC(=O)NC(Cc1cc(F)cc(F)c1)C(O)CNC1(c2cccc(C(C)(C)C)c2)CCN(C(N)=O)CC1,6.4202166
55,CC(=O)NC(Cc1cc(F)cc(F)c1)C(O)CNC1(c2cccc(C(C)(C)C)c2)CCNCC1,5.3279023
56,CC(C)[C@H](NC(=O)[C@H](C)C[C@H](O)[C@H](COCc1cc(F)cc(F)c1)NC(=O)c1cc(C(=O)N[C@H](C)c2ccccc2)cc(N(C)S(C)(=O)=O)c1)C(=O)NCc1ccccc1,8.1804562
57,C#CCNC[C@@H](O)C(Cc1ccccc1)NC(=O)c1cc2c3c(c1)c(CC)cn3CCS(=O)(=O)O2,6.4436975
58,CCc1cn2c3c(cc(C(=O)NC(Cc4ccccc4)C(O)CNC4CCCCC4)cc13)N(CC)S(=O)(=O)CC2,8.1549015
59,CCc1cn2c3c(cc(C(=O)NC(Cc4ccccc4)C(O)CNC4CCCCC4)cc13)N(C)S(=O)(=O)CC2,8.0457573
60,Cc1cc2cc(n1)OCCCCOc1cccc(c1)CC(C(O)CNC(C)c1cccc(C(C)C)c1)NC2=O,7.0809221
61,Cc1cc2cc(n1)OCCCCOc1cccc(c1)CC(C(O)CNCc1cccc(C(C)C)c1)NC2=O,7.3767509
62,CC(NC(=O)c1cc(NCCC(N)(CO)Cc2ccccc2)cc(N(C)S(C)(=O)=O)c1)c1ccc(F)cc1,4.0
63,CC(=O)NC(Cc1cc(F)cc(F)c1)C(O)CNC1(c2ncc(C(C)(C)C)o2)CCCCC1,5.801343
64,CC(=O)NC(Cc1cc(F)cc(F)c1)C(O)CNC1(c2nc(C(C)(C)C)co2)CCCCC1,3.8607507
65,COc1ccc(C2(c3cccc(-c4cccnc4)c3)N=C(N)N(C)C2=O)cc1C1CCCC1,6.9208188
66,CCc1csc(C2(NCC(O)C(Cc3cc(F)cc(F)c3)NC(C)=O)CCCCC2)c1,5.7594509
67,CC(=O)NC(Cc1cc(F)cc(F)c1)C(O)CNC1(c2cccs2)CCCCC1,4.5228786
68,CC(=O)NC(Cc1cc(F)cc(F)c1)C(O)CNC1(c2ccc(C(C)C)s2)CCCCC1,5.3968558
69,CC(=O)NC(Cc1cc(F)cc(F)c1)C(O)CNC1(c2cc(CC(C)(C)C)cs2)CCCCC1,6.8827286
70,C#Cc1csc(C2(NCC(O)C(Cc3cc(F)cc(F)c3)NC(C)=O)CCCCC2)c1,5.3649187
71,CC(=O)NC(Cc1cc(F)cc(F)c1)C(O)CNC1(c2cc(C(C)(C)C)cs2)CCCCC1,6.9829664
72,CC(=O)NC(Cc1cc(F)cc(F)c1)C(O)CNC1(c2cc(C(C)C)cs2)CCCCC1,6.4534574
73,CC(C)C[C@H](NC(=O)[C@@H](NC(=O)[C@@H](N)CNC(=O)c1nnn[nH]1)C(C)C)C(=O)NC[C@](O)(CCc1ccccc1)C(=O)Nc1cccc(C(=O)O)c1,6.7212462
74,Nc1nc2cc(Cl)ccc2n1CCCC(=O)NCCN1CCOCC1,3.0824945
75,CC(C)(C)c1cccc(CNC2CS(=O)(=O)CC(Cc3ccc4[nH]ccc4c3)C2O)c1,5.5606675
76,CCc1c[nH]c2ccc(CC3CS(=O)(=O)CC(NCc4cccc(C(C)(C)C)c4)C3O)cc12,6.6989698
77,CC(C)(C)c1cccc(CNC2CS(=O)(=O)CC(Cc3ccc4[nH]cc(CC(F)(F)F)c4c3)C2O)c1,6.9208188
78,CCOc1cc(CC2CS(=O)(=O)CC(NCc3cccc(C(C)(C)C)c3)C2O)cc(F)c1N,7.6197886
79,COCCOc1cc(CC2CS(=O)(=O)CC(NCc3cccc(C(C)(C)C)c3)C2O)cc(F)c1N,7.0
80,CNC(=O)Oc1ccc(CC2CS(=O)(=O)CC(NCc3cccc(C(C)C)c3)C2O)cc1Br,7.221849
81,CCCOc1cccc(CC2CS(=O)(=O)CC(NCc3cccc(C(C)(C)C)c3)C2O)c1,6.1739254
82,CC(C)Oc1cc(CC2CS(=O)(=O)CC(NCc3cccc(C(C)(C)C)c3)C2O)cc(F)c1N,7.3665314
83,CCCOc1cccc(CC2CS(=O)(=O)CC(NCc3cccc(C(C)C)c3)C2O)c1,5.6382723
84,CC(C)c1cccc(CNC2CS(=O)(=O)CC(Cc3ccc(O)cc3)C2O)c1,5.7447276
85,CCCc1cc(CC2CS(=O)(=O)CC(NCc3cccc(C(C)(C)C)c3)C2O)cc(F)c1N,6.8860564
86,CC(C)(CO)c1cccc(CNC2CS(=O)(=O)CC(Cc3cc(F)c(N)c(OC(C(F)(F)F)C(F)(F)F)c3)C2O)c1,8.6989698
87,CC(C)c1cccc(CNC2CS(=O)(=O)CC(Cc3ccccc3)C2O)c1,5.9586072
88,CCc1cc(CC2CS(=O)(=O)CC(NCc3cccc(C(C)C)c3)C2O)ccc1O,6.4317985
89,CC(C)(C)c1cccc(CNC2CS(=O)(=O)CC(Cc3ccccc3)C2O)c1,5.7904849
90,COCCOC[C@@H](Oc1cc(CC2CS(=O)(=O)CC(NCc3cccc(C(C)(C)C)c3)C2O)cc(F)c1N)C(F)(F)F,8.3979397
91,CC(C)c1cccc(CNC2CS(=O)(=O)CC(Cc3ccc(O)c(CO)c3)C2O)c1,5.9208188
92,CC(C)(C)c1cccc(CNC2CS(=O)(=O)CC(Cc3ccc(O)c(Br)c3)C2O)c1,7.2596374
93,CC(C)(C)c1cccc(CNC2CS(=O)(=O)CC(Cc3ccc(N)c(OCC(F)(F)F)c3)C2O)c1,7.4436975
94,O=S1(=O)CC(Cc2ccc(O)c(Br)c2)C(O)C(NCc2cc(Cl)cc(Cl)c2)C1,5.3767509
95,COc1ccc(CC2CS(=O)(=O)CC(NCc3cccc(C(C)C)c3)C2O)cc1Br,5.5528421
96,CCOC[C@H](Oc1cc(CC2CS(=O)(=O)CC(NCc3cccc(C(C)(C)C)c3)C2O)cc(F)c1N)C(F)(F)F,7.4948502
97,CC(C)(C)c1cccc(CNC2CS(=O)(=O)CC(Cc3cc(F)c(N)c(OCC(F)F)c3)C2O)c1,8.2218485
98,CC(C)(C)c1cccc(CNC2CS(=O)(=O)CC(Cc3cc(O)c(N)c(F)c3)C2O)c1,6.9208188
99,CC(C)(C)c1cccc(CNC2CS(=O)(=O)CC(Cc3ccc(N)c(Br)c3)C2O)c1,6.8538718
100,CCc1cc(CC2CS(=O)(=O)CC(NCc3cccc(C(C)(C)C)c3)C2O)cc(F)c1NC(=O)CN(C)C,7.2839966
101,O=S1(=O)CC(Cc2ccc(O)c(Br)c2)C(O)C(NCc2ccccc2)C1,4.1804562
102,CC(C)Oc1cccc(CNC2CS(=O)(=O)CC(Cc3ccc(O)c(Br)c3)C2O)c1,5.8538718
103,COC(Cc1cc(CC2CS(=O)(=O)CC(NCc3cccc(C(C)(C)C)c3)C2O)cc(F)c1N)C(F)(F)F,7.1079054
104,CCCOc1cc(CC2CS(=O)(=O)CC(NCc3cccc(C(C)(C)C)c3)C2O)cc(F)c1N,7.251812
105,CC(C)c1cccc(CNC2CS(=O)(=O)CC(Cc3ccc(O)c(CCO)c3)C2O)c1,6.004365
106,CC(C)(C)c1cccc(CNC2CS(=O)(=O)CC(Cc3cccc(Br)c3)C2O)c1,6.2146702
107,CC(C)(C)c1cccc(CNC2CS(=O)(=O)CC(Cc3ccc(N)c(OC(F)(F)F)c3)C2O)c1,6.8860564
108,Nc1c(F)cc(CC2CS(=O)(=O)CC(NCc3cccc(OC(F)(F)F)c3)C2O)cc1OC(C(F)(F)F)C(F)(F)F,7.3565474
109,CC(C)(C)c1cccc(CNC2CS(=O)(=O)CC(Cc3cc(F)c(N)c(OCCC(F)(F)F)c3)C2O)c1,7.124939
110,CC(C)(O)c1cccc(CNC2CS(=O)(=O)CC(Cc3cc(F)c(N)c(OC(C(F)(F)F)C(F)(F)F)c3)C2O)c1,8.6989698
111,CC(C)(C)c1cccc(CNC2CS(=O)(=O)CC(Cc3cc(F)c(N)c(Br)c3)C2O)c1,7.2596374
112,CCCCc1cc(CC2CS(=O)(=O)CC(NCc3cccc(C(C)C)c3)C2O)ccc1O,6.8239088
113,CCc1cc(CC2CS(=O)(=O)CC(NCc3cccc(C(C)(C)C)c3)C2O)cc(F)c1N,6.0604806
114,CN(C)CC(=O)Nc1ccc(CC2CS(=O)(=O)CC(NCc3cccc(C(C)(C)C)c3)C2O)cc1F,7.2146702
115,CCCOCc1cccc(CC2CS(=O)(=O)CC(NCc3cccc(C(C)C)c3)C2O)c1,5.9586072
116,CC(C)(C)c1cccc(CNC2CS(=O)(=O)CC(Cc3cc(F)c(N)c(OCCF)c3)C2O)c1,7.3665314
117,CC(C)(C)c1cccc(CNC2CS(=O)(=O)CC(Cc3cc(F)c(N)c(CCC(F)(F)F)c3)C2O)c1,6.8860564
118,CC(C)c1cccc(CNC2CS(=O)(=O)CC(Cc3ccc(O)c(Br)c3)C2O)c1,6.5228786
119,COC[C@@H](Oc1cc(CC2CS(=O)(=O)CC(NCc3cccc(C(C)(C)C)c3)C2O)cc(F)c1N)C(F)(F)F,8.6989698
120,CC(C)(C)c1cccc(CNC2CS(=O)(=O)CC(Cc3cc(F)c(N)c(OCC(F)(F)F)c3)C2O)c1,8.2218485
121,C[C@@H](Oc1cc(CC2CS(=O)(=O)CC(NCc3cccc(C(C)(C)C)c3)C2O)cc(F)c1N)C(F)(F)F,8.5228786
122,CC(C)c1cccc(CNC2CS(=O)(=O)CC(Cc3cccc(Br)c3)C2O)c1,6.1191864
123,CC(C)(C)c1cccc(CNC2CS(=O)(=O)CC(Cc3ccc(N)c(F)c3)C2O)c1,6.4559321
124,CCCc1cc(CC2CS(=O)(=O)CC(NCc3cccc(C(C)C)c3)C2O)ccc1O,6.7212462
125,CC(C)(C)c1cccc(CNC2CS(=O)(=O)CC(Cc3cc(F)c(N)c(OC(C(F)(F)F)C(F)(F)F)c3)C2O)c1,8.6989698
126,CCCOc1cc(CC2CS(=O)(=O)CC(NCc3cccc(C(C)(C)C)c3)C2O)ccc1N,7.3467875
127,CCc1cc(CC2CS(=O)(=O)CC(NCc3cccc(C(C)(C)C)c3)C2O)cc(F)c1NC(C)=O,8.0969105
128,COc1ccc(C2(c3cccc(-c4cccnc4F)c3)N=C(N)N3CCCN=C32)cc1,7.154902
129,NC1=NC(c2ccc(OC(F)F)cc2)(c2cccc(-c3cccnc3F)c2)C2=NCC(F)(F)CN12,7.52
130,COc1ccc(C2(c3ccc(F)c(-c4cccnc4)c3)N=C(N)N3CC(F)(F)CN=C32)cc1C,7.4299998
131,COc1cncc(-c2cccc(C3(c4ccc(OC(F)F)cc4)N=C(N)N4CC(F)(F)CN=C43)c2)c1,7.8600001
132,NC1=NC(c2ccc(OC(F)(F)F)cc2)(c2cccc(-c3cccnc3F)c2)C2=NCCCN12,7.221849
133,CCOc1ccc(C2(c3cccc(-c4cccnc4F)c3)N=C(N)N3CCCN=C32)cc1OCC,7.09691
134,COc1ccc(C2(c3cccc(-c4cccnc4)c3)N=C(N)N3CCCN=C32)cc1,7.04
135,CN(C)c1cccc(CNCC(O)C(Cc2ccccc2)NC(=O)C2(Cc3ccccc3)CN(Cc3ccccc3)C(=O)N2)c1,5.3009434
136,CN(C(=O)CCN1Cc2cc(C(=O)c3ccccc3)ccc2N=C1N)C1CCCCC1,7.9586072
137,CC(=O)NC(Cc1cc(F)cc(F)c1)C(O)CNC1(c2cccc(C(C)(C)C)c2)CCc2nc(C)ncc2C1,7.031517
138,CC(=O)NC(Cc1cc(F)cc(F)c1)C(O)CNC1(c2cccc(C(C)(C)C)c2)CCc2nc(N)ncc2C1,7.8538718
139,CCCCC1CCN(C(C)C(=O)NC(Cc2cc(F)cc(F)c2)C(O)C2CC(OCCC)CN2)C1=O,7.0604806
140,CCCC(O)C1CCN(C(C)C(=O)NC(Cc2cc(F)cc(F)c2)C(O)C2CC(O)CN2)C1=O,7.3979402
141,CCCOC1CNC(C(O)C(Cc2cc(F)cc(F)c2)NC(=O)C(C)N2CCC(C(O)CCC)C2=O)C1,7.154902
142,CCCCC1CCN(C(C)C(=O)NC(Cc2cc(F)cc(F)c2)C(O)C2CC(O)CN2)C1=O,7.0177288
143,CCCOC1CNC(C(O)C(Cc2cc(F)cc(F)c2)NC(=O)C(C)N2CCC(C(C)C)C2=O)C1,6.7958798
144,CCCOC1CNC(C(O)C(Cc2cc(F)cc(F)c2)NC(=O)C(C)N2CCC(CC(C)C)C2=O)C1,7.4559321
145,CCC(C)C1(NC(C)=O)CCN(C(C)C(=O)NC(Cc2cc(F)cc(F)c2)C(O)C2CC(O)CN2)C1=O,7.5086384
146,NC1=NC2(c3cccc(-c4cc(F)cc(Cl)c4)c3)CCCCC2O1,4.5751185
147,COc1cccc(-c2cccc(C34CCCCC3OC(N)=N4)c2)c1,4.4202166
148,N#Cc1cccc(-c2cccc(C34CCCCC3OC(N)=N4)c2)c1,4.4685211
149,NC1=NC(c2ccccc2)(C2CCCCC2)C(=O)N1CCCCCC(=O)O,6.0222764
150,CN1C(=O)C(c2ccccc2)(C2CCCCC2)N=C1N,6.004365
151,COCCC(=O)Nc1cccc(C2(C3CCCCC3)N=C(N)N(C)C2=O)c1,5.1045775
152,CCCCCCN1C(=O)C(c2ccccc2)(C2CCCCC2)N=C1N,5.8569851
153,COc1cccc(CNC[C@@H](O)[C@H](Cc2ccccc2)NC(=O)C2=CN(CC(=O)OC(C)C)C(C)=C(C(C)=O)[C@H]2C)c1,4.5833597
154,CCC[C@@H]1C(C(C)=O)=C(C)N(CC(=O)OC(C)C)C(C)=C1C(=O)N[C@@H](Cc1ccccc1)[C@H](O)CNCc1cccc(OC)c1,4.6345119
155,CCCS(=O)(=O)N(C)c1cc2cc(c1)C(=O)NC(C(O)CNC1(c3cccc(C(C)C)c3)CC1)Cc1cccc(c1)OCCCCN2,8.6989698
156,CC1(C)Cc2cc(Cl)ccc2C(NC(Cc2cscc2Br)C(=O)O)=N1,6.5086384
157,CC1(C)Cc2cc(Cl)ccc2C(NC(Cc2ccsc2Br)C(=O)O)=N1,5.0222764
158,CCCc1cscc1C[C@H](NC1=NC(C)(C)Cc2cc(Cl)ccc21)C(=O)O,6.2146702
159,CC1(C)Cc2cc(Cl)ccc2C(NC(Cc2ccsc2)C(=O)O)=N1,5.5376019
160,C#Cc1cscc1CC(NC1=NC(C)(C)Cc2cc(Cl)ccc21)C(=O)O,6.1191864
161,CC#Cc1cscc1CC(NC1=NC(C)(C)Cc2cc(Cl)ccc21)C(=O)O,6.2924299
162,CCc1cscc1CC(NC1=NC(C)(C)Cc2cc(Cl)ccc21)C(=O)O,6.2006593
163,CCCc1cscc1CC(NC1=NC(C)(C)Cc2cc(Cl)ccc21)C(=O)O,6.2146702
164,CC1(C)Cc2cc(Cl)ccc2C(N[C@@H](Cc2cscc2Br)C(=O)O)=N1,6.5086384
165,CCCN(CCC)C(=O)c1cc(C)cc(C(=O)N[C@@H](Cc2cc(F)cc(F)c2)[C@H](O)CNCc2cccc(OC)c2)c1,8.3979397
166,CCCN(CCC)C(=O)c1cc(C(N)=O)cc(C(=O)N[C@@H](Cc2cc(F)cc(F)c2)[C@H](O)CNCc2cccc(OC)c2)c1,7.9586072
167,COc1cccc(CNC[C@H](O)[C@H](Cc2cc(F)cc(F)c2)NC(=O)c2cc(/C(C)=N\OCC(C)C)cc(N(C)S(C)(=O)=O)c2)c1,6.7619538
168,CCCN(CCC)C(=O)c1cc(C)cc(C(=O)N[C@@H](Cc2cc(F)cc(F)c2)[C@@H](O)CNCc2cccc(OC)c2)c1,5.3665314
169,COc1cccc(CNC[C@H](O)[C@H](Cc2cc(F)cc(F)c2)NC(=O)c2cc(C(C)=O)cc(N(C)S(C)(=O)=O)c2)c1,6.9065785
170,COc1cccc(CNC[C@H](O)[C@H](Cc2cc(F)cc(F)c2)NC(=O)c2cccc(N(C)S(C)(=O)=O)c2)c1,7.124939
171,COc1cccc(CNC[C@H](O)[C@H](Cc2cc(F)cc(F)c2)NC(=O)c2cc(/C(C)=N\O)cc(N(C)S(C)(=O)=O)c2)c1,7.1191864
172,CCCN(CCC)C(=O)c1cccc(C(=O)N[C@@H](Cc2ccccc2)[C@H](O)CNCc2cccc(OC)c2)c1,6.7212462
173,C=CCO/N=C(/C)c1cc(C(=O)N[C@@H](Cc2cc(F)cc(F)c2)[C@@H](O)CNCc2cccc(OC)c2)cc(N(C)S(C)(=O)=O)c1,6.821023
174,CCCN(CCC)C(=O)c1cc(C)cc(C(=O)N[C@@H](Cc2cc(F)cc(F)c2)[C@H](O)CNCc2cccc(I)c2)c1,8.3010302
175,COc1cccc(CNC[C@H](O)[C@H](Cc2cc(F)cc(F)c2)NC(=O)c2cc(C(C)O)cc(N(C)S(C)(=O)=O)c2)c1,7.3665314
176,CC(NC(=O)c1cc(COC(=O)C(N)(CO)Cc2ccccc2)cc(N(C)S(C)(=O)=O)c1)c1ccc(F)cc1,6.5086384
177,C[C@@H](NC(=O)c1cc(COC(=O)[C@](C)(N)Cc2ccccc2)cc(N(C)S(C)(=O)=O)c1)c1ccc(F)cc1,7.5686364
178,COc1cccc(-c2ccc(C3CC3c3cc(=O)n(C)c(N)n3)cc2)n1,4.273273
179,COC(COc1ccccc1)CC(O)C(COc1cc(F)cc(F)c1)NC(=O)c1cc(C(=O)NC(C)c2ccccc2)cc(N(C)S(C)(=O)=O)c1,5.1870866
180,CCC(C)C1(NC(C)=O)CCN(C(CCc2ccccc2)C(=O)NC(Cc2cc(F)cc(F)c2)C(O)C2CC(Oc3ccccc3)CN2)C1=O,8.5850267
181,CC(NC(=O)c1cc(C(=O)NCC(O)(CO)Cc2ccccc2)cc(N(C)S(C)(=O)=O)c1)c1ccc(F)cc1,4.6038008
182,CC(NC(=O)c1cc(C(=O)NCC(N)(CO)Cc2ccccc2)cc(N(C)S(C)(=O)=O)c1)c1ccc(F)cc1,4.9665761
183,COc1ccc(C2(c3cccc(-c4cc(Cl)ccc4F)c3)COC(N)=N2)cc1,5.7099652
184,COc1ccc(C2(c3cccc(-c4cccc(Cl)c4)c3)COC(N)=N2)cc1,5.6861329
185,CC(C)CNC(=O)[C@H](C)C[C@H](O)[C@H](CC(C)C)NC(=O)[C@H](Cc1ccc([N+](=O)[O-])cc1)NC(=O)c1ccc(Cl)cc1Cl,5.3726339
186,COc1ccc(C(=O)N[C@@H](Cc2ccc([N+](=O)[O-])cc2)C(=O)N[C@@H](CC(C)C)[C@@H](O)C[C@@H](C)C(=O)NCC(C)C)cc1OC,5.419075
187,CC(C)CNC(=O)[C@H](C)C[C@H](O)[C@H](CC(C)C)NC(=O)[C@H](Cc1ccccc1)NC(=O)c1ccccc1,5.1592669
188,CC(C)CNC(=O)[C@H](C)C[C@H](O)[C@H](CC(C)C)NC(=O)[C@H](Cc1ccccc1)NC(=O)c1ccc([N+](=O)[O-])cc1,4.8032713
189,CC(C)CNC(=O)[C@H](C)C[C@H](O)[C@H](CC(C)C)NC(=O)[C@H](Cc1ccc([N+](=O)[O-])cc1)NC(=O)c1ccc([N+](=O)[O-])cc1,5.5783958
190,Nc1cccc(CCc2ccc3cc[nH]c3c2)n1,4.0268722
191,CCCc1cc(=O)[nH]c(N)n1,2.6989701
192,Cc1cc2cc(n1)OCCCCOc1cccc(c1)CC(C(O)CNC1(c3cccc(C(C)C)c3)CC1)NC2=O,7.7695513
193,COCc1cc2cc(n1)OCCCCOc1cccc(c1)CC(C(O)CNC1(c3cccc(C(C)C)c3)CC1)NC2=O,8.0457573
194,CC(=O)NC(Cc1cc(F)cc(F)c1)C(O)CNC1(c2cccc(C(C)(C)C)c2)CCCC1,6.6575775
195,COc1cccc(-c2cccc(C3(C)N=C(N)CCS3)c2)c1,6.2006593
196,Cc1cc(C2(c3cccc(-c4cncnc4)c3)N=C(N)N(C)C2=O)cc(C(C)C)n1,6.5228786
197,CC(C)c1cc(C2(c3cccc(-c4cncnc4)c3)N=C(N)N(C)C2=O)ccn1,7.154902
198,COc1cccc(-c2cccc(C3(c4ccccc4)NC(=N)N(C)C3=O)c2)c1,6.7212462
199,Nc1cccc(Cn2c(-c3ccc(Oc4cnccn4)cc3)ccc2-c2ccccc2Cl)n1,6.3372421
200,CCn1nnc2c(N3CCCC3=O)cc(C(=O)NC(Cc3ccccc3)C(O)CNCc3cccc(C(F)(F)F)c3)cc21,7.4685211
201,C[C@H](NC[C@@H](O)[C@H](Cc1ccccc1)NC(=O)c1cccc(N(c2ccccc2)S(C)(=O)=O)c1)C(=O)NC1CCCCC1,7.8239088
202,CCNc1cc(C(=O)N[C@@H](Cc2ccccc2)[C@H](O)CN[C@@H](C)C(=O)NC2CCCCC2)cc(N(c2ccccc2)S(C)(=O)=O)c1,8.5228786
203,CS(=O)(=O)N(c1ccccc1)c1cc(C(=O)NC(Cc2ccccc2)C(O)CNCc2cccc(C(F)(F)F)c2)ccn1,7.8239088
204,CN1C(=O)CC(C)(C2CC2c2cccc(-c3ccsc3)c2)N=C1N,5.124939
205,COc1c(C)cc(C2(c3cccc(-c4cncnc4)c3)N=C(N)c3c(F)cccc32)cc1C#N,7.3798637
206,COc1ccc(C2(c3cccc(-c4cncnc4)c3)N=C(N)c3c(F)cccc32)cc1,6.8696661
207,CCCC(CCC)S(=O)(=O)C[C@@H](NC(=O)OCc1ccccc1)C(=O)N[C@@H](Cc1ccccc1)[C@H](O)CNCc1cccc(OC)c1,6.9507818
208,CCCCNC(=O)[C@@H](NC(=O)[C@H](C)C[C@H](O)[C@@H]1CSC/C=C/CSC[C@H](NC(=O)OC(C)(C)C)C(=O)N[C@@H](C)C(=O)N1)C(C)C,6.8068752
209,COc1ccc2c(c1)C1(COC(N)=N1)c1cc(-c3ccc(F)nc3)ccc1O2,6.0457573
210,COc1ccc2c(c1)C1(COC(N)=N1)c1cc(-c3cccnc3F)ccc1O2,6.09691
211,CC(C)C(=O)Nc1c(Cl)cc(CNC(=N)NC(=O)Cn2ccc3ccccc32)cc1Cl,5.7644715
212,CC(=O)Nc1c(Cl)cc(CNC(=N)NC(=O)Cn2ccc3ccc(Br)cc32)cc1Cl,7.1023731
213,CC(=O)Nc1c(Cl)cc(CNC(=N)NC(=O)Cn2ccc3cc(C#N)ccc32)cc1Cl,7.2441254
214,CC(=O)Nc1c(Cl)cc(CNC(=N)NC(=O)Cn2ccc3ccccc32)cc1Cl,5.9956784
215,CC(=O)Nc1c(Cl)cc(CNC(=N)NC(=O)Cn2ccc3ccc(C#N)cc32)cc1Cl,7.3565474
216,N=C(NCc1cc(Cl)cc(Cl)c1)NC(=O)Cn1ccc2ccccc21,5.057992
217,COc1ccc2c(ccn2CC(=O)NC(=N)NCc2cc(Cl)c(NC(C)=O)c(Cl)c2)c1,6.3467875
218,CC(=O)Nc1c(Cl)cc(CNC(=N)NC(=O)Cn2ccc3ccc(CN(C)S(C)(=O)=O)cc32)cc1Cl,6.0757208
219,CC(=O)Nc1c(Cl)cc(CNC(=N)NC(=O)Cn2ccc3cc(Br)ccc32)cc1Cl,6.9746943
220,COc1ccc2ccn(CC(=O)NC(=N)NCc3cc(Cl)c(NC(C)=O)c(Cl)c3)c2c1,6.6497521
221,Nc1cccc(Cn2c(-c3ccc(Oc4nccs4)cc3)ccc2-c2ccccc2Cl)n1,6.5376019
222,CC(NC(=O)c1cc(CNCC(N)(CO)Cc2ccccc2)cc(N(C)S(C)(=O)=O)c1)c1ccc(F)cc1,4.9956784
223,CC1(C)Cc2cc(Cl)ccc2C(N[C@@H](Cc2ccccc2)c2ncc(C#N)c(=O)[nH]2)=N1,6.3279023
224,COCc1cc2cc(c1)C(=O)NC(C(O)CNC1(c3cccc(C(C)(C)C)c3)CCC1)Cc1cccc(c1)OCCCCN2,7.1739254
225,CC(C)(C)Cc1cnc2c(c1)C(NCC(O)C1Cc3cccc(c3)CCCn3cc(ccc3=O)C(=O)N1)CC1(CCC1)O2,8.5686359
226,CCC(C)C1(NC(C)=O)CCN(C(CCc2ccccc2)C(=O)NC(Cc2cc(F)cc(F)c2)C(O)C2Cc3ccccc3CN2)C1=O,7.2676063
227,CCCCC1CCN(C(CCc2ccccc2)C(=O)NC(Cc2cc(F)cc(F)c2)C(O)C2Cc3ccccc3CN2)C1=O,6.0
228,CCC(C)C1(NC(C)=O)CCN(C(CCc2ccccc2)C(=O)NC(Cc2cc(F)cc(F)c2)C(O)C2Cc3cccc(OC)c3CN2)C1=O,8.3767509
229,CCCOc1cccc2c1CNC(C(O)C(Cc1cc(F)cc(F)c1)NC(=O)C(CCc1ccccc1)N1CCC(NC(C)=O)(C(C)CC)C1=O)C2,7.7695513
230,CCC(C)C1(NC(C)=O)CCN(C(CCc2ccccc2)C(=O)NC(Cc2cc(F)cc(F)c2)C(O)C2Cc3cccc(O)c3CN2)C1=O,6.0604806
231,COc1cccnc1-c1ccc2nc(N)c(CC(C)C(=O)NCCC(C)(C)C)cc2c1,7.0132284
232,Cc1cccnc1-c1ccc2nc(N)c(CC(C)C(=O)NCCC(C)(C)C)cc2c1,7.7958798
233,CC(Cc1cc2cc(-c3ncccc3C#N)ccc2nc1N)C(=O)NCCC(C)(C)C,6.4089355
234,CC(Cc1cc2cc(-c3ncccc3Cl)ccc2nc1N)C(=O)NCCC(C)(C)C,7.9586072
235,CCC(CC(=O)NCCN1CCOCC1)n1c(N)nc2cc(Cl)ccc21,3.3565474
236,CCc1cn2c3c(cc(C(=O)NC(Cc4ccccc4)[C@H](O)CNCc4cccc(C(F)(F)F)c4)cc13)OS(=O)(=O)CC2,8.0969105
237,CN1C(=O)C2(CC(C)(C)Oc3ccc(-c4cncc(C(F)(F)F)c4)cc32)N=C1N,7.2006593
238,CN1C(=O)C2(CC(C)(C)Oc3ccc(-c4cncc(F)c4)cc32)N=C1N,6.8386321
239,CN1C(=O)C2(CC(C)(C)Oc3ccc(-c4cccnc4F)cc32)N=C1N,6.8860569
240,CC#Cc1cncc(-c2ccc3c(c2)C2(CC(C)(C)O3)N=C(N)N(C)C2=O)c1,8.0
241,CN1C(=O)C2(CC(C)(C)Oc3ccc(-c4cncc(Cl)c4)cc32)N=C1N,7.7212462
242,CN1C(=O)C2(CC(C)(C)Oc3ccc(-c4cccnc4)cc32)N=C1N,6.9469213
243,CC1(C)Cc2cc(Cl)ccc2C(NC(Cc2ccccc2)c2nc3ccccc3c(=O)[nH]2)=N1,5.1408615
244,CC(C)Oc1cccc(CN2CCC3(CC2C)CN(c2ncco2)S(=O)(=O)N3c2cccc(F)c2)c1,5.7695513
245,CC[C@@H](CC(=O)NCC1CCCCC1)n1c(N)nc2cc(Cl)ccc21,5.154902
246,CCC(CC(=O)N(C)CC1CCCCC1)n1c(N)nc2cc(Cl)ccc21,3.4259686
247,COc1cccc(-c2cccc(C3(c4ccncc4)N=C(N)CS3)c2)c1,6.3010302
248,CC(NCC(O)C(Cc1ccccc1)NC(=O)c1cccc(OS(=O)(=O)Cc2ccccc2)c1)C(=O)NC1CCCCC1,4.8860564
249,CC(C)(C)Cc1cnc2c(c1)C(NCC(O)C(Cc1ccc3c(c1)OCO3)NC(=O)c1cccnc1F)CC1(CCC1)O2,7.4788618
250,CC(C)(C)Cc1cnc2c(c1)C(NCC(O)C(Cc1ccc3c(c1)OCO3)NC(=O)c1cccnc1)CC1(CCC1)O2,7.5833597
251,CC(C)(C)Cc1cnc2c(c1)C(NCC(O)C(Cc1ccc3c(c1)OCO3)NC(=O)c1ccc(F)nc1)CC1(CCC1)O2,7.3151546
252,Nc1ncccc1NCc1ccccc1,3.5086384
253,Nc1c(F)cc(CC2CS(=O)(=O)CC(N)C2O)cc1OC(C(F)(F)F)C(F)(F)F,5.0
254,NC1CS(=O)(=O)CC(Cc2ccc(O)c(Br)c2)C1O,4.0
255,CN1C(=O)[C@@](c2ccc(OC(F)F)cc2)(c2ccc(F)c(C#CC3CC3)c2)N=C1N,7.6989698
256,Cc1cc([C@]2(c3ccc(F)c(C#CC4CC4)c3)N=C(N)N(C)C2=O)ccc1OC(F)F,7.6989698
257,Cc1cc([C@]2(c3cccc(C#CC4CC4)c3)N=C(N)N(C)C2=O)ccc1OC(F)F,7.6575775
258,CN1C(=O)[C@@](c2ccc(OC(F)F)cc2)(c2cccc(C#CC3CC3)c2)N=C1N,7.6989698
259,CCc1ccc2c(c1)[C@@H](NC[C@@H](O)[C@@H]1Cc3cccc(c3)CCCCCCCC(=O)N1)CC1(CCC1)O2,7.4436975
260,Nc1nc2ccccc2cc1CCC(=O)NCC1CCCCC1,4.8477116
261,CCc1cn2c3c(cc(C(=O)NC(Cc4ccccc4)[C@H](O)CNC4CC4)cc13)OS(=O)(=O)CC2,6.6020598
0,CC#Cc1cncc(-c2cccc(C3(c4cc(C)c(OC)c(C)c4)N=C(C)C(N)=N3)c2)c1,7.5850267
1,CC1=NC(c2ccccc2)(c2cccc(-c3cccnc3)c2)N=C1N,5.8860569
2,COc1ccc(C2(c3cccc(-c4cccnc4)c3)N=C(C)C(N)=N2)cc1,6.4814858
3,CC1=NC(c2ccc(F)cc2)(c2cccc(-c3cccnc3)c2)N=C1N,6.309804
4,COc1ccc([C@]2(c3cccc(-c4cncnc4)c3)N=C(N)N3CCCN=C32)cc1,7.0
5,Nc1ncccc1CCc1cccc(Cl)c1,3.0
6,CC1(C)Cc2cc(Cl)ccc2C(NC(Cc2cscc2-c2ccncc2)C(=O)O)=N1,5.7328281
7,COc1ccc(C2(c3cccc(-c4cccnc4)c3)CC(OC)C(N)=N2)cc1,5.4948502
8,CCCN(CCC)C(=O)c1cc(C)cc(C(=O)N[C@@H](Cc2cc(F)cc(F)c2)[C@H](O)[C@H]2C[C@@H](Oc3ccccc3)CN2)c1,8.5228786
9,C[C@@H]1CCc2cccc(c2)C[C@@](C)(N)C(=O)OCc2cc(nc(N(C)S(C)(=O)=O)c2)CC1,5.7447276
10,CC(=O)N[C@@H](Cc1cc(F)cc(F)c1)[C@H](O)CNC1(c2cccc(C(C)(C)C)c2)CCC1,6.2146702
11,NC1=N[C@@](c2ccc(OC(F)(F)F)cc2)(c2cccc(-c3cncnc3)c2)C2=NCCCN12,6.1023731
12,NC1=NC2(CCc3ccc(NC(=O)c4ccc(Cl)cn4)cc32)CS1,5.3979402
13,Cc1cc(C2(c3cccc(C#CC4CC4)c3)N=C(N)c3c(F)cccc32)cn(C)c1=O,8.2160969
14,CC(=O)NC(Cc1cc(F)cc(F)c1)C(O)CNC1(c2ccn(CC(C)(C)C)n2)CC1,6.0604806
15,CCc1cn2c3c(cc(C(=O)NC(Cc4ccccc4)C(O)CNC4CC4)cc13)NS(=O)(=O)CCC2,6.309804
16,CN1C(=N)N[C@](CCC2CCCCC2)(CC2CCCCC2)C1=O,6.2182446
17,CN1C(=O)C2(CC(C)(C)Cc3ccc(-c4cc(F)cc(Cl)c4)cc32)N=C1N,7.6197886
18,CN1C(=O)C2(CC(C)(C)Cc3ccc(-c4cccc(C#N)c4)cc32)N=C1N,7.7447276
19,CC1(C)Cc2cc(Cl)ccc2C(NC(Cc2cscc2CCC2CC2)C(=O)O)=N1,6.2441254
20,CC(C)SC(NC(=O)C(CC(O)C1COCc2cccc(c2)C(C)NC(=O)c2cc(cc(N(C)S(C)(=O)=O)c2)C(=O)N1)C(C)C)C(=O)NCc1ccccc1,7.3010302
21,NC1=NC2(CCc3ccc(NC(=O)c4ccc(Cl)cn4)cc32)CO1,4.9673815
22,COc1cccc(CNC[C@H](O)[C@H](Cc2cc(F)cc(F)c2)NC(=O)c2cc(/C(C)=N\OCc3ccccc3)cc(N(C)S(C)(=O)=O)c2)c1,8.0457573
23,CC(NCC(O)C(Cc1ccccc1)NC(=O)c1cccc(NS(=O)(=O)c2ccccc2)c1)C(=O)NC1CCCCC1,5.1023731
24,Cn1c(N)nc(CCc2ccccc2)cc1=O,3.7670038
25,Cn1c(N)nc(CCc2cccc(Br)c2)cc1=O,4.7033348
26,Cn1c(N)nc([C@H]2C[C@H]2c2ccccc2)cc1=O,3.2083094
27,CC(=O)NC(C)(C)C1CCCC(C(=O)NC(Cc2ccccc2)C(O)CNCc2cccc(C(C)C)c2)C1,5.3767509
28,CCC(=O)N(C)C(C)(C)C1CCCC(C(=O)NC(Cc2ccccc2)C(O)CNCc2cccc(C(C)C)c2)C1,6.8239088
29,CCC(=O)NC(C)(C)C1CCCC(C(=O)NC(Cc2ccccc2)C(O)CNCc2cccc(C(C)C)c2)C1,6.2365718
30,NC1=NC(c2ccccc2)(C2CCCCC2)C(=O)N1CC1CCC(C(=O)O)CC1,6.4089355
31,CN1C(=O)C2(CC(C)(C)Oc3ccc(C4CCCCC4)cc32)N=C1N,6.5559554
32,O=C(C1CNCC1c1ccccc1Br)N1CCCCC1c1ccccc1,4.2441254
33,CCCCN(CCCC)C(=O)n1cc(C(=O)N[C@@H](Cc2ccccc2)[C@H](O)CNCc2cccc(OC)c2)c2ccccc21,7.0268722
34,CCCCN(C)C(=O)n1cc(C(=O)N[C@@H](Cc2cc(F)cc(F)c2)[C@H](O)CNCc2cccc(OC)c2)c2cc(C#N)ccc21,7.7447276
35,O=C(O[C@H]1CCS(=O)(=O)c2ccc(Br)cc21)[C@H]1C[C@]2(CN1)C(=O)Nc1ccccc12,5.3979402
36,Cn1c(N)nc(CCc2ccc(-c3ccccc3)cc2)cc1=O,3.6989701
37,CN1C(=O)[C@@](c2ccc(OC(F)F)cc2)(c2cccc(OCC3CC3)c2)N=C1N,7.6989698
38,CC1(C)Cc2ccc(-c3cncc(Cl)c3)cc2C2(COC(N)=N2)C1,6.1029229
39,CC1(C)Cc2ccc(-c3cncc(F)c3)cc2C2(COC(N)=N2)C1,5.2335873
40,CC1(C)Cc2ccc(-c3cccnc3F)cc2C2(COC(N)=N2)C1,5.7194219
41,CC(=O)NC(Cc1cc(F)cc(F)c1)C(O)CNC1(c2cccc(N3C(=O)C4CCC3C4)c2)CCCCC1,6.4685211
42,COc1cccc(-c2cccc(C3(C)N=C(N)CS3)c2)c1,5.1023731
43,C=C1CCC(NCC(O)C(Cc2cc(F)cc(F)c2)NC(C)=O)(c2cccc(C(C)(C)C)c2)CC1,7.318759
44,COc1cccc(CNCC(O)C(Cc2cc(F)cc(F)c2)NC(=O)C(C)N2CCC(CC3CC3)(NC(C)=O)C2=O)c1,7.3372421
45,CS(=O)(=O)c1ccc(-c2ccccc2C2CNCC2C(=O)N2CCOCC2c2ccccc2)cc1,5.3979402
46,CC1(C)Cc2cc(Cl)ccc2C(NC(Cc2ccccc2)c2ncc3ccoc3n2)=N1,4.1325326
47,Cc1ccccc1-c1ccc2nc(N)c(CCC(=O)NC3CCCCC3)cc2c1,7.1307683
48,Cc1ccccc1-c1ccc2nc(N)c(CCC(=O)N(C)C3CCCCC3)cc2c1,5.2839966
49,CC(=O)NC(Cc1cc(F)cc(F)c1)C(O)CNC1(c2csc(C(C)C)c2)CCCCC1,6.4948502
50,CN1CC(N)=NC(C)(c2cccc(NC(=O)c3ccc(Cl)cn3)c2)C1,7.4948502
51,CCCN(CCC)C(=O)c1cc(C(=O)NC(Cc2cc(F)cc(F)c2)C(O)CNCc2cccc(OC)c2)cc(/C(C)=N\OCc2ccccc2)c1,7.1739254
52,CCCCN(C)C(=O)n1cc(C(=O)NC(Cc2cc(F)cc(F)c2)C(O)CNCc2cccc(OC)c2)c2cc(C(=O)OCc3ccccc3)ccc21,6.0655017
53,CC(CC(O)C(COCc1ccccc1)NC(=O)c1cc(C(=O)NC(C)c2ccccc2)cc(N(C)S(C)(=O)=O)c1)C(=O)NC(C(=O)NCc1ccccc1)C(C)C,8.4436979
54,CC(CC(O)C(COCc1cc(F)cc(F)c1)NC(=O)c1cc(C(=O)NC(C)c2ccccc2)cc(N(C)S(C)(=O)=O)c1)C(=O)NC(C(=O)NCc1ccc(F)cc1)C(C)C,5.4436975
55,CCn1cc(C2(c3cccc(-c4cncc(C#N)c4)c3)N=C(N)c3c(F)cccc32)cc(C)c1=O,8.0830202
56,CC#Cc1cncc(-c2cccc(C3(c4cc(C)c(=O)n(CC)c4)N=C(N)c4c(F)cc(F)cc43)c2)c1,8.5867004
57,CCn1cc(C2(c3cccc(-c4cncc(F)c4)c3)N=C(N)c3c(F)cccc32)cc(C)c1=O,7.8894105
58,CCC[C@H]1C(C(=O)N[C@@H](Cc2ccccc2)[C@H](O)CNC2CC2)=CN(CC(=O)OC(C)C)C=C1C(=O)N[C@H](C)c1ccccc1,4.5287085
59,CC(C)OC(=O)CN1C=C(C(=O)N[C@@H](Cc2ccccc2)[C@H](O)CNC2CC2)[C@H](C)C(C(=O)N[C@H](C)c2ccccc2)=C1,4.4841261
60,CC[C@H]1C(C(=O)N[C@@H](Cc2ccccc2)[C@H](O)CNC2CC2)=C(C)N(S(C)(=O)=O)C(C)=C1C(=O)N[C@H](C)c1ccccc1,4.7904849
61,CC1=C(C(=O)N[C@@H](Cc2ccccc2)[C@H](O)CNC2CC2)[C@H](C)C(C(=O)N[C@H](C)c2ccccc2)=C(C)N1S(C)(=O)=O,4.7931743
62,COc1cccc(-c2cccc(C34CCOCC3OC(N)=N4)c2)c1,4.4306259
63,NC1=NC2(c3cccc(-c4cc(F)cc(Cl)c4)c3)CCOCC2O1,4.8827286
64,N#Cc1cccc(-c2cccc(C34CCOCC3OC(N)=N4)c2)c1,4.3334818
65,CC(NC(=O)c1cc(-c2ncc(C(C)(N)Cc3ccccc3)o2)cc(N(C)S(C)(=O)=O)c1)c1ccc(F)cc1,8.1549015
66,COc1cccc(-c2cccc(C3(C)N=C(N)CCO3)c2)c1,5.0
67,CC1(c2cccc(-c3cccc(Cl)c3)c2)N=C(N)CCO1,5.2006593
68,C[C@]1(c2cccc(-c3cccc(Cl)c3)c2)N=C(N)CCO1,5.2006593
69,NC1=NC2(c3cccc(NC(=O)c4ccc(F)cn4)c3)CCOCC2O1,4.5638375
70,NC1=NC2(c3cccc(NC(=O)c4ccc(Cl)cn4)c3)CCOCC2O1,5.4814858
71,NC1=NC2(c3cccc(NC(=O)c4ccccn4)c3)CCOCC2O1,3.6989701
72,CC1=C(C(=O)N[C@@H](Cc2ccccc2)[C@H](O)CNC2CC2)[C@H](C)C(C(=O)OCc2ccccc2)=C(C)N1CC(=O)N1CCOCC1,4.5466819
73,CS(=O)(=O)N(c1ccccc1)c1cc(C(=O)NC(Cc2ccccc2)C(O)CNCc2cccc(C(F)(F)F)c2)cc(N2CCCC2=O)c1,8.2218485
74,COc1ccc(COCC(CC(O)C(COc2cc(F)cc(F)c2)NC(=O)c2cc(N(C)CC3CC3C)nc(N(C)S(C)(=O)=O)c2)OC)cc1,5.7447276
75,O=C(O[C@H]1CCSc2ccc(Br)cc21)[C@H]1C[C@]2(CN1)C(=O)Nc1ccccc12,4.6458917
76,CCCCN(C)C(=O)n1cc(C(=O)NC(Cc2ccccc2)C(O)CNC(=O)c2cccc(OC)c2)c2cccnc21,4.0
77,COc1ccc(C2(c3cccc(-c4cncnc4)c3)N=C(N)c3nc(C)sc32)cc1,6.2006593
78,CC(=O)NC(Cc1cc(F)cc(F)c1)C(O)CNC1(c2cccc(C(C)(C)C)c2)CCC(=O)CC1,6.9208188
79,CC(=O)c1ccc(Oc2ccc(-c3ccc(-c4ccccc4Cl)n3CC(=O)NC(=N)N)cc2)cc1,6.154902
80,Cc1cc([C@]2(c3cccc(-c4cccnc4)c3)N=C(N)N(C)C2=O)ccn1,7.0
81,CN1C(=O)[C@@](c2ccncc2)(c2cccc(-c3cccnc3)c2)N=C1N,7.221849
82,CC1(C)Cc2cc(Cl)ccc2C(N[C@@H](Cc2ccccc2)c2noc(=O)[nH]2)=N1,6.124939
83,COC(CO)CC(O)C(COc1cc(F)cc(F)c1)NC(=O)c1cc(C(=O)NC(C)c2ccccc2)cc(N(C)S(C)(=O)=O)c1,5.0
84,COCC(CC(O)C(COc1cc(F)cc(F)c1)NC(=O)c1cc(C(=O)NC(C)c2ccccc2)cc(N(C)S(C)(=O)=O)c1)OC,5.0
85,COC(COC(C)C)CC(O)C(COc1cc(F)cc(F)c1)NC(=O)c1cc(C(=O)NC(C)c2ccccc2)cc(N(C)S(C)(=O)=O)c1,6.318759
86,C=CCOCC(CC(O)C(COc1cc(F)cc(F)c1)NC(=O)c1cc(C(=O)NC(C)c2ccccc2)cc(N(C)S(C)(=O)=O)c1)OC,5.6925039
87,CCN1CCN2CCS(=O)(=O)N(C)C3C=C(C(=O)NC(Cc4ccccc4)C(O)CNC4CC4)C=C1C32,6.2596374
88,CC(C)CC(NC(=O)C1CC(=O)NCCCCCCOC(=O)NC(C(C)C)C(=O)N1)C(O)CC(C)C(=O)NC(C(=O)NCc1ccccc1)C(C)C,7.6003261
89,CS(=O)(=O)N(c1ccccc1)c1cc(C(=O)NC(Cc2ccccc2)C(O)CNCc2cccc(C(F)(F)F)c2)cc(-c2ccccc2)c1,7.8860564
90,CC1=C(C(=O)N[C@@H](Cc2ccccc2)[C@H](O)CNC2CC2)[C@H](C)C(C(=O)OCc2ccccc2)=C(C)N1CC(=O)N(C)C(C)C,4.5497508
91,CC1=C(C(=O)OCc2ccccc2)[C@@H](C)C(C(=O)N[C@@H](Cc2ccccc2)[C@H](O)CNC2CC2)=CN1CC(=O)OC(C)C,4.7931743
92,CC1=C(C(=O)N[C@@H](Cc2ccccc2)[C@H](O)CNC2CC2)[C@@H](C)C(C(=O)OCc2ccccc2)=C(C)N1CC(=O)N(C)C,4.4078231
93,CC(=O)OCCCN1C(C)=C(C(=O)N[C@@H](Cc2ccccc2)[C@H](O)CNC2CC2)[C@H](C)C(C(=O)OCc2ccccc2)=C1C,4.5702477
94,CC(=O)NC(Cc1cc(F)cc(F)c1)C(O)CNC1(c2cccc(N3CCNC3=O)c2)CCCCC1,5.8538718
95,Cc1ccccc1-c1ccc2nc(N)c(CC(C)C(=O)NCc3cncs3)cc2c1,7.5086384
96,COc1cccc(-c2cccc(C3(C)CCSC(N)=N3)c2)c1,5.6989698
97,CCOC[C@@H](Oc1cc(C[C@@H]2CS(=O)(=O)C[C@H](NCc3cccc(C(C)(C)C)c3)[C@H]2O)cc(F)c1N)C(F)(F)F,8.6989698
98,CC(F)(F)c1cccc(CN[C@H]2CS(=O)(=O)C[C@@H](Cc3cc(F)c(N)c(Br)c3)[C@@H]2O)c1,5.8632793
99,CC(C)(C)c1cccc(CN[C@H]2CS(=O)(=O)C[C@@H](Cc3cc(F)c(N)c(C[C@H](O)C(F)(F)F)c3)[C@@H]2O)c1,7.309804
100,CCc1cn2c3c(cc(C(=O)NC(Cc4ccccc4)[C@H](O)CNCC4CCOCC4)cc13)OS(=O)(=O)CC2,7.0655017
101,CC1(C)OCc2ccc(CNC3CS(=O)(=O)CC(Cc4cc(F)c(N)c(OC(C(F)(F)F)C(F)(F)F)c4)C3O)cc21,8.2218485
102,CC(C)(C)c1cccc(CN[C@H]2CS(=O)C[C@@H](Cc3cc(F)c(N)c(OC(C(F)(F)F)C(F)(F)F)c3)[C@@H]2O)c1,8.6989698
103,COC[C@@H](Oc1cc(C[C@@H]2CS(=O)C[C@H](NCc3cccc(C(C)(C)C)c3)[C@H]2O)cc(F)c1N)C(F)(F)F,8.3979397
104,NC1=NC(c2ccc(OC(F)(F)F)cc2)(c2cccc(-c3cccnc3F)c2)C2=NOCCN12,7.5228786
105,CCn1cc([C@@]2(c3cccc(-c4cccnc4F)c3)N=C(N)N(C)C2=O)cn1,5.7077441
106,CC1(C)Cc2cc(Cl)ccc2C(NC(Cc2cscc2C2CC2)C(=O)O)=N1,5.6143937
107,CCc1cn(C)c2c(N3CCCC3=O)cc(C(=O)NC(Cc3ccccc3)C(O)CNCc3cccc(C(F)(F)F)c3)cc12,7.3979402
108,CCc1c[nH]c2c(N3CCCC3=O)cc(C(=O)NC(Cc3ccccc3)C(O)CNCc3cccc(C(F)(F)F)c3)cc12,7.5850267
109,CC(=O)NC(Cc1cc(F)cc(F)c1)C(O)CNC1(c2cc(C(C)(C)C)ccn2)CC1,6.19382
110,NC1=NC2(c3cccc(NC(=O)c4ccccn4)c3)CCCCC2O1,3.6989701
111,CCC(C)C1(NC(C)=O)CCN(C(CCc2ccccc2)C(=O)NC(Cc2cc(F)cc(F)c2)C(O)C2CC(Oc3cccnc3)CN2)C1=O,8.2291479
112,CC(=O)c1ccccc1-c1ccc2nc(N)c(CC(C)C(=O)NCCC(C)(C)C)cc2c1,7.8239088
113,Cc1ccccc1-c1ccc2nc(N)c(CC(C)C(=O)NCCC(C)(C)C)cc2c1,9.1870871
114,CC(C)(C)C#Cc1ccccc1-c1ccc2nc(N)ccc2c1,5.2146702
115,CC(C)SC(NC(=O)C(CC(O)C1COCc2cccc(c2)C(c2ccccc2)NC(=O)c2cc(cc(N(C)S(C)(=O)=O)c2)C(=O)N1)C(C)C)C(=O)NCc1ccccc1,6.6197886
116,CC(=O)N[C@@H](Cc1cc(F)cc(F)c1)[C@H](O)CNC1(c2cccc(-n3cccn3)c2)CCOCC1,6.9586072
117,COc1ccc(-c2nsc(C)c2C(=O)/N=C(/N)NCc2cc(Cl)c(N)c(Cl)c2)cc1,7.3979402
118,COc1ccc(-c2nsc(C)c2C(=O)/N=C(/N)NCc2cc(C)c(NC(C)=O)c(Cl)c2)cc1,7.6989698
119,CCc1cn2c3c(ccc(C(=O)NC(COc4cc(F)cc(F)c4)C(O)CC(COCc4ccc(OC)cc4)OC)c13)N(C)S(=O)(=O)CC2,5.8239088
120,CCNc1cc(C(=O)N[C@@H](Cc2ccccc2)[C@H](O)CNCc2cccc(C(F)(F)F)c2)cc(N2CCCC2=O)c1,7.3979402
121,CC(NC(=O)c1cc(-c2nnc(C(C)(N)Cc3ccccc3)s2)cc(N(C)S(C)(=O)=O)c1)c1ccc(F)cc1,4.5243287
122,COc1cccc(N2CC3C(=O)N(C)C(N)=NC3(c3cc(-c4cccc(C#N)c4)cs3)C2)n1,9.0
123,CN1C(=O)C2CN(c3ncccc3C#N)CC2(c2cc(-c3cccc(C#N)c3)cs2)N=C1N,8.2218485
124,COc1cccnc1N1CC2C(=O)N(C)C(N)=NC2(c2cc(-c3cccc(C#N)c3)cs2)C1,8.5228786
125,CC(=O)NC(Cc1cc(F)cc(F)c1)C(O)CNC1(c2cccc(N3CC4CCC3C4)c2)CC1,5.7212462
126,CCn1ncc2c(N3CCCC3=O)cc(C(=O)NC(Cc3ccccc3)C(O)CNCc3cccc(C(F)(F)F)c3)cc21,7.5528421
127,CC(NC(=O)c1cc(CCCC(N)(CO)Cc2ccccc2)cc(N(C)S(C)(=O)=O)c1)c1ccc(F)cc1,4.6497521
128,CN1C(=O)[C@@](c2ccsc2)(c2cccc(-c3cccnc3)c2)N=C1N,7.221849
129,CC1(c2cccc(-c3cncc(F)c3)c2)N=C(N)[C@H]2CCCCN21,4.7958798
130,NC1=N[C@@](c2cccc(-c3cccnc3F)c2)(c2ccc3c(c2)OC(F)(F)O3)C2=NCCCN12,6.1307683
131,CCn1cc(C2(c3ccc(F)c(-c4cncnc4)c3)N=C(N)N(C)C2=O)cn1,7.3979402
132,CN1C(=O)C(c2ccc(F)c(-c3cncnc3)c2)(c2cnn(CC(F)(F)F)c2)N=C1N,6.9208188
133,CN1C(=O)C(c2cccc(-c3cncnc3)c2)(c2cnn(CCC(C)(C)C)c2)N=C1N,7.6989698
134,CC(C)n1cc(C2(c3ccc(F)c(-c4cncnc4)c3)N=C(N)N(C)C2=O)cn1,7.09691
135,CCCCn1cc(C2(c3cccc(-c4cncnc4)c3)N=C(N)N(C)C2=O)cn1,8.0969095
136,CC(C)Cn1cc(C2(c3cccc(-c4cncnc4)c3)N=C(N)N(C)C2=O)cn1,7.5228786
137,CN1C(=O)C(c2cccc(-c3cncnc3)c2)(c2cnn(C)c2)N=C1N,7.0
138,CC(C)CCn1cc(C2(c3cccc(-c4cncnc4)c3)N=C(N)N(C)C2=O)cn1,7.5228786
139,CCc1cn2c3c(cc(C(=O)N[C@@H](Cc4ccccc4)[C@H](O)CNCc4cccc(OC)c4)cc13)N(C)S(=O)(=O)CC2,8.6989698
140,CCc1cn2c3c(cc(C(=O)N[C@@H](Cc4ccccc4)[C@H](O)CNCc4cccc(C(F)(F)F)c4)cc13)N(C)S(=O)(=O)CC2,8.6989698
141,CCCCCS(=O)(=O)C[C@@H](NC(=O)c1cccnc1)C(=O)N[C@@H](Cc1cc(F)cc(F)c1)[C@H](O)CNCc1cccc(CC)c1,8.6989698
142,CC(C)CC(CC(=O)NCc1ccccn1)n1c(N)nc2cc(Cl)ccc21,3.6289322
143,CCC(CC(=O)NCc1ccccn1)n1c(N)nc2cc(Cl)ccc21,3.0
144,CN1C(=O)C2CN(C(=O)c3ccccc3)CC2(c2cc(-c3cccc(C#N)c3)cs2)N=C1N,8.5228786
145,CC(C)COc1ccc2c(c1)[C@]1(COC(N)=N1)c1cc(-c3cncnc3)ccc1O2,8.0969095
146,CCC(=O)c1cc([C@@]2(c3cccc(-c4cccnc4F)c3)N=C(N)N(C)C2=O)cs1,5.5228786
147,CCCCN(C)C(=O)n1cc(C(=O)NC(Cc2ccccc2)C(O)CNS(=O)(=O)c2cccc(OC)c2)c2cccnc21,4.0
148,CCC(C)C1(NC(C)=O)CCN(C(CCc2ccccc2)C(=O)NC(Cc2cc(F)cc(F)c2)C(O)C2CC(OCc3ccccn3)CN2)C1=O,8.8239088
149,CC(C)CNC(=O)[C@H](C)NC[C@H](Cc1ccccc1)NC(=O)c1cc(C(=O)N[C@H](C)c2ccc(F)cc2)cc(N(C)S(C)(=O)=O)c1,8.0969095
150,CC(C)CNC(=O)C(NCC(Cc1ccccc1)NC(=O)c1cc(C(=O)NC(C)c2ccccc2)cc(N(C)S(C)(=O)=O)c1)C(C)O,7.6020598
151,COc1cccc(CNC[C@H](O)[C@H](Cc2cc(F)cc(F)c2)NC(=O)c2cc(/C(C)=N\OCc3ccccc3)cc(N3CCCCS3(=O)=O)c2)c1,7.5086384
152,CCCN1C(=O)OC[C@@H]1Cc1cc(C[C@@H]2CS(=O)(=O)C[C@H](NCc3cccc(C(C)C)c3)[C@H]2O)ccc1O,6.8239088
153,CCN1CCN2CCS(=O)(=O)N(C)c3cc(C(=O)N[C@@H](Cc4ccccc4)[C@H](O)CNCc4cccc(OC)c4)cc1c32,7.5850267
154,CC#Cc1cncc(-c2cc(Cl)c(C3(C)CC(=O)N(C)C(=N)N3)s2)c1,8.7695513
155,COc1ccc2c(c1)[C@]1(COC(N)=N1)c1cc(-c3cc(Cl)ccc3F)ccc1O2,6.5528421
156,CC(=O)N[C@@H](Cc1cc(F)cc(F)c1)[C@H](O)CNC(C)(C)c1cccc(C(C)(C)C)c1,6.6989698
157,CC(=O)N[C@@H](Cc1cc(F)cc(F)c1)[C@H](O)CNCc1cccc(C(C)(C)C)c1,5.8860564
158,NC1=NC(c2ccc(OC(F)(F)F)cc2)(c2cccc(-c3cccnc3F)c2)C2=NCCCCN12,7.09691
159,CC(=O)NC(Cc1cc(F)cc(F)c1)C(O)CNC1(c2cccc(C(C)(C)C)c2)CCCN(C(C)=O)C1,5.8860564
160,CC(=O)NC(Cc1cc(F)cc(F)c1)C(O)CNC1(c2cccc(C(C)(C)C)c2)CCCN(C(N)=O)C1,6.4814858
161,CC(=O)NC(Cc1cc(F)cc(F)c1)C(O)CNC1(c2cccc(C(C)(C)C)c2)CCCNC1,5.0
162,CC(=O)NC(Cc1cc(F)cc(F)c1)C(O)CNC1(c2cccc(C(C)(C)C)c2)CCCN(O)C1,6.3979402
163,COCc1cc2cc(c1)C(=O)N[C@H]([C@H](O)CNC1(c3cccc(C(C)C)c3)CC1)Cc1cccc(c1)OCCCCN2,7.7695513
164,CCNc1cc(C(=O)NC(Cc2ccccc2)C(O)CNCCC(F)(F)F)cc2c1CCCS(=O)(=O)N2C,7.5850267
165,COCC(Oc1cc(CC2CS(=O)CC(N)C2O)cc(F)c1N)C(F)(F)F,3.8239088
166,COCC(Oc1cc(CC2CS(=O)CC(NCCCOC(C)(C)C)C2O)cc(F)c1N)C(F)(F)F,5.0
167,COc1cccc(-c2cccc(C3(C)CSCC(N)=N3)c2)c1,5.6989698
168,CCC(CC(=O)NCC1CC1)n1c(N)nc2cc(Cl)ccc21,3.6143937
169,CC(=O)NC(Cc1cc(F)cc(F)c1)C(O)CNC1(c2cccc(-n3ccnc3)c2)CCCCC1,5.7958798
170,CN1C(=O)C(c2cccc(NC(=O)c3ccco3)c2)(C2CCCCC2)N=C1N,7.0
171,Cc1ccoc1C(=O)Nc1cccc(C2(C3CCCCC3)N=C(N)N(C)C2=O)c1,7.3979402
172,CC(NC(=O)c1cc(C(=O)OCC(O)(CN)Cc2ccccc2)cc(N(C)S(C)(=O)=O)c1)c1ccc(F)cc1,4.6536469
173,C[C@@H](NC(=O)c1cc(C(=O)OC[C@@](N)(CO)Cc2ccccc2)cc(N(C)S(C)(=O)=O)c1)c1ccc(F)cc1,6.6989698
174,CNC(CO)(COC(=O)c1cc(C(=O)NC(C)c2ccc(F)cc2)cc(N(C)S(C)(=O)=O)c1)Cc1ccccc1,4.0
175,COCC(Oc1cc(CC2CS(=O)CC(NCc3cc(C(C)(C)C)ccn3)C2O)cc(F)c1N)C(F)(F)F,6.6458917
176,Cc1cc2cc(c1)[C@@H](O)N[C@@H](c1ccccc1)C/C=C/COC[C@@H]([C@H](O)CNCc1cccc(C(C)C)c1)NC2=O,7.1079054
177,Cc1ccccc1-c1ccc2nc(N)c(CC(C)C(=O)NCc3cnccn3)cc2c1,7.3010302
178,Fc1ccc(CC2CCNCC2)cc1,3.3010299
179,CCn1cc2c3c(cc(C(=O)NC(Cc4ccccc4)[C@H](O)CNCCC(F)(F)F)cc31)N(C)S(=O)(=O)CC2,8.5228786
180,CCn1cc2c3c(cc(C(=O)NC(Cc4ccccc4)[C@H](O)CNCCF)cc31)N(C)S(=O)(=O)CC2,7.3979402
181,CCn1cc2c3c(cc(C(=O)NC(Cc4ccccc4)[C@H](O)CNCC(F)F)cc31)N(C)S(=O)(=O)CC2,7.6989698
182,CCn1cc2c3c(cc(C(=O)NC(Cc4ccccc4)[C@H](O)CNCC(F)(F)F)cc31)N(C)S(=O)(=O)CC2,7.1023731
183,CCC(C)NC[C@@H](O)[C@H](Cc1ccccc1)NC(=O)c1cc2c3c(cn(CC)c3c1)CCS(=O)(=O)N2C,8.0
184,CCNC[C@@H](O)[C@H](Cc1ccccc1)NC(=O)c1cc2c3c(cn(CC)c3c1)CCS(=O)(=O)N2C,7.6382723
185,CCCNC[C@@H](O)[C@H](Cc1ccccc1)NC(=O)c1cc2c3c(cn(CC)c3c1)CCS(=O)(=O)N2C,8.0969105
186,CCn1cc2c3c(cc(C(=O)NC(Cc4ccccc4)[C@H](O)CNCC(F)(F)C(F)(F)F)cc31)N(C)S(=O)(=O)CC2,7.4948502
187,C#CCNC[C@@H](O)C(Cc1ccccc1)NC(=O)c1cc2c3c(cn(CC)c3c1)CCS(=O)(=O)N2C,7.9586072
188,CC(=O)NC(Cc1cc(F)cc(F)c1)C(O)CNC1(c2cccc(C(C)(C)C)c2)CCOCC1,7.2146702
189,CC(C)(C)c1cccc(CNC2CS(=O)(=O)CC(Cc3cc(F)c(N)c(OC4COC4)c3)C2O)c1,7.6020598
190,CC1(c2cc(NC(=O)c3ccc(Cl)cn3)ccc2F)N=C(N)c2ccccc2O1,6.9208188
191,CC(=O)NC(Cc1cc(F)cc(F)c1)C(O)CNC1(c2cccc(N3CCCOCC3)c2)CCCCC1,6.154902
192,CCNc1cc(C(=O)N[C@@H](Cc2ccccc2)[C@H](O)CNC2CCCCC2)cc(N2CCCC2=O)c1,6.7447276
193,C[C@@H](NC(=O)c1cc(C(=O)N[C@@H](Cc2ccccc2)[C@H](O)CNC2CC2)cc(N(C)S(C)(=O)=O)c1)c1ccccc1,7.8239088
194,CC(C)CC(NC(=O)C(CC(N)=O)NC(=O)C(NC(=O)C(CCC(=O)O)NC(=O)C(CO)NC(=O)C(Cc1c[nH]c2ccccc12)NC(=O)C(N)Cc1c[nH]c2ccccc12)C(C)C)C(O)CC(C)C(=O)NC(C)C(=O)NC(CCC(=O)O)C(=O)NC(Cc1ccccc1)C(=O)O,10.522879
195,CCn1ccc2c(N3CCCC3=O)cc(C(=O)N[C@@H](CC3=CC=CCC3)[C@H](O)CNCc3cccc(OC)c3)cc21,7.6382723
196,CN1C(=O)[C@@](c2ccc(OC(F)F)cc2)(c2cccc(/C(F)=C/C3CC3)c2)N=C1N,6.2676063
197,CN1C(=O)[C@@](c2ccc(OC(F)F)cc2)(c2cccc(/C=C/C3CC3)c2)N=C1N,7.0457573
198,CS(=O)(=O)N(c1ccncc1)c1cccc(C(=O)NC(Cc2ccccc2)C(O)CNCc2cccc(C(F)(F)F)c2)c1,6.6777806
199,COc1ccc([C@]2(c3cccc(-c4cncnc4)c3)N=C(N)c3nc(C)sc32)cc1,6.2006593
200,CCCN1CCC[C@@]12CCN([C@@H](C)C(=O)N[C@@H](Cc1ccccc1)[C@H](O)CNCc1cccc(C(C)C)c1)C2=O,7.2596374
201,CC(C)Oc1cccc(CN2CCC3(CC2C)CN(c2cccnc2)S(=O)(=O)N3c2cccc(F)c2)c1,5.5086384
202,O=C([C@@H]1CNC[C@]12CCCc1ccccc12)N1CC[C@@H](c2ccccc2)C[C@H]1c1ccccc1,6.8239088
203,CC[C@@H](CC(=O)NC1C2CC3CC(C2)CC1C3)n1c(N)nc2cc(Cl)ccc21,5.0506101
204,CC(C)c1cccc(CNCC(O)C2COCCCCCCNC(=O)c3cc(cc(N(C)S(C)(=O)=O)c3)C(=O)N2)c1,7.7447276
205,CC(=O)NC(Cc1cc(F)cc(F)c1)C(O)CNC1(c2cccc(C(C)(C)C)c2)CCC(Nc2nccs2)CC1,7.070581
206,CC(C)(C)Cc1cc(CNC2CS(=O)(=O)CC(Cc3cc(F)c(N)c(OC(C(F)(F)F)C(F)(F)F)c3)C2O)no1,8.1549015
207,C[C@@]1(c2cc(NC(=O)c3ccc(Cl)cn3)ccc2F)C[C@@H]2C[C@@H]2C(N)=N1,7.0177288
208,Cc1ccnc(C(Cc2ccccc2)NC2=NC(C)(C)Cc3cc(Cl)ccc32)n1,3.6020601
209,CC1(C)Cc2cc(Cl)ccc2C(NC(Cc2ccccc2)c2ncccn2)=N1,3.8629625
210,CCCN(CCC)C(=O)c1cc(C)cc(C(=O)N[C@@H](Cc2cc(F)cc(F)c2)[C@H](O)[C@H]2CN(Cc3ccccc3)CCN2)c1,6.9208188
211,COC(=O)[C@H]1CCCN1C(=O)[C@@H](Cc1ccccc1)N(C)C(=O)[C@H](C)NC(=O)[C@H](CC(C)C)NC(=O)C[C@H](O)[C@H](Cc1ccccc1)NC(=O)[C@H](CCC(N)=O)N(C)C(=O)[C@@H](NC(=O)OC(C)(C)C)C(C)C,7.3115802
212,CCn1cc2c3c(cc(C(=O)NC(Cc4ccccc4)[C@H](O)CNc4ccccc4)cc31)N(C)S(=O)(=O)CC2,8.3010302
213,Cc1ccccc1-c1ccc2nc(N)c(CC(C)C(=O)NCc3cccnc3)cc2c1,7.0555172
214,CN(C(=O)CCC(C1CCCCC1)N1Cc2cc(Oc3ccccc3)ccc2N=C1N)C1CCCCC1,6.0457573
215,CC(C)(C)OC1CC1CNC1CS(=O)(=O)CC(Cc2cc(F)c(N)c(OC(C(F)(F)F)C(F)(F)F)c2)C1O,5.0
216,NC1=N[C@](c2ccc(OC(F)(F)F)cc2)(c2cccc(-c3cccnc3F)c2)C2=NCCCCCN12,6.8860564
217,COc1cccc(-c2cccc(CC[C@]3(C)CC(=O)N(C)C(N)=N3)c2)c1,6.6989698
218,CN1C(=O)CC(C)(CCc2cccc(-c3ccccc3)c2)N=C1N,5.8860569
219,COc1ccc(C2NC(=O)c3cc(cc(N(C)S(C)(=O)=O)c3)C(=O)NC(C(O)CC(C(=O)NCC(C)C)C(C)C)COCc3cccc2c3)cc1,5.5086384
220,CNC(=O)C(CC(O)C1COCc2cccc(c2)C(c2ccccc2)NC(=O)c2cc(cc(N(C)S(C)(=O)=O)c2)C(=O)N1)C(C)C,5.0
221,CC(C)CNC(=O)C(CC(O)C1COCc2cccc(c2)C(c2ccccc2)NC(=O)c2cc(cc(N(C)S(C)(=O)=O)c2)C(=O)N1)C(C)C,5.4317985
222,CCc1n[nH]c2ccc(CN3CCC4(CC3C)CN(C)S(=O)(=O)N4c3cccc(F)c3)cc12,5.9586072
223,CCn1cc([C@]2(c3cccc(-c4cncnc4)c3)N=C(N)N(C)C2=O)cn1,7.09691
224,CC(=O)NC(Cc1cc(F)cc(F)c1)C(O)CNC1(c2nc(CC(C)(C)C)cs2)CC1,5.0287242
225,O=C(C1CNCC12CCCc1ccccc12)N1CCC(c2ccccc2)CC1,5.3979402
226,CC(=O)NC(Cc1cc(F)cc(F)c1)C(O)CNC1(c2cccc(N3CCCOCC3=O)c2)CCCCC1,6.124939
227,COC(=O)[C@@H]1CCCN1C(=O)[C@@H](Cc1ccccc1)N(C)C(=O)[C@H](C)NC(=O)[C@H](CC(C)C)NC(=O)C[C@H](O)[C@H](Cc1ccccc1)NC(=O)c1cc(C(=O)N[C@H](C)c2ccccc2)cc(N(C)S(C)(=O)=O)c1,7.2426038
228,COCC(Oc1cc(CC2CS(=O)CC(NCc3cc(CC(C)(C)C)on3)C2O)cc(F)c1N)C(F)(F)F,7.7212462
229,CC(=O)NC(Cc1cc(F)cc(F)c1)C(O)CNC1(c2cccc(C(C)(C)C)c2)CCC(Nc2cccnc2)CC1,6.3010302
230,CC1(c2cc(NC(=O)c3ccc(Cl)cn3)ccc2F)COCCC(N)=N1,7.3372421
231,NC1=NC(c2ccncc2)(c2cccc(-c3cccnc3)c2)C2=NCCCN12,6.5799999
232,CCCCNC(=O)C(C)CC(O)C(Cc1ccccc1)NC(=O)C1CCCC(C2(NC(C)=O)CCCC2)C1,5.5686364
233,CN1CCC(C)(c2cc(NC(=O)c3ccc(Cl)cn3)ccc2F)N=C1N,7.9208188
234,CN1C(=O)[C@@](c2ccc(OC(F)F)cc2)(c2cccc(C#CC3CCCCC3)c2)N=C1N,6.4814858
235,CC(C)(C)c1cccc(CN[C@H]2CS(=O)(=O)C[C@@H](Cc3cc(F)c4c(c3)C3(CCC(F)(F)CC3)CN4)[C@@H]2O)c1,6.8538718
236,CCC(C)C1(NC(C)=O)CCN(C(CCc2ccccc2)C(=O)NC(Cc2cc(F)cc(F)c2)[C@H](O)[C@@H]2Cc3cccc(OC)c3CN2)C1=O,6.8538718
237,CCC(C)C1(NC(C)=O)CCN(C(CCc2ccccc2)C(=O)NC(Cc2cc(F)cc(F)c2)[C@H](O)[C@@H]2Cc3ccccc3CN2)C1=O,6.221849
238,NC1=NC2(c3cccc(-c4cccnc4F)c3)CCCCC2O1,4.3306832
239,CCNc1cc(C(=O)N[C@@H](Cc2ccccc2)[C@H](O)CNC(C)(C)CCCC(C)C)cc(N2CCCC2=O)c1,7.4814858
240,C[C@@H](NC(=O)c1cc(OCC(=O)NCCCCCN)cc(OS(=O)(=O)Cc2ccccc2)c1)c1ccc(F)cc1,5.8538718
241,CC(NCC(O)C(Cc1ccccc1)NC(=O)c1cccc(S(=O)(=O)Cc2ccccc2)c1)C(=O)NC1CCCCC1,4.3010302
242,CC(C)CNC(=O)[C@H](C)C[C@H](O)[C@H](CC(C)C)NC(=O)[C@H](Cc1ccc([N+](=O)[O-])cc1)NC(=O)/C=C/c1ccc(C(F)(F)F)cc1,5.421361
243,CC(C)CNC(=O)[C@H](C)C[C@H](O)[C@H](CC(C)C)NC(=O)[C@H](Cc1ccccc1)NC(=O)/C=C/c1ccc(C(F)(F)F)cc1,4.7090755
244,COC(CNCc1ccccc1)CC(O)C(COc1cc(F)cc(F)c1)NC(=O)c1cc(C(=O)NC(C)c2ccccc2)cc(N(C)S(C)(=O)=O)c1,5.0
245,CC(=O)NC(Cc1cc(F)cc(F)c1)C(O)CNC1(c2csc(CC(C)(C)C)n2)CC1,5.5157003
246,CN1C(=O)C(c2ccncc2)(c2cccc(-c3ccsc3)c2)N=C1N,6.6197886
247,CC(C)c1cccc(CNC[C@@H](O)[C@H](Cc2ccccc2)NC(=O)[C@@H]2CCC[C@H](C(C)(C)N3CCCCC3=O)C2)c1,8.6020603
248,Cn1c(N)nc(C2CC2c2ccc(-c3ccco3)cc2)cc1=O,4.2291479
249,CCC(C)C1(NC(C)=O)CCN(C(CCc2ccccc2)C(=O)NC(Cc2cc(F)cc(F)c2)C(O)C2CC(OCc3cccnc3)CN2)C1=O,8.8538723
250,CC1(C)Cc2cc(Cl)ccc2C(NC(Cc2ccccc2)c2nccc(=O)[nH]2)=N1,5.5670309
251,CC1(C)Cc2cc(Cl)ccc2C(NC(Cc2ccccc2)c2ncc(C#N)c(=O)[nH]2)=N1,6.3279023
252,CC1(C)Cc2cc(Cl)ccc2C(NC(Cc2ccccc2)c2ncc(I)c(=O)[nH]2)=N1,6.2291479
253,CC1(C)Cc2cc(Cl)ccc2C(NC(Cc2ccccc2)c2ncc(Cl)c(=O)[nH]2)=N1,6.251812
254,O=C(C1CNCC12CCCc1cc(Br)ccc12)N1CCC(c2ccccc2)CC1c1ccccc1,7.154902
255,CCn1ccc2c(N3CCCC3=O)cc(C(=O)NC(Cc3ccccc3)C(O)CNCc3cccc(C(F)(F)F)c3)cc21,7.6382723
256,CCn1ccc2c(N3CCCC3=O)cc(C(=O)NC(Cc3ccccc3)C(O)CNC(C)(C)c3cccc(OC)c3)cc21,4.4559321
257,CCCCN(C)C(=O)n1cc(C(=O)NC(Cc2cc(F)cc(F)c2)C(O)C2Cc3ccccc3CN2)c2cccnc21,5.9208188
258,CC(C)(C)c1cccc(CNC2CS(=O)(=O)CC(Cc3cc(F)c(N)c(-c4cc[nH]n4)c3)C2O)c1,7.5528421
259,CN1C(=O)[C@]2(CC(C)(C)Oc3ccc(Br)cc32)N=C1N,4.4337983
260,Cn1c(N)nc(C2CC2c2cccc(-c3ccccc3)c2)cc1=O,2.7332981
261,Nc1cccc(Cn2c(-c3ccccc3)ccc2-c2ccc(C(=O)NC3CCC3)cc2)n1,5.4685211
0,CC#Cc1cncc(-c2cc(C3(C4CC4)N=C(C)C(N)=N3)ccc2O)c1,7.2146702
1,CC1=NC(c2cccc(-c3cncc(Cl)c3)c2)(C2CC2)N=C1N,6.5086384
2,CC#Cc1cncc(-c2cccc([C@]3(C4CC4)N=C(C)C(N)=N3)c2)c1,7.1023731
3,NC1=NC(c2ccccc2)(C2CCCCC2)C(=O)N1CC1CCCO1,5.9829664
4,CC#Cc1cncc(-c2cccc([C@@]3(c4cc(C)c(=O)n(CC)c4)N=C(N)c4c(F)cccc43)c2)c1,8.6126099
5,CC(C)c1cccc(CNCC(O)C2COC/C=C/CCCNC(=O)c3cc(cc(N(C)S(C)(=O)=O)c3)C(=O)N2)c1,6.7447276
6,COCCCC1NC(=O)c2cc(cc(N(C)S(C)(=O)=O)c2)C(=O)NC(C(O)CC(C(=O)NCC(C)C)C(C)C)COCc2cccc1c2,5.7212462
7,COCCOC1NC(=O)c2cc(cc(N(C)S(C)(=O)=O)c2)C(=O)NC(C(O)CC(C(=O)NCC(C)C)C(C)C)COCc2cccc1c2,5.0
8,CC(C)(C)Cc1cnc2c(c1)C(NCC(O)C(Cc1cccc(-c3nccs3)c1)NC(=O)[C@@H]1CCCO1)CC1(CCC1)O2,8.036212
9,CC(C)(C)Cc1cnc2c(c1)C(NCC(O)C(Cc1ccc3c(c1)OCO3)NC(=O)c1ccccc1F)CC1(CCC1)O2,7.1157713
10,CC1(C)Cc2ccc(-c3cncc(Cl)c3)cc2C2(CSC(N)=N2)C1,5.7002749
11,CNC(=O)c1cc(C(=O)NC(COCc2cc(F)cc(F)c2)C(O)CC(C)C(=O)NC(C(=O)NCc2ccccc2)C(C)C)cc(N(C)S(C)(=O)=O)c1,5.8996296
12,CC(=O)Nc1c(Cl)cc(C/N=C(\N)NC(=O)Cn2ccc3ccccc32)cc1Cl,5.9956784
13,COc1ccc(C2(c3cccc(-c4cccnc4)c3)COC(N)=N2)cc1,5.1272612
14,COc1ccc(C2(c3cccc(-c4cnccc4F)c3)COC(N)=N2)cc1,5.0861859
15,NC1=NC(c2ccc(OC(F)F)cc2)(c2cccc(-c3cccnc3F)c2)CO1,5.9172144
16,CCC(CC(=O)NCC1CCOCC1)n1c(N)nc2cc(Cl)ccc21,3.0
17,COc1ccc([C@@]2(C34CC5CC(CC(C5)C3)C4)N=C(N)N(C)C2=O)cc1C,4.3467875
18,CCCN(CCC)C(=O)c1cc(Sc2ccc(OC)cc2)cc(C(=O)NC(Cc2cc(F)cc(F)c2)C(O)CNCc2cccc(OC)c2)c1,7.5686364
19,CCCN(CCC)C(=O)c1cc(Sc2ccccc2)cc(C(=O)NC(Cc2cc(F)cc(F)c2)C(O)CNCc2cccc(OC)c2)c1,7.8860564
20,CC1(C)Cc2cc(Cl)ccc2C(NC(Cc2ccccc2)c2noc(=O)[nH]2)=N1,6.124939
21,CN1C(=O)CC(C)(c2cc(-c3cccc(C#N)c3)cs2)N=C1N,7.251812
22,Cc1cnc(C(=O)Nc2cccc(C3(C)N=C(N)CN(C)C3=O)c2)cn1,5.1500282
23,CC(C)CC(NC(=O)c1cc(C(=O)NC(C)c2ccccc2)cc(N(C)S(C)(=O)=O)c1)C(O)CC(C)C(=O)NC(C(=O)NC(C)C)C(C)C,8.9586077
24,NC1=N[C@](c2ccc(OC(F)(F)F)cc2)(c2cccc(CCC3CC3)c2)C2=NCCCN12,6.6777806
25,CCCCCS(=O)(=O)c1cccc(C(=O)N[C@@H](Cc2ccccc2)[C@H](O)CN[C@@H](C)C(=O)NC2CCCCC2)c1,5.7447276
26,CC(NC(=O)c1cc(-c2nc(C(C)(N)Cc3ccccc3)no2)cc(N(C)S(C)(=O)=O)c1)c1ccc(F)cc1,5.7375488
27,Cn1c(N)nc(CCc2cccc(-c3ccccc3)c2)cc1=O,5.1870866
28,COc1cccc(-c2cccc(CCc3cc(=O)n(C)c(N)n3)c2)c1,5.3767509
29,N=C(N)NC(=O)Cn1c(-c2ccccc2)ccc1-c1ccc(NC(=O)c2cccc(Br)c2)cc1,6.221849
30,CCn1cc2c3c(cc(C(=O)NC(Cc4ccccc4)C(=O)CNC4CCOCC4)cc31)N(C)S(=O)(=O)CC2,7.8860564
31,CN1C(=O)C2(CC(C)(C)Sc3ccc(-c4cc(F)cc(Cl)c4)cc32)N=C1N,7.6382723
32,CN1C(=O)C2(CC(C)(C)Sc3ccc(-c4cccc(C#N)c4)cc32)N=C1N,7.3279023
33,CC1CC2(CCN1Cc1cccc(OC3CCCC3)c1)CNS(=O)(=O)N2c1cccc(F)c1,4.9586072
34,Cc1ccccc1-c1ccc2nc(N)c(C[C@@H](C)C(=O)N[C@@H]3CCOC(C)(C)C3)cc2c1,9.1549015
35,COCC(=O)NC(Cc1cccc(-c2ncco2)c1)C(O)CNC1CC2(CCC2)Oc2ncc(CC(C)(C)C)cc21,8.0177288
36,COc1ccc(Cc2cccc([C@@]3(c4ccccc4)N=C(N)N4CCCN=C43)c2)cc1,5.1487417
37,NC1=N[C@](c2ccccc2)(c2cccc(Cc3ccccc3)c2)C2=NCCCN12,5.2757239
38,C[C@@]1(N)Cc2cccc(c2)CC[C@H](c2ccccc2)NC(=O)c2cc(cc(-c3ccccc3C#N)c2)COC1=O,7.5686364
39,CN1C(=O)C(c2cccc(NC(=O)c3ccc4c(c3)OCO4)c2)(C2CCCCC2)N=C1N,6.4202166
40,Cc1ccc(Nc2cc(-c3ccccc3)ncn2)cc1NS(C)(=O)=O,4.6197886
41,CCn1cnc2c(N3CCCC3=O)cc(C(=O)NC(Cc3ccccc3)C(O)CNCc3cccc(C(F)(F)F)c3)cc21,7.7212462
42,COc1ccc(C2(c3cccc(-c4cccnc4)c3)N=C(N)N(C)C2=O)cc1OC1CCCC1,7.154902
43,CN1C(=O)C[C@@](C)(CCc2ccccc2)N=C1N,4.3829994
44,CN1C(=O)C[C@](C)(CCc2ccccc2)N=C1N,3.6989701
45,CCNc1cc(C(=O)NC(Cc2ccccc2)C(O)CNC2CCOCC2)cc2c1CCCS(=O)(=O)N2C,6.7212462
46,CCCCNC(=O)C(C)CC(O)C(Cc1ccccc1)NC(=O)C1CCCC(C(NC(C)=O)C(C)C)C1,6.09691
47,CCCCNC(=O)[C@H](C)C[C@H](O)[C@H](Cc1ccccc1)NC(=O)[C@@H]1CCC[C@H](C(C)(C)NC(C)=O)C1,5.4317985
48,COc1cccc(-c2cccc([C@@]3(c4ccncc4)N=C(N)N4CC(F)(F)CN=C43)c2)c1F,7.3899999
49,CCCOc1ccc(-c2csc(-c3ccccc3Cl)c2CC(=O)NC(=N)N)cc1,6.2291479
50,CC(C)(C)Cc1cnc2c(c1)C(NCC(O)C(Cc1cccc(-c3nccs3)c1)NC(=O)C1CCCO1)CC1(CCC1)O2,8.2006598
51,CC(=O)NC(Cc1cc(F)cc(F)c1)C(O)CNC1(c2cc(C(C)(C)C)ncn2)CCCCC1,5.6143937
52,CCc1cn2c3c(cc(C(=O)NC(Cc4ccccc4)C(O)CNCc4cccc(OC)c4)cc13)N(C)S(=O)(=O)C2,8.0969105
53,O=C(OCc1ccc(Br)cc1)C1CC2(CN1)C(=O)Nc1ccccc12,4.5301781
54,CC(C)c1cccc(CNCC(O)C2COC/C=C\CCN(C)C(=O)c3cc(cc(N(C)S(C)(=O)=O)c3)C(=O)N2)c1,8.124939
55,COc1ccc([C@@]2(c3cccc(-c4cncnc4)c3)CCC(N)=N2)cc1,5.1023731
56,CC(=O)N[C@]1(CC(C)C)CCN([C@@H](CCc2ccccc2)C(=O)N[C@@H](Cc2cc(F)cc(F)c2)[C@H](O)[C@H]2Cc3ccccc3CN2)C1=O,8.0969095
57,CC(C)c1cccc(CNCC(O)C(Cc2ccccc2)NC(=O)C2CCCC(C(C)(C)N3CCCC3=O)C2)c1,7.6020598
58,Cc1cccc(-c2ccc([C@@H]3C[C@@H]3c3cc(=O)n(C)c(N)n3)cc2)c1,4.767004
59,NC1=N[C@@]2(c3cccc(-c4cncc(Cl)c4)c3)CCCC[C@H]2O1,4.9281178
60,COc1cccc(-c2cccc(CCc3cccc(N)n3)c2)c1,4.6020598
61,CN1C(=O)[C@]2(CC(C)(C)Cc3ccc(-c4cncnc4)cc32)N=C1N,7.318759
62,CCCCNC(=O)NCc1ccc(CN2C(=N)NC(C)(CC3CCCCC3)C2=O)cc1,5.3010302
63,CN1C(=N)NC(c2ccccc2)(c2cccc(-c3cccnc3)c2)C1=O,6.2757239
64,COc1cccc(CNCC(O)C(Cc2ccccc2)NC(=O)c2cc(C(=O)NC(C)c3ccccc3)cc(N(C)S(C)(=O)=O)c2)c1,8.7447271
65,CC(C)C[C@@]1(C)NC(=N)N(Cc2ccc(CNC(=O)Nc3ccc(C#N)cc3)cc2)C1=O,5.154902
66,CCCCNC(=O)[C@H](C)C[C@H](O)[C@@H]1C[C@H](C)CCCCCCCC(=O)N[C@@H](C)C(=O)N1,6.2291479
67,CC1(C)Cc2cc(Cl)ccc2C(NC(Cc2cscc2-c2cc[nH]n2)C(=O)O)=N1,5.8996296
68,Nc1nc2cc(Cl)ccc2n1CCCC(=O)NCCC1CCNC1,3.352617
69,CC(NCC(O)C(Cc1ccccc1)NC(=O)c1cccc(N(C2CCCCC2)S(C)(=O)=O)c1)C(=O)NC1CCCCC1,6.5228786
70,NC1=N[C@@]2(c3cccc(-c4cncnc4)c3)CCOC[C@H]2O1,4.0030508
71,COc1ccc([C@]2(C34CC5CC(CC(C5)C3)C4)N=C(N)N(C)C2=O)cc1C,6.7695513
72,CN1C(=O)[C@@](c2ccccc2)(C23CC4CC(CC(C4)C2)C3)N=C1N,5.8153086
73,CCNc1cc(C(=O)N[C@@H](Cc2ccccc2)[C@H](O)CN[C@@H](C)C(=O)NC2CCCCC2)cc(N2CCCC2=O)c1,7.8860564
74,CCCOc1cc(C(=O)N[C@@H](Cc2ccccc2)[C@H](O)CN[C@@H](C)C(=O)NC2CCCCC2)cc(N2CCCC2=O)c1,6.2182446
75,CN1C(=O)C2(CC(C)(C)Cc3ccc(-c4cccnc4F)cc32)N=C1N,7.5228786
76,CN1C(=O)C2(CC(C)(C)Cc3ccc(-c4cncc(Cl)c4)cc32)N=C1N,7.5228786
77,CN1C(=O)CC(C)(C2CC2c2cccc(-c3cccs3)c2)N=C1N,5.2146702
78,CC(NC(=O)c1cc(OCCC(N)(CO)Cc2ccccc2)cc(N(C)S(C)(=O)=O)c1)c1ccc(F)cc1,4.1518106
79,CN1C(=O)[C@@](c2ccc(OC(F)F)cc2)(c2cccc(/C(F)=C\C3CC3)c2)N=C1N,7.6989698
80,CCCN(CCC)C(=O)c1cc(C)cc(C(=O)N[C@@H](Cc2cc(F)cc(F)c2)[C@H](O)[C@H]2C[C@@H](OCC)CCN2)c1,8.1549015
81,C/C=C\C=C\C[C@H]1CCN[C@@H]([C@@H](O)[C@H](Cc2cc(F)cc(F)c2)NC(=O)c2cc(C)cc(C(=O)N(CCC)CCC)c2)C1,7.8538718
82,CN1C(=O)C(c2ccccc2)(c2ccncc2)N=C1N,5.5718651
83,CC(=O)NC(Cc1cc(F)cc(F)c1)C(O)CNC1(c2cccc(C3CCCCC3)c2)CCCCC1,5.0
84,COc1ccc(C2(c3cccc(-c4cncnc4)c3)COC(N)=N2)cc1,4.9430952
85,CC(=O)NC(Cc1cc(F)cc(F)c1)C(O)CNC1(c2cccc(C(C)(C)C)c2)CCNC(=O)C1,7.7447276
86,CCNc1cc(C(=O)NC(Cc2ccccc2)C(O)CNCc2cncc(C#N)c2)cc(N2CCCCS2(=O)=O)c1,7.3979402
87,CC1(C)Cc2ccccc2/C(=N/[C@@H](Cc2ccccc2)C(=O)O)N1,4.5654311
88,Nc1cccc(Cn2c(-c3ccc(Oc4ccccc4)cc3)ccc2-c2ccccc2Cl)n1,6.070581
89,CC(=O)N[C@@H](Cc1cc(F)cc(F)c1)[C@H](O)CN[C@@]1(c2cccc(C(C)(C)C)c2)CCc2n[nH]cc2C1,7.9208188
90,CC(=O)NC(Cc1cc(F)cc(F)c1)C(O)CNC1(c2cccc(-c3ccco3)c2)CCCCC1,5.9586072
91,COc1c(C)cc(C2(c3cccc(-c4cncnc4)c3)N=C(N)c3c(F)cccc32)nc1C,7.1051302
92,CN(Cc1cccc(CCc2cccnc2N)c1)Cc1ccco1,3.6020601
93,CC(=O)NC(Cc1cc(F)cc(F)c1)C(O)CNC1(c2cccc(-n3cccn3)c2)CCCOC1,6.5686364
94,O=C(C1CNCC1c1ccccc1Br)N1CCOCC1c1ccccc1,4.3279023
95,O=C(N[C@@H](Cc1ccccc1)[C@H](O)CNCc1cccc(C(F)(F)F)c1)c1cc(N2CCCC2=O)c(=O)n(C2CCCC2)c1,7.1191864
96,CC1CC2(CCN1Cc1cccc(-c3ccccc3Cl)c1)CNS(=O)(=O)N2c1cccc(F)c1,5.7695513
97,CCCCN(C)C(=O)n1cc(C(=O)NC(Cc2cc(F)cc(F)c2)C(O)CNC2(c3cccc(CC)c3)CC2)c2cccnc21,7.0915151
98,CC(=O)NC(Cc1ccc2c(c1)OCCO2)C(O)CNC1CC2(CCC2)Oc2ncc(CC(C)(C)C)cc21,7.642065
99,CCCN(CCC)C(=O)c1cc(C)cc(C(=O)N[C@@H](Cc2cc(F)cc(F)c2)[C@H](O)[C@@H]2NCCN(Cc3ccccc3)C2=O)c1,8.5228786
100,COc1cccc(CNCC(O)C(Cc2ccccc2)NC(=O)C(CCc2ccccc2)N2CCC(CC3CC3)(NC(C)=O)C2=O)c1,7.9586072
101,CCC[C@H]1C(C(=O)N[C@@H](Cc2ccccc2)[C@H](O)CNc2cccc(OC)c2)=CN(CC(=O)OC(C)C)C=C1C(=O)N[C@H](C)c1ccccc1,4.5058455
102,COc1cccc(-c2cccc([C@@H]3C[C@@H]3c3cc(=O)n(C)c(N)n3)c2)c1,5.3372421
103,CCCc1n[nH]c2ccc(CC3CS(=O)(=O)CC(NCc4cccc(C(C)(C)C)c4)C3O)cc12,6.6575775
104,CC(C)(C)c1cccc(CNC2CS(=O)(=O)CC(Cc3ccc4[nH]ncc4c3)C2O)c1,5.8386321
105,CC(=O)NC(Cc1cc(F)cc(F)c1)C(O)CNC1(c2cc(CC(C)(C)C)c[n+]([O-])c2)CC1,6.1426673
106,CC(=O)NC(Cc1cc(F)cc(F)c1)C(O)CNC1(c2cccc(C3CCCO3)c2)CC1,6.2365718
107,CC(=O)NC(Cc1cc(F)cc(F)c1)C(O)CNC1(c2cccc(C3(C)CCCO3)c2)CC1,6.2365718
108,CC(=O)NC(Cc1cc(F)cc(F)c1)C(O)CNC1(c2cccc(C3CCOC3)c2)CCCCC1,7.0555172
109,CO[C@H](C)C(=O)N[C@@H](Cc1cccc(-c2nccs2)c1)[C@H](O)CN[C@H]1CC2(CCC2)Oc2ncc(CC(C)(C)C)cc21,8.2596369
110,CN1C(=O)C(c2cccc(-c3cccnc3)c2)(c2ccc3c(c2)OCO3)N=C1N,6.6020598
111,CC(C)(C)c1cccc(CNC2CS(=O)(=O)CC(Cc3cc(F)c4c(c3)C3(CCC3)CN4)C2O)c1,6.251812
112,CC1(c2cccc(NC(=O)c3ccc(Cl)cn3)c2)N=C(N)c2ccccc21,6.2596374
113,CN1C(=O)C(C2CCCCC2)(C2CCCCC2)N=C1N,5.9665761
114,COc1ccc([C@H](Cc2cc([N+](=O)[O-])ccc2OC)c2c[nH]c(N)n2)cc1F,5.4948502
115,Cn1c(N)nc(C2CC2c2cccc(Br)c2)cc1=O,2.9531147
116,CC(NCC(O)C(Cc1ccccc1)NC(=O)c1cccc(N2CCCC2=O)c1)C(=O)NC1CCCCC1,5.2757239
117,CC(=O)NC(Cc1cc(F)cc(F)c1)C(O)CNC1(c2cccc(-c3cscn3)c2)CCCCC1,6.9586072
118,O=C(C1CNCC12CCCc1cc(Br)ccc12)N1CCC(c2ccccc2)CC1C1CCCCC1,7.6197886
119,CC(=O)NC(Cc1cc(F)cc(F)c1)C(O)CNC1(c2cccc(N3CCOC3=O)c2)CCCCC1,5.8860564
120,COc1cncc(-c2ccc(C3CC3c3cc(=O)n(C)c(N)n3)cc2)n1,4.8996296
121,NC1=N[C@](c2ccnc(C(F)(F)F)c2)(c2ccc(F)c(-c3cncnc3)c2)c2cccc(F)c21,6.7033348
122,CC(C)(C)c1cccc(CNC2CS(=O)(=O)CC(Cc3cc(F)c(N)c(-c4ccco4)c3)C2O)c1,7.1023731
123,Nc1cccc(Cn2c(-c3ccc(Nc4cncnc4)cc3)ccc2-c2ccccc2Cl)n1,6.0087738
124,CCc1ccnc2c(N3CCCC3=O)cc(C(=O)N[C@@H](Cc3ccccc3)[C@H](O)CNCc3cccc(C(F)(F)F)c3)cc12,6.6777806
125,COCc1cc2cc(c1)C(=O)NC(C(O)CNC1(c3cccc(C(C)(C)C)c3)CCCC1)Cc1cccc(c1)OCCCCN2,7.3010302
126,COc1ccc([C@@]2(c3ccc(F)c(-c4cccnc4F)c3)N=C(N)N(C)C2=O)cc1C,8.0
127,CC#Cc1ccnc(-c2cc(C3(C4CC4)N=C(C)C(N)=N3)ccc2O)c1,6.8860569
128,CC1(C)Cc2cc(Cl)ccc2C(NC(Cc2ccccc2)c2nc3ccncc3c(=O)[nH]2)=N1,6.7695513
129,CCc1ccc2c(c1)[C@@H](NC[C@@H](O)[C@@H]1Cc3cccc(c3)CCCCCCC(=O)N1)CC1(CCC1)O2,7.7695513
130,COc1ccc(C2(c3cccc(-c4cncnc4)c3)CCC(N)=N2)cc1,5.1023731
131,NC1=N[C@@](c2cccc(-c3cccnc3F)c2)(c2ccc3c(c2)OCCO3)C2=NCCCN12,6.7212462
132,CCNc1cc(C(=O)NC(Cc2ccccc2)C(O)CNC2CCOCC2)cc(N2CCCCS2(=O)=O)c1,7.0409584
133,Nc1nc2cc(Cl)ccc2n1CCCC(=O)NCC1CC1,2.5445461
134,CCNc1cc(C(=O)NC(Cc2ccccc2)C(O)CNC2CCc3ccc(OC)cc32)cc(N2CCCCS2(=O)=O)c1,7.7447276
135,CCc1cn2c3c(cc(C(=O)N[C@@H](Cc4ccccc4)[C@H](O)CNC4CCOCC4)cc13)N(CC)S(=O)(=O)CC2,8.3010302
136,CN1C(=O)[C@@](c2ccc(OC(F)(F)F)cc2)(c2ccc(F)c(-c3cncnc3)c2)N=C1N,7.6989698
137,CC(NC(=O)c1cc(-c2noc(C(C)(N)Cc3ccccc3)n2)cc(N(C)S(C)(=O)=O)c1)c1ccc(F)cc1,5.6861329
138,CC(=O)NC(Cc1cc(F)cc(F)c1)C(O)CNC1(c2cn(C34CC5CC(CC(C5)C3)C4)nn2)CCCCC1,6.406714
139,CCCN(CCC)C(=O)c1cc(C)cc(C(=O)N[C@@H](Cc2cc(F)cc(F)c2)[C@H](O)[C@H]2CN(S(=O)(=O)c3ccccc3)CCN2)c1,8.3010302
140,CCc1cn2c3c(cc(C(=O)NC(Cc4ccccc4)C(O)CNc4ccc(OC)cc4)cc13)NS(=O)(=O)CCC2,7.5528421
141,CCc1coc2c(N3CCCC3=O)cc(C(=O)NC(Cc3ccccc3)C(O)CNCc3cccc(C(F)(F)F)c3)cc12,7.0604806
142,CC(C)(C)Cc1cnc2c(c1)C(NCC(O)C(Cc1ccc3c(c1)OCO3)NC(=O)C1CCCO1)CC1(CCC1)O2,7.6903696
143,CC(=O)NC(Cc1cc(F)cc(F)c1)C(O)CNC1(c2cccc(-c3cccs3)c2)CCCCC1,6.4317985
144,Cn1c(N)nc(C2CC2c2ccc(-c3ccsc3)cc2)cc1=O,4.3325472
145,NC1=NC2(c3cccc(Br)c3)CCCCC2O1,3.6989701
146,CS(=O)(=O)N(c1cccc(C(=O)NC(Cc2ccccc2)C(O)CNCc2cccc(C(F)(F)F)c2)c1)c1ccccn1,6.5376019
147,CC(C)COc1ccc2c(c1)C1(CC(C)(C)O2)N=C(N)N(C)C1=O,6.3655229
148,Nc1nc2cc(Cl)ccc2n1CCCC(=O)NCc1ccccn1,3.3705904
149,COc1ccc([C@]2(C)CCSC(N)=N2)cc1,4.3851027
150,CN1C(=O)C2(CC(C)(C)Sc3ccc(-c4cncc(Cl)c4)cc32)N=C1N,7.6575775
151,CC(C)CNC(=O)[C@H](C)C[C@H](O)[C@H](CC(C)C)NC(=O)[C@H](Cc1ccccc1)NC(=O)c1ccc2c(c1)OCO2,5.0931263
152,CS(=O)(=O)N(c1cccnc1)c1cccc(C(=O)NC(Cc2ccccc2)C(O)CNCc2cccc(C(F)(F)F)c2)c1,7.6020598
153,Nc1ncccc1NCc1cc(-c2ccc3cc[nH]c3c2)ccc1OCc1ccccn1,5.3767509
154,CC(=O)NC(Cc1cc(F)cc(F)c1)C(O)CNC1(c2cccc(N3CC4CC3CO4)c2)CC1,5.6197886
155,CCCN(CCC)C(=O)c1cc(C)cc(C(=O)N[C@@H](Cc2cc(F)cc(F)c2)[C@H](O)[C@H]2C[C@@H](OCc3ccccc3)CN2)c1,8.3010302
156,COCC(=O)NC(Cc1ccc(-c2nccs2)cc1)C(O)CNC1CC2(CCC2)Oc2ncc(CC(C)(C)C)cc21,7.5376019
157,CS(=O)(=O)N(c1ccccc1)c1cccc(C(=O)NC(Cc2ccccc2)C(O)CNCc2cccc(C(F)(F)F)c2)n1,5.4400935
158,NC1=N[C@@](c2ccc(OC(F)(F)F)cc2)(c2cccc(-c3cccnc3F)c2)C2=NCCCN12,6.4317985
159,Cn1c(N)nc(C2CC2c2ccc(-c3cccc(OCC4CC4)c3)cc2)cc1=O,4.4672456
160,NC1=NC(c2ccncc2)(c2cccc(-c3cncnc3)c2)C2=NCC(F)(F)CN12,6.9699998
161,CCCN(CCC)C(=O)c1cccc(C(=O)NC(Cc2ccccc2)C(N)CC(C)C(=O)Nc2ccc(F)cc2)c1,7.5850267
162,CCC[C@H]1SC=C(c2cn[nH]c2)[C@H]1C[C@H](NC1=NC(C)(C)Cc2cc(Cl)ccc21)C(=O)O,8.0969095
163,CCCCN(C)C(=O)n1cc(C(=O)NC(Cc2ccccc2)C(O)CNC2CC2)c2cccnc21,4.0
164,CC(CC(O)C(COCc1cc(F)cc(F)c1)NC(=O)c1cc(C(=O)NC(C)c2ccccc2)cc(N(C)S(C)(=O)=O)c1)C(=O)NC1CC1,5.0
165,COc1cccc(-c2cccc(C3(C4CCOCC4)N=C(C)C(N)=N3)c2)c1,5.5228786
166,CC1(C)CN2C(N)=N[C@](c3ccc(OC(F)(F)F)cc3)(c3cccc(-c4cccnc4F)c3)C2=N1,6.7212462
167,CC(=O)NC(Cc1cc(F)cc(F)c1)C(O)CNC1(c2cccc(N3CCCCC3=O)c2)CCCCC1,6.6020598
168,COc1ccc([C@@]2(c3cccc(-c4cccnc4)c3)C[C@@H](OC)C(N)=N2)cc1,5.4948502
169,CN1C(=O)CC(C)(C2CC2c2cccc(CCc3ccccc3)c2)N=C1N,5.3979402
170,COC(=O)[C@@H]1CCCN1C(=O)[C@@H](CC1CCCCC1)N(C)C(=O)[C@H](C)NC(=O)[C@H](CC(C)C)NC(=O)C[C@H](O)[C@H](CC1CCCCC1)NC(=O)[C@@H]1C[C@H](NS(C)(=O)=O)C[C@@H](C(=O)N[C@H](C)C2CCCCC2)C1,6.8927898
171,COCC(=O)NC(Cc1cccc(-c2ccncc2)c1)C(O)CNC1CC2(CCC2)Oc2ncc(CC(C)(C)C)cc21,7.4814858
172,COc1ccc2c(c1)[C@@]1(COC(N)=N1)c1cc(-c3cncnc3)ccc1O2,4.9829664
173,COc1ccc([C@@]2(c3cccc(-c4cccnc4F)c3)COC(N)=N2)cc1,5.545155
174,COCC1CCCN1C(=O)c1cc(C)cc(C(=O)NC(Cc2cc(F)cc(F)c2)C(O)C2CC(Oc3ccccc3)CN2)c1,9.1549015
175,CCc1ccc2c(c1)[C@@H](NC[C@@H](O)[C@@H]1Cc3cccc(c3)CCCCn3cc(ccc3=O)C(=O)N1)CC1(CCC1)O2,8.6020603
176,CC1(C)Cc2cc(Cl)ccc2C(NC(Cc2cscc2-c2ncco2)C(=O)O)=N1,6.0861859
177,CC(=O)NC(Cc1cc(F)cc(F)c1)C(O)CNC1(c2cccc(-n3nccn3)c2)CCCCC1,5.1135092
178,CC(=O)Nc1ccc(CN2CCC3(CC2)C(NC2CCCCC2)=NC(=O)N3c2cccc(F)c2)cc1,5.5528421
179,CN1CCC(NC(=O)CCCn2c(N)nc3cc(Cl)ccc32)CC1,3.4881167
180,CC(=O)N[C@@H](Cc1cc(F)cc(F)c1)[C@H](O)CNC1(c2cccc([C@H]3CCOC3)c2)CCOCC1,6.5376019
181,CN1C(=O)C(c2cccc(-c3cccnc3F)c2)(c2cnn(C3CCCC3)c2)N=C1N,7.6989698
182,COc1ccc(C(Cc2ccccc2)c2csc(N)n2)cc1,4.4948502
183,COc1ccc(C(Cc2cc([N+](=O)[O-])ccc2OC)c2csc(N)n2)cc1,5.9586072
184,NC1=N[C@](c2ccc(OC(F)(F)F)cc2)(c2cccc(-c3cccnc3F)c2)C2=NCCCN12,7.6989698
185,C[C@]1(c2cccc(-c3cccnc3)c2)N=C(N)C(c2ccccc2)=N1,4.0
186,CCCCC1CCN(C(C)C(=O)NC(Cc2cc(F)cc(F)c2)C(O)C2Cc3ccccc3CN2)C1=O,5.7958798
187,COc1cccc(-c2cccc(C3(C)COCC(N)=N3)c2)c1,5.4948502
188,CCCN(CCC)C(=O)c1cc(C)cc(C(=O)N[C@@H](Cc2cc(F)cc(F)c2)[C@H](O)[C@H]2CN(C(=O)c3ccccc3)CCN2)c1,5.939302
189,CS(=O)(=O)N(c1ccccc1)c1cccc(C(=O)NC(Cc2ccccc2)C(O)CNC2CC2)c1,6.3565474
190,COc1cccc(CNC[C@H](O)[C@H](Cc2cc(F)cc(F)c2)NC(=O)c2cc(/C(C)=N\OCc3ccccc3)cc(N(c3ccccc3)S(C)(=O)=O)c2)c1,7.9208188
191,Cc1ccc(C)c(OCC(O)CN2CCOCC2)c1,2.6989701
192,CC(NCC(O)C(Cc1ccccc1)NC(=O)c1cccc(CS(=O)(=O)c2ccccc2)c1)C(=O)NC1CCCCC1,4.3565474
193,CC(=O)NC(Cc1cc(F)cc(F)c1)C(O)CNC1(c2cccc(C3CCCCO3)c2)CC1,5.7695513
194,CN1C(=O)C2(CC(C)(C)Oc3ccc(-c4cncnc4)cc32)N=C1N,6.821023
195,CCCO[C@H]1CN[C@@H]([C@@H](O)[C@H](Cc2cc(F)cc(F)c2)NC(=O)[C@H](CCc2ccccc2)N2CC[C@@](CC(C)C)(NC(C)=O)C2=O)C1,8.8538723
196,COC(=O)[C@@H]1CCCN1C(=O)[C@@H](CC1CCCCC1)N(C)C(=O)[C@H](C)NC(=O)[C@H](CC(C)C)NC(=O)C[C@H](O)[C@H](CC1CCCCC1)NC(=O)[C@H](CCC(N)=O)N(C)C(=O)[C@@H](NC(=O)[C@H](C)O)C(C)C,6.7235384
197,CC(NC(=O)c1cc(N(C)S(C)(=O)=O)cc(-n2cc(C(C)(N)Cc3ccccc3)nn2)c1)c1ccc(F)cc1,4.7878122
198,CC(C)c1ccnc(CNC2CS(=O)(=O)CC(Cc3ccc(O)c(Br)c3)C2O)c1,5.3665314
199,CC(C)(C)c1ccnc(CNC2CS(=O)(=O)CC(Cc3cc(F)c(N)c(OC(C(F)(F)F)C(F)(F)F)c3)C2O)c1,7.167491
200,CN1C(=O)C2(CC(C)(C)Oc3ccc(-c4ccncc4)cc32)N=C1N,5.2027326
201,NC1=NC(c2ccccc2)(c2cccc(Cc3ccc(F)cc3)c2)C2=NCCCN12,5.0861859
202,CC1(c2cccc(-c3cncc(F)c3)c2)N=C(N)C2CCCCN21,5.3979402
203,CC(=O)NC(Cc1cc(F)cc(F)c1)C(O)CNC1(c2cccc(C(C)(C)C)c2)CCC(=O)NC1,7.3279023
204,CCCCNC(=O)NCc1ccc(CN2C(=N)NC(CC3CCCCC3)(CC3CCCCC3)C2=O)cc1,5.6777806
205,CC(=O)NC(Cc1cc(F)cc(F)c1)C(O)CNC1(c2cccc(N3CCCC3=O)c2)CCCCC1,6.0861859
206,CC(=O)NC(Cc1cc(F)cc(F)c1)C(O)CNC1(c2cccc(-n3cccn3)c2)CCOC1,5.6197886
207,CN1C(=O)C(c2cccc(-c3cncnc3)c2)(c2cnn(CCC3CCCCC3)c2)N=C1N,7.6989698
208,Cc1cc2cc(c1)C(=O)N[C@H](c1ccccc1)C/C=C/COCC(C(O)CNCc1cccc(C(C)C)c1)NC2=O,5.309804
209,CCCN(CC1CC1)C(=O)n1cc(C(=O)NC(Cc2cc(F)cc(F)c2)C(O)CNCc2cccc(OC)c2)c2cccnc21,6.6777806
210,CC(NCC(O)C(Cc1ccccc1)NC(=O)c1cccc(N(Cc2ccccc2)S(C)(=O)=O)c1)C(=O)NC1CCCCC1,6.7447276
211,CC(C)(C)c1cccc(CNC2CS(=O)(=O)CC(Cc3cc(F)c(N)c(OC4CCC4)c3)C2O)c1,7.9586072
212,CN1C(=O)[C@](c2ccncc2)(c2cccc(-c3cc(F)ccc3F)c2)N=C1N,5.419075
213,CCc1cn2c3c(cc(C(=O)NC(Cc4ccccc4)C(O)CNC4CCCCC4)cc13)N(C)S(=O)(=O)C2,7.221849
214,CN(c1cc(C(=O)N[C@@H](Cc2ccccc2)[C@H](O)CNC2CC2)cc(C(=O)c2ccccc2)c1)S(C)(=O)=O,7.0087738
215,Nc1cccc(Cn2c(-c3ccc(Oc4ccccn4)cc3)ccc2-c2ccccc2Cl)n1,6.0915151
216,CC(C)(C)c1cccc(CNC2CS(=O)(=O)CC(Cc3cc(F)c(N)c(C4CC4)c3)C2O)c1,7.0268722
217,Nc1nccc2ccccc12,3.0
218,COc1ccc(C2(c3cccc(-c4cccnc4)c3)N=C(N)CS2)cc1,6.1023731
219,CN1C(=O)C2CN(c3ccccc3)CC2(c2ccc(-c3ccc(F)c(C#N)c3)s2)N=C1N,7.0457573
220,CCCN(CCC)C(=O)c1cc(C(=O)NC(Cc2cc(F)cc(F)c2)C(O)CNCc2cccc(OC)c2)cc(S(=O)(=O)c2ccccc2)c1,7.9586072
221,CCCN(CCC)C(=O)c1cc(C(=O)NC(Cc2cc(F)cc(F)c2)C(O)CNCc2cccc(OC)c2)cc(S(=O)(=O)c2ccc(OC)cc2)c1,7.9208188
222,CC(=O)NC(Cc1cc(F)cc(F)c1)C(O)CNC1(c2cccc(N3CCCNC3=O)c2)CCCCC1,6.0
223,CC(C)[C@H](NC(=O)C[C@H](O)[C@H](COc1cc(F)cc(F)c1)NC(=O)c1cc(C(=O)N[C@H](C)c2ccccc2)cc(N(C)S(C)(=O)=O)c1)C(=O)Nc1cc(C(=O)O)cc(C(=O)O)c1,7.4317985
224,CC(=O)NC(Cc1cc(F)cc(F)c1)C(O)CNC1(c2cccc(C(C)(C)C)c2)CCCN(C(=O)OCc2ccccc2)C1,6.0655017
225,COCC(Oc1cc(CC2CS(=O)CC(NCc3cnn(CC(C)(C)C)c3)C2O)cc(F)c1N)C(F)(F)F,7.6777806
226,CS(=O)(=O)N(c1ccccc1)c1cc(C(=O)NC(Cc2ccccc2)C(O)CNCc2cccc(C(F)(F)F)c2)cc(C2CCCC2)c1,8.3979397
227,COc1ccc(C(Cc2cc([N+](=O)[O-])ccc2OC)c2c[nH]c(N)n2)cc1,5.2441254
228,CCn1cc(C2(c3cccc(NC(=O)c4ccccn4)c3)N=C(N)c3c(F)cccc32)cc(C)c1=O,8.6038008
229,CCCN(CCC)C(=O)c1cc(C)cc(C(=O)NC(Cc2cc(F)cc(F)c2)C(O)C2CNCCN2)c1,6.309804
230,Nc1ccc2ccccc2n1,3.0
231,COCC(=O)NC(Cc1cccc(-c2nccn2C)c1)C(O)CNC1CC2(CCC2)Oc2ncc(CC(C)(C)C)cc21,7.19382
232,O=C(C1CNCC1c1ccccc1Br)N1CCC(c2ccccc2)CC1c1ccccc1,6.221849
233,Cc1cc(C)n(COC(=O)NC(CS(C)(=O)=O)C(=O)NC(CC(C)C)C(O)CC(C)C(=O)NC(C(=O)NCC(C)C)C(C)C)n1,9.5228786
234,C[C@@H](NC(=O)c1cc(-c2nnc([C@](C)(N)Cc3ccccc3)o2)cc(N(C)S(C)(=O)=O)c1)c1ccc(F)cc1,7.9208188
235,CC1(c2cc(NC(=O)c3ccc(Cl)cn3)ccc2F)CCOCC(N)=N1,7.6382723
236,CN1C(=O)CC(C)(C2CC2c2ccccc2)N=C1N,4.7447276
237,Nc1ccc2cc(-c3ccsc3)ccc2n1,4.4111681
238,CCc1ccc2c(c1)C(NCC(O)C1Cc3cccc(c3)CCCCn3cc(cc(-c4ccccn4)c3=O)C(=O)N1)CC1(CCC1)O2,8.2291479
239,Nc1ncccc1NCc1cccc(-c2ccc3cc[nH]c3c2)c1,5.0409584
240,CC(=O)N[C@@H](Cc1ccc(F)cc1)[C@H](O)CN[C@H]1CC2(CCC2)Oc2ncc(CC(C)(C)C)cc21,8.3010302
241,COc1cc(-c2ccc(C3CC3c3cc(=O)n(C)c(N)n3)cc2)ccn1,3.9355421
242,Nc1nc(CCc2ccc3cc[nH]c3c2)cc(=O)[nH]1,3.8860567
243,Nc1cccc(Cn2c(-c3ccc(Oc4cccnc4)cc3)ccc2-c2ccccc2Cl)n1,6.3872161
244,CC1(c2cc(NC(=O)c3ccc(Cl)cn3)ccc2F)Cc2ccccc2C(N)=N1,7.2146702
245,CC(=O)N[C@@H](Cc1cc(F)cc(F)c1)[C@H](O)CNC1(c2cccc(-n3cccn3)c2)CC1,6.0087738
246,NC1=NC(c2cccc(-c3cccnc3F)c2)(c2ccc3c(c2)OCO3)C2=NCCCN12,6.7958798
247,CC[C@H](C)[C@@]1(NC(C)=O)CCN([C@@H](CCc2ccccc2)C(=O)N[C@@H](Cc2ccccc2)[C@H](O)CNCc2cccc(OC)c2)C1=O,8.3010302
248,CCCCNC(=O)NCc1ccc(CN2C(=N)NC(CCC3CCCCC3)(CC3CCCCC3)C2=O)cc1,6.4559321
249,NC1=NC2(c3cccc(-c4cncc(Cl)c4)c3)CCOCC2O1,4.3391347
250,COCCOC1CCCc2cc(cc(N(C)S(C)(=O)=O)c2)C(=O)NC(C(O)CC(C(=O)NCC(C)C)C(C)C)COCc2cccc1c2,5.0
251,CC(=O)NC(Cc1cc(F)cc(F)c1)C(O)CNC1(c2cccc(C3CCCO3)c2)CCCCC1,6.7447276
252,CC1(C)Cc2ccc(-c3cncnc3)cc2C2(COC(N)=N2)C1,5.8703103
253,CC(C)C[C@H](NC(=O)C[C@H](O)[C@H](CC1CCCCC1)NC(=O)[C@H](CCC(N)=O)N(C)C(=O)[C@@H](NC(=O)[C@H](C)O)C(C)C)C(=O)N[C@@H](C)C(=O)N(C)[C@H](CC1CCCCC1)C(=O)O,7.1366773
254,COCC(=O)NC(Cc1cccc(-c2cscn2)c1)C(O)CNC1CC2(CCC2)Oc2ncc(CC(C)(C)C)cc21,8.1611509
255,CC(NC(=O)c1cc(-c2ccc(C(C)(N)Cc3ccccc3)o2)cc(N(C)S(C)(=O)=O)c1)c1ccc(F)cc1,7.6989698
256,CC(=O)N[C@@H](Cc1cc(F)cc(F)c1)[C@H](O)CNC1(c2cccc([C@H]3CCOC3)c2)CC1,6.1191864
257,CN1C(=O)[C@](c2ccc(OC(F)(F)F)cc2)(c2ccc(F)c(-c3cncnc3)c2)N=C1N,5.8569851
258,CC(=O)N1CCC(OC(=O)C2CC3(CN2)C(=O)Nc2ccccc23)CC1,4.0772743
