,smiles,pIC50
0,CCCc1scc(-c2cn[nH]c2)c1CC(NC1=NC(C)(C)Cc2cc(Cl)ccc21)C(=O)O,8.0969095
1,Cn1cc(-c2cscc2CC(NC2=NC(C)(C)Cc3cc(Cl)ccc32)C(=O)O)cn1,5.9625735
2,CC1(C)Cc2cc(Cl)ccc2C(NC(Cc2cscc2-c2cn[nH]c2)C(=O)O)=N1,6.3467875
3,CC1(C)Cc2cc(Cl)ccc2C(N[C@@H](Cc2cscc2-c2cn[nH]c2)C(=O)O)=N1,6.3467875
4,CCCC(=O)Nc1cccc([C@@]2(C3CCCCC3)N=C(N)N(C)C2=O)c1,5.545155
5,COCC(=O)Nc1cccc([C@@]2(C3CCCCC3)N=C(N)N(C)C2=O)c1,6.6777806
6,COc1ccc(C2(c3cccc(-c4cccnc4)c3)N=C(N)N(C)C2=O)cc1Cl,7.4436975
7,COc1ccc(C2(c3ccc(C#N)c(-c4cccnc4)c3)N=C(N)N(C)C2=O)cc1C,6.2006593
8,COc1ccc(C2(c3cccc(-c4cccnc4)c3)N=C(N)N(C)C2=O)cc1C(F)(F)F,7.3979402
9,COc1ccc(C2(c3cccc(-c4cccnc4)c3)N=C(N)N(C)C2=O)cc1F,7.3010302
10,COc1ccc(C2(c3ccc(F)c(-c4cccnc4F)c3)N=C(N)N(C)C2=O)cc1C,6.251812
11,COc1ccc(C2(c3cccc(-c4cccnc4F)c3)N=C(N)N(C)C2=O)cc1C,7.6989698
12,CCOc1cc(C2(c3cccc(-c4cccnc4)c3)N=C(N)N(C)C2=O)ccc1OC,7.3010302
13,COc1ccc(C2(c3ccc(C)c(-c4cccnc4)c3)N=C(N)N(C)C2=O)cc1C,6.8860564
14,COc1ccc(C2(c3cccc(-c4cccnc4)c3)N=C(N)N(C)C2=O)cc1C#N,6.8239088
15,COc1ncccc1-c1cccc(C2(c3ccc(OC(F)(F)F)cc3)N=C(N)N(C)C2=O)c1,6.2839966
16,CCCOc1cc(C2(c3cccc(-c4cccnc4)c3)N=C(N)N(C)C2=O)ccc1OC,7.3010302
17,CN1C(=O)C(c2ccc(OC(F)(F)F)cc2)(c2cccc(-c3cccnc3F)c2)N=C1N,7.221849
18,CCCCOc1cc(C2(c3cccc(-c4cccnc4)c3)N=C(N)N(C)C2=O)ccc1OC,7.3010302
19,COc1ccc(C2(c3cccc(-c4cccnc4)c3)N=C(N)N(C)C2=O)cc1OC,7.0457573
20,COc1ccc(-c2cccc(C3(c4ccc(OC(F)(F)F)cc4)N=C(N)N(C)C3=O)c2)cn1,6.0457573
21,COc1ccc(C2(c3cccc(-c4cccnc4)c3)N=C(N)N(C)C2=O)cc1OC(C)C,7.221849
22,CC1(c2cc(NC(=O)c3ccc(Cl)cn3)ccc2F)COCC(N)=N1,7.5086384
23,CC1(c2cc(NC(=O)c3ncc(Cl)cc3Cl)ccc2F)COCC(N)=N1,7.3467875
24,COc1cc(Cl)cc(CN2CCC(NC(=O)COc3ccc(S(N)(=O)=O)cc3)CC2)c1OC(C)C,3.769551
25,COc1cc(Cl)cc(CN2CCC(NC(=O)COc3ccc(S(N)(=O)=O)cc3C)CC2)c1OC(C)C,4.1307683
26,CN1C(=O)CC(C)(C2CC2c2cccc(/C=C/c3ccccc3)c2)N=C1N,5.5376019
27,COc1cccc(-c2cccc(C3(C4CCN(C(C)=O)CC4)N=C(C)C(N)=N3)c2)c1,6.09691
28,NC1=NC2(c3cccc(NC(=O)c4ccc(Cl)cn4)c3)CC2CCS1,4.3851027
29,COCC(=O)NC(Cc1cccc(-c2cncs2)c1)C(O)CNC1CC2(CCC2)Oc2ncc(CC(C)(C)C)cc21,8.2839966
30,CC(NC(=O)c1cc(C(=O)NC(COc2cc(F)cc(F)c2)C(O)C[C@H](C)C(=O)NC(C(=O)NCc2ccccc2)C(C)C)cc(N(C)S(C)(=O)=O)c1)c1ccccc1,8.0
31,COC(CC(O)C(COc1cc(F)cc(F)c1)NC(=O)c1cc(C(=O)NC(C)c2ccccc2)cc(N(C)S(C)(=O)=O)c1)C(=O)NC(C(=O)NCc1ccccc1)C(C)C,9.0
32,CC(CC(O)C(COc1cc(F)cc(F)c1)NC(=O)c1cc(C(=O)NC(C)c2ccccc2)cc(N(C)S(C)(=O)=O)c1)C(=O)NC(C(=O)NCc1ccccc1)C(C)C,8.5086384
33,COCCOC(CC(O)C(COc1cc(F)cc(F)c1)NC(=O)c1cc(C(=O)NC(C)c2ccccc2)cc(N(C)S(C)(=O)=O)c1)C(=O)NC(C(=O)NCc1ccccc1)C(C)C,8.5086384
34,CN1C(=O)[C@]2(CC(C)(C)Oc3ccc(-c4cccc(Cl)c4)cc32)N=C1N,7.6197886
35,CN1C(=O)[C@]2(CC(C)(C)Oc3ccc(-c4cccc(C#N)c4)cc32)N=C1N,7.0268722
36,NC1=NC(c2ccccc2)(C2CCCCC2)C(=O)N1Cc1cc(F)cc(F)c1,5.9665761
37,NC1=NC(c2ccccc2)(C2CCCCC2)C(=O)N1Cc1ccccc1,5.9065785
38,CC1(c2cc(NC(=O)c3ccc(Cl)cn3)ccc2F)CCC2(CC2)C(N)=N1,7.5086384
39,CC(NC(=O)c1cc(N(C)S(C)(=O)=O)cc(S(=O)(=O)CCC(N)(CO)Cc2ccccc2)c1)c1ccc(F)cc1,4.0
40,CC1(C)Cc2cc(Cl)ccc2C(N[C@@H](Cc2ccccc2)c2nc3ccncc3c(=O)[nH]2)=N1,6.7695513
41,CCNc1cc(C(=O)NC(Cc2ccccc2)C(O)CNCc2cccc(C(F)(F)F)c2)cc(N2CCCC2=O)c1C,7.2006593
42,CCNc1cc(C(=O)NC(Cc2ccccc2)C(O)CNCc2cccc(C(F)(F)F)c2)cc(N2CCCC2=O)c1OC,6.9586072
43,Nc1cccc(Cn2c(-c3ccc(Oc4cncnc4)cc3)ccc2-c2ccccc2Cl)n1,7.0
44,Nc1nc(Cn2c(-c3ccc(Oc4cncnc4)cc3)ccc2-c2ccccc2Cl)ccc1NCCO,7.154902
45,Nc1nc(Cn2c(-c3ccc(Oc4cncnc4)cc3)ccc2-c2ccccc2Cl)ccc1OCCO,7.3979402
46,Nc1cccc(Cn2c(-c3ccccc3)ccc2-c2ccc(C(=O)NC3CC3)cc2)n1,5.9208188
47,COc1ccc(-c2cccc(C3CC3C3(C)CC(=O)N(C)C(N)=N3)c2)cc1,4.6326442
48,CCCOc1cccc(-c2cccc(C3CC3C3(C)CC(=O)N(C)C(N)=N3)c2)c1,5.0757208
49,CN1C(=O)CC(C)(C2CC2c2cccc(-c3cccc(CO)c3)c2)N=C1N,4.6819367
50,COc1cccc(-c2cccc(C3CC3C3(C)CC(=O)N(C)C(N)=N3)c2)c1,5.4814858
51,CN1C(=O)CC(C)(C2CC2c2cccc(-c3ccccc3)c2)N=C1N,5.031517
52,CC(=O)Nc1cccc(-c2cccc(C3CC3C3(C)CC(=O)N(C)C(N)=N3)c2)c1,4.779892
53,COc1ccccc1-c1cccc(C2CC2C2(C)CC(=O)N(C)C(N)=N2)c1,5.124939
54,NC1=NC2(c3cc(NC(=O)c4ccc(Cl)cn4)ccc3F)CC2COC1,7.5686364
55,CC1(c2cc(NC(=O)c3ncc(Cl)cn3)ccc2F)N=C(N)OCC1(F)F,7.1739254
56,CC(C)c1cccc(CNCC(O)C2COC/C=C/C[C@H](c3ccccc3)NC(=O)c3cc(cc(N(C)S(C)(=O)=O)c3)C(=O)N2)c1,8.4948502
57,CC#Cc1cncc(-c2cccc(C3(c4ccnc(C(F)F)c4)N=C(N)c4c(F)cccc43)c2)c1,8.1877556
58,N#Cc1cncc(-c2cccc(C3(c4ccnc(C(F)(F)F)c4)N=C(N)c4c(F)cccc43)c2)c1,6.5968795
59,NC1=NC(c2ccncc2)(c2cccc(-c3cncc(F)c3)c2)c2cccc(F)c21,6.8632793
60,Cc1ccc(C(=O)Nc2ccc3c(c2)C2(CC(C)(C)O3)N=C(N)N(C)C2=O)o1,6.6382723
61,Cc1ccccc1-c1ccc2nc(N)c(CC(C)C(=O)NCc3ccccc3)cc2c1,7.6989698
62,CN1C(=N)N[C@](C)([C@@H]2C[C@H]2c2ccccc2)CC1=O,4.7447276
63,CCNc1cc(C(=O)NC(Cc2ccccc2)C(O)CNCc2cccc(C(F)(F)F)c2)cc2c1CCCS(=O)(=O)N2C,7.7212462
64,CC#Cc1cncc(-c2cccc(C3(c4cc(C)c(OC)c(C)c4)N=C(C)C(N)=N3)c2)c1,7.5850267
65,CC1=NC(c2ccccc2)(c2cccc(-c3cccnc3)c2)N=C1N,5.8860569
66,COc1ccc(C2(c3cccc(-c4cccnc4)c3)N=C(C)C(N)=N2)cc1,6.4814858
67,CC1=NC(c2ccc(F)cc2)(c2cccc(-c3cccnc3)c2)N=C1N,6.309804
68,CN1C(=O)C(C)(c2cccc(NC(=O)c3ccc(Cl)cn3)c2)N=C1N,5.9913998
69,CN1C(=O)C2(CC(C)(C)C(F)(F)c3ccc(-c4cncnc4)cc32)N=C1N,5.8259401
70,COc1ccc([C@]2(c3cccc(-c4cncnc4)c3)N=C(N)N3CCCN=C32)cc1,7.0
71,Nc1ncccc1CCc1cccc(Cl)c1,3.0
72,CC1(C)Cc2cc(Cl)ccc2C(NC(Cc2cscc2-c2ccncc2)C(=O)O)=N1,5.7328281
73,COc1ccc(C2(c3cccc(-c4cccnc4)c3)CC(OC)C(N)=N2)cc1,5.4948502
74,CCCN(CCC)C(=O)c1cc(C)cc(C(=O)N[C@@H](Cc2cc(F)cc(F)c2)[C@H](O)[C@H]2C[C@@H](Oc3ccccc3)CN2)c1,8.5228786
75,C[C@@H]1CCc2cccc(c2)C[C@@](C)(N)C(=O)OCc2cc(nc(N(C)S(C)(=O)=O)c2)CC1,5.7447276
76,CC(=O)N[C@@H](Cc1cc(F)cc(F)c1)[C@H](O)CNC1(c2cccc(C(C)(C)C)c2)CCC1,6.2146702
77,NC1=N[C@@](c2ccc(OC(F)(F)F)cc2)(c2cccc(-c3cncnc3)c2)C2=NCCCN12,6.1023731
78,NC1=NC2(CCc3ccc(NC(=O)c4ccc(Cl)cn4)cc32)CS1,5.3979402
79,Cc1cc(C2(c3cccc(C#CC4CC4)c3)N=C(N)c3c(F)cccc32)cn(C)c1=O,8.2160969
80,CC(=O)NC(Cc1cc(F)cc(F)c1)C(O)CNC1(c2ccn(CC(C)(C)C)n2)CC1,6.0604806
81,CCc1cn2c3c(cc(C(=O)NC(Cc4ccccc4)C(O)CNC4CC4)cc13)NS(=O)(=O)CCC2,6.309804
82,CN1C(=N)N[C@](CCC2CCCCC2)(CC2CCCCC2)C1=O,6.2182446
83,CN1C(=O)C2(CC(C)(C)Cc3ccc(-c4cc(F)cc(Cl)c4)cc32)N=C1N,7.6197886
84,CN1C(=O)C2(CC(C)(C)Cc3ccc(-c4cccc(C#N)c4)cc32)N=C1N,7.7447276
85,CC1(C)Cc2cc(Cl)ccc2C(NC(Cc2cscc2CCC2CC2)C(=O)O)=N1,6.2441254
86,CC(C)SC(NC(=O)C(CC(O)C1COCc2cccc(c2)C(C)NC(=O)c2cc(cc(N(C)S(C)(=O)=O)c2)C(=O)N1)C(C)C)C(=O)NCc1ccccc1,7.3010302
87,NC1=NC2(CCc3ccc(NC(=O)c4ccc(Cl)cn4)cc32)CO1,4.9673815
88,COc1cccc(CNC[C@H](O)[C@H](Cc2cc(F)cc(F)c2)NC(=O)c2cc(/C(C)=N\OCc3ccccc3)cc(N(C)S(C)(=O)=O)c2)c1,8.0457573
89,CC(NCC(O)C(Cc1ccccc1)NC(=O)c1cccc(NS(=O)(=O)c2ccccc2)c1)C(=O)NC1CCCCC1,5.1023731
90,Cn1c(N)nc(CCc2ccccc2)cc1=O,3.7670038
91,Cn1c(N)nc(CCc2cccc(Br)c2)cc1=O,4.7033348
92,Cn1c(N)nc([C@H]2C[C@H]2c2ccccc2)cc1=O,3.2083094
93,CC(=O)NC(C)(C)C1CCCC(C(=O)NC(Cc2ccccc2)C(O)CNCc2cccc(C(C)C)c2)C1,5.3767509
94,CCC(=O)N(C)C(C)(C)C1CCCC(C(=O)NC(Cc2ccccc2)C(O)CNCc2cccc(C(C)C)c2)C1,6.8239088
95,CCC(=O)NC(C)(C)C1CCCC(C(=O)NC(Cc2ccccc2)C(O)CNCc2cccc(C(C)C)c2)C1,6.2365718
96,NC1=NC(c2ccccc2)(C2CCCCC2)C(=O)N1CC1CCC(C(=O)O)CC1,6.4089355
97,CN1C(=O)C2(CC(C)(C)Oc3ccc(C4CCCCC4)cc32)N=C1N,6.5559554
98,O=C(C1CNCC1c1ccccc1Br)N1CCCCC1c1ccccc1,4.2441254
99,CCCCN(CCCC)C(=O)n1cc(C(=O)N[C@@H](Cc2ccccc2)[C@H](O)CNCc2cccc(OC)c2)c2ccccc21,7.0268722
100,CCCCN(C)C(=O)n1cc(C(=O)N[C@@H](Cc2cc(F)cc(F)c2)[C@H](O)CNCc2cccc(OC)c2)c2cc(C#N)ccc21,7.7447276
101,O=C(O[C@H]1CCS(=O)(=O)c2ccc(Br)cc21)[C@H]1C[C@]2(CN1)C(=O)Nc1ccccc12,5.3979402
102,Cn1c(N)nc(CCc2ccc(-c3ccccc3)cc2)cc1=O,3.6989701
103,CN1C(=O)[C@@](c2ccc(OC(F)F)cc2)(c2cccc(OCC3CC3)c2)N=C1N,7.6989698
104,CC1(C)Cc2ccc(-c3cncc(Cl)c3)cc2C2(COC(N)=N2)C1,6.1029229
105,CC1(C)Cc2ccc(-c3cncc(F)c3)cc2C2(COC(N)=N2)C1,5.2335873
106,CC1(C)Cc2ccc(-c3cccnc3F)cc2C2(COC(N)=N2)C1,5.7194219
107,CC(=O)NC(Cc1cc(F)cc(F)c1)C(O)CNC1(c2cccc(N3C(=O)C4CCC3C4)c2)CCCCC1,6.4685211
108,COc1cccc(-c2cccc(C3(C)N=C(N)CS3)c2)c1,5.1023731
109,C=C1CCC(NCC(O)C(Cc2cc(F)cc(F)c2)NC(C)=O)(c2cccc(C(C)(C)C)c2)CC1,7.318759
110,COc1cccc(CNCC(O)C(Cc2cc(F)cc(F)c2)NC(=O)C(C)N2CCC(CC3CC3)(NC(C)=O)C2=O)c1,7.3372421
111,CS(=O)(=O)c1ccc(-c2ccccc2C2CNCC2C(=O)N2CCOCC2c2ccccc2)cc1,5.3979402
112,CC1(C)Cc2cc(Cl)ccc2C(NC(Cc2ccccc2)c2ncc3ccoc3n2)=N1,4.1325326
113,Cc1ccccc1-c1ccc2nc(N)c(CCC(=O)NC3CCCCC3)cc2c1,7.1307683
114,Cc1ccccc1-c1ccc2nc(N)c(CCC(=O)N(C)C3CCCCC3)cc2c1,5.2839966
115,CC(=O)NC(Cc1cc(F)cc(F)c1)C(O)CNC1(c2csc(C(C)C)c2)CCCCC1,6.4948502
116,CN1CC(N)=NC(C)(c2cccc(NC(=O)c3ccc(Cl)cn3)c2)C1,7.4948502
117,CCCN(CCC)C(=O)c1cc(C(=O)NC(Cc2cc(F)cc(F)c2)C(O)CNCc2cccc(OC)c2)cc(/C(C)=N\OCc2ccccc2)c1,7.1739254
118,CCCCN(C)C(=O)n1cc(C(=O)NC(Cc2cc(F)cc(F)c2)C(O)CNCc2cccc(OC)c2)c2cc(C(=O)OCc3ccccc3)ccc21,6.0655017
119,CC(CC(O)C(COCc1ccccc1)NC(=O)c1cc(C(=O)NC(C)c2ccccc2)cc(N(C)S(C)(=O)=O)c1)C(=O)NC(C(=O)NCc1ccccc1)C(C)C,8.4436979
120,CC(CC(O)C(COCc1cc(F)cc(F)c1)NC(=O)c1cc(C(=O)NC(C)c2ccccc2)cc(N(C)S(C)(=O)=O)c1)C(=O)NC(C(=O)NCc1ccc(F)cc1)C(C)C,5.4436975
121,CCn1cc(C2(c3cccc(-c4cncc(C#N)c4)c3)N=C(N)c3c(F)cccc32)cc(C)c1=O,8.0830202
122,CC#Cc1cncc(-c2cccc(C3(c4cc(C)c(=O)n(CC)c4)N=C(N)c4c(F)cc(F)cc43)c2)c1,8.5867004
123,CCn1cc(C2(c3cccc(-c4cncc(F)c4)c3)N=C(N)c3c(F)cccc32)cc(C)c1=O,7.8894105
124,CCC[C@H]1C(C(=O)N[C@@H](Cc2ccccc2)[C@H](O)CNC2CC2)=CN(CC(=O)OC(C)C)C=C1C(=O)N[C@H](C)c1ccccc1,4.5287085
125,CC(C)OC(=O)CN1C=C(C(=O)N[C@@H](Cc2ccccc2)[C@H](O)CNC2CC2)[C@H](C)C(C(=O)N[C@H](C)c2ccccc2)=C1,4.4841261
126,CC[C@H]1C(C(=O)N[C@@H](Cc2ccccc2)[C@H](O)CNC2CC2)=C(C)N(S(C)(=O)=O)C(C)=C1C(=O)N[C@H](C)c1ccccc1,4.7904849
127,CC1=C(C(=O)N[C@@H](Cc2ccccc2)[C@H](O)CNC2CC2)[C@H](C)C(C(=O)N[C@H](C)c2ccccc2)=C(C)N1S(C)(=O)=O,4.7931743
128,COc1cccc(-c2cccc(C34CCOCC3OC(N)=N4)c2)c1,4.4306259
129,NC1=NC2(c3cccc(-c4cc(F)cc(Cl)c4)c3)CCOCC2O1,4.8827286
130,N#Cc1cccc(-c2cccc(C34CCOCC3OC(N)=N4)c2)c1,4.3334818
131,CC(NC(=O)c1cc(-c2ncc(C(C)(N)Cc3ccccc3)o2)cc(N(C)S(C)(=O)=O)c1)c1ccc(F)cc1,8.1549015
132,COc1cccc(-c2cccc(C3(C)N=C(N)CCO3)c2)c1,5.0
133,CC1(c2cccc(-c3cccc(Cl)c3)c2)N=C(N)CCO1,5.2006593
134,C[C@]1(c2cccc(-c3cccc(Cl)c3)c2)N=C(N)CCO1,5.2006593
135,NC1=NC2(c3cccc(NC(=O)c4ccc(F)cn4)c3)CCOCC2O1,4.5638375
136,NC1=NC2(c3cccc(NC(=O)c4ccc(Cl)cn4)c3)CCOCC2O1,5.4814858
137,NC1=NC2(c3cccc(NC(=O)c4ccccn4)c3)CCOCC2O1,3.6989701
138,CC1=C(C(=O)N[C@@H](Cc2ccccc2)[C@H](O)CNC2CC2)[C@H](C)C(C(=O)OCc2ccccc2)=C(C)N1CC(=O)N1CCOCC1,4.5466819
139,CS(=O)(=O)N(c1ccccc1)c1cc(C(=O)NC(Cc2ccccc2)C(O)CNCc2cccc(C(F)(F)F)c2)cc(N2CCCC2=O)c1,8.2218485
140,COc1ccc(COCC(CC(O)C(COc2cc(F)cc(F)c2)NC(=O)c2cc(N(C)CC3CC3C)nc(N(C)S(C)(=O)=O)c2)OC)cc1,5.7447276
141,O=C(O[C@H]1CCSc2ccc(Br)cc21)[C@H]1C[C@]2(CN1)C(=O)Nc1ccccc12,4.6458917
142,CCCCN(C)C(=O)n1cc(C(=O)NC(Cc2ccccc2)C(O)CNC(=O)c2cccc(OC)c2)c2cccnc21,4.0
143,COc1ccc(C2(c3cccc(-c4cncnc4)c3)N=C(N)c3nc(C)sc32)cc1,6.2006593
144,CC(=O)NC(Cc1cc(F)cc(F)c1)C(O)CNC1(c2cccc(C(C)(C)C)c2)CCC(=O)CC1,6.9208188
145,CC(=O)c1ccc(Oc2ccc(-c3ccc(-c4ccccc4Cl)n3CC(=O)NC(=N)N)cc2)cc1,6.154902
146,Cc1cc([C@]2(c3cccc(-c4cccnc4)c3)N=C(N)N(C)C2=O)ccn1,7.0
147,CN1C(=O)[C@@](c2ccncc2)(c2cccc(-c3cccnc3)c2)N=C1N,7.221849
148,CC1(C)Cc2cc(Cl)ccc2C(N[C@@H](Cc2ccccc2)c2noc(=O)[nH]2)=N1,6.124939
149,COC(CO)CC(O)C(COc1cc(F)cc(F)c1)NC(=O)c1cc(C(=O)NC(C)c2ccccc2)cc(N(C)S(C)(=O)=O)c1,5.0
150,COCC(CC(O)C(COc1cc(F)cc(F)c1)NC(=O)c1cc(C(=O)NC(C)c2ccccc2)cc(N(C)S(C)(=O)=O)c1)OC,5.0
151,COC(COC(C)C)CC(O)C(COc1cc(F)cc(F)c1)NC(=O)c1cc(C(=O)NC(C)c2ccccc2)cc(N(C)S(C)(=O)=O)c1,6.318759
152,C=CCOCC(CC(O)C(COc1cc(F)cc(F)c1)NC(=O)c1cc(C(=O)NC(C)c2ccccc2)cc(N(C)S(C)(=O)=O)c1)OC,5.6925039
153,CCN1CCN2CCS(=O)(=O)N(C)C3C=C(C(=O)NC(Cc4ccccc4)C(O)CNC4CC4)C=C1C32,6.2596374
154,CC(C)CC(NC(=O)C1CC(=O)NCCCCCCOC(=O)NC(C(C)C)C(=O)N1)C(O)CC(C)C(=O)NC(C(=O)NCc1ccccc1)C(C)C,7.6003261
155,CS(=O)(=O)N(c1ccccc1)c1cc(C(=O)NC(Cc2ccccc2)C(O)CNCc2cccc(C(F)(F)F)c2)cc(-c2ccccc2)c1,7.8860564
156,CC1=C(C(=O)N[C@@H](Cc2ccccc2)[C@H](O)CNC2CC2)[C@H](C)C(C(=O)OCc2ccccc2)=C(C)N1CC(=O)N(C)C(C)C,4.5497508
157,CC1=C(C(=O)OCc2ccccc2)[C@@H](C)C(C(=O)N[C@@H](Cc2ccccc2)[C@H](O)CNC2CC2)=CN1CC(=O)OC(C)C,4.7931743
158,CC1=C(C(=O)N[C@@H](Cc2ccccc2)[C@H](O)CNC2CC2)[C@@H](C)C(C(=O)OCc2ccccc2)=C(C)N1CC(=O)N(C)C,4.4078231
159,CC(=O)OCCCN1C(C)=C(C(=O)N[C@@H](Cc2ccccc2)[C@H](O)CNC2CC2)[C@H](C)C(C(=O)OCc2ccccc2)=C1C,4.5702477
160,CC(=O)NC(Cc1cc(F)cc(F)c1)C(O)CNC1(c2cccc(N3CCNC3=O)c2)CCCCC1,5.8538718
161,Cc1ccccc1-c1ccc2nc(N)c(CC(C)C(=O)NCc3cncs3)cc2c1,7.5086384
162,COc1cccc(-c2cccc(C3(C)CCSC(N)=N3)c2)c1,5.6989698
163,CCOC[C@@H](Oc1cc(C[C@@H]2CS(=O)(=O)C[C@H](NCc3cccc(C(C)(C)C)c3)[C@H]2O)cc(F)c1N)C(F)(F)F,8.6989698
164,CC(F)(F)c1cccc(CN[C@H]2CS(=O)(=O)C[C@@H](Cc3cc(F)c(N)c(Br)c3)[C@@H]2O)c1,5.8632793
165,CC(C)(C)c1cccc(CN[C@H]2CS(=O)(=O)C[C@@H](Cc3cc(F)c(N)c(C[C@H](O)C(F)(F)F)c3)[C@@H]2O)c1,7.309804
166,CCc1cn2c3c(cc(C(=O)NC(Cc4ccccc4)[C@H](O)CNCC4CCOCC4)cc13)OS(=O)(=O)CC2,7.0655017
167,CC1(C)OCc2ccc(CNC3CS(=O)(=O)CC(Cc4cc(F)c(N)c(OC(C(F)(F)F)C(F)(F)F)c4)C3O)cc21,8.2218485
168,CC(C)(C)c1cccc(CN[C@H]2CS(=O)C[C@@H](Cc3cc(F)c(N)c(OC(C(F)(F)F)C(F)(F)F)c3)[C@@H]2O)c1,8.6989698
169,COC[C@@H](Oc1cc(C[C@@H]2CS(=O)C[C@H](NCc3cccc(C(C)(C)C)c3)[C@H]2O)cc(F)c1N)C(F)(F)F,8.3979397
170,NC1=NC(c2ccc(OC(F)(F)F)cc2)(c2cccc(-c3cccnc3F)c2)C2=NOCCN12,7.5228786
171,CCn1cc([C@@]2(c3cccc(-c4cccnc4F)c3)N=C(N)N(C)C2=O)cn1,5.7077441
172,CC1(C)Cc2cc(Cl)ccc2C(NC(Cc2cscc2C2CC2)C(=O)O)=N1,5.6143937
173,CCc1cn(C)c2c(N3CCCC3=O)cc(C(=O)NC(Cc3ccccc3)C(O)CNCc3cccc(C(F)(F)F)c3)cc12,7.3979402
174,CCc1c[nH]c2c(N3CCCC3=O)cc(C(=O)NC(Cc3ccccc3)C(O)CNCc3cccc(C(F)(F)F)c3)cc12,7.5850267
175,CC(=O)NC(Cc1cc(F)cc(F)c1)C(O)CNC1(c2cc(C(C)(C)C)ccn2)CC1,6.19382
176,NC1=NC2(c3cccc(NC(=O)c4ccccn4)c3)CCCCC2O1,3.6989701
177,CCC(C)C1(NC(C)=O)CCN(C(CCc2ccccc2)C(=O)NC(Cc2cc(F)cc(F)c2)C(O)C2CC(Oc3cccnc3)CN2)C1=O,8.2291479
178,CC(C)SC(NC(=O)C(CC(O)C1COCc2cccc(c2)C(c2ccccc2)NC(=O)c2cc(cc(N(C)S(C)(=O)=O)c2)C(=O)N1)C(C)C)C(=O)NCc1ccccc1,6.6197886
179,CC(=O)N[C@@H](Cc1cc(F)cc(F)c1)[C@H](O)CNC1(c2cccc(-n3cccn3)c2)CCOCC1,6.9586072
