,smiles,pred_pIC50,target_pIC50
0,CCCOc1cc(-c2cccnc2F)cc(C2(C3CCCCC3)N=C(N)N(C)C2=O)c1,6.0676694,6.194884777069092
1,CC(C)(C)Cc1cncc(C2(NCC(O)C(Cc3cc(O)cc(F)c3)NC(=O)c3cc(F)cc(F)c3)CCC2)c1,7.1225157,7.434480667114258
2,COc1cc(OC)cc(C2(c3ccc(-c4cncnc4)cc3)N=C(N)N(C)C2=O)c1,5.3304396,7.524843692779541
3,CN1CC(=O)C(C)(c2ccc(F)c(-c3cncnc3)c2)N=C1N,4.6846056,6.85041093826294
4,Cc1cccc(-c2cccc(C3(C)N=C(N)N(C)C3=O)c2)c1,5.8171167,4.595328330993652
5,COC1NS(=O)(=O)CC(NCc2cccc(C(C)(C)C)c2)C(O)C1Cc1cc(F)cc(F)c1,7.727496,6.873899459838867
6,O=S1(=O)CC(Cc2ccccc2)C(O)C(NCc2cccc(Cc3ccc(Br)c(O)c3)c2)C1,3.9404173,6.723926067352295
7,CN1C(=O)C[C@](C)(c2cccc(OCC(C)(C)C)c2)N=C1N,6.657161,5.549860000610352
8,COc1cccc(CNCC(O)C(Cc2ccc(F)c(F)c2)NC(=O)c2cc(N(C)S(C)(=O)=O)cc(N(C)S(C)(=O)=O)c2)c1,7.197874,6.854928970336914
9,CC(C)(C)Cn1cc(C(=O)Nc2ccc(F)c(C3(C)N=C(N)OC3(F)F)c2)cn1,7.604051,5.9858269691467285
10,COc1ccc(C2=NCC(C)C(=O)N2C)c(-c2cccc(OCCCC#N)c2)c1,6.739773,6.053497791290283
11,COc1cccc(-c2cc(C3(c4cccc(-c5cncnc5)c4)N=C(N)N(C)C3=O)ccn2)c1,7.241191,8.01762580871582
12,CC[C@H](C)CNc1cccc(C(=O)N[C@@H](CC(=O)N[C@H](Cc2ccccc2)[C@H](O)CNC2CC2)CS(C)(=O)=O)c1,5.409189,5.7184038162231445
13,CN1C(=O)CC2(CCOc3cccc(-c4cccnc4)c32)N=C1N,7.5214133,6.866697788238525
14,COc1cccc(CNCC(O)C(NC(=O)c2ccccc2)C(c2cc(F)cc(F)c2)C(C)NCCC2CCCCOC2)c1,6.7824955,6.081254959106445
15,COc1cccc(CNCC(O)C(Cc2cc(F)cc(F)c2)NC(=O)C2(Oc3ccc(C(C)(C)C)cn3)CCCC2)c1,7.962301,7.161606311798096
16,CC(=O)NC(Cc1ccc(F)c(F)c1)C(O)CNC1CCCC2(CCC2)Oc2ncc(CC(C)(C)C)cc21,7.0109563,8.16107177734375
17,CC(=O)NC(Cc1ccc(F)c(-c2nccs2)c1)C(O)CNC1CC2(CCC2)Oc2ncc(CC(C)(C)C)cc21,6.667798,9.906576156616213
18,CC1(C2CC2c2ccccc2)N=C(N)CCC1=O,5.4514117,6.04275369644165
19,CC(C)(C)c1cccc(C2(NCC(=O)C(O)Cc3ccccc3)CCNC(c3cc(F)cc(F)c3)CC2)c1,8.053814,6.166161060333252
20,CCCOCc1cc(C(=O)NC(Cc2cc(F)cc(F)c2)C(O)CNCc2cccc(OC)c2)cc(N(C)S(C)(=O)=O)c1,7.7170963,5.703059673309326
21,COc1ccc(CN2C[C@@H](Cc3cc(F)cc(F)c3)NC([C](O)CNCc3cccc(OC)c3)C2=O)cc1,6.955099,6.615711212158203
22,CC(NC(COc1cc(F)cc(F)c1)C1CC(CC(O)C(COCc2ccccc2)OCCC(=O)NCc2ccccc2)NC1=O)C(=O)NCCc1ccccc1,7.727333,6.471246242523193
23,COc1cccc(CNCC(O)C(Cc2cc(F)cc(F)c2)NC(=O)c2cc(C)cc(C(=O)N(C)S(C)(=O)=O)c2)c1,6.8397813,6.711674213409424
24,COCC(CCC(=O)Cc1cc(F)cc(-c2nccs2)c1)NC1CC2(CCC2)Oc2ncc(CC(C)(C)C)cc21,5.468933,7.276768684387207
25,N=C1N=C2C=CC(Cl)=CCC2(c2ccc(-c3cncnc3)cc2)CO1,6.9843607,6.358760356903076
26,CN1C(=O)C2(CCCc3ccc(cc3)OC(C)(C)CC2)N=C1N,6.35102,7.586288452148437
27,CN1C(=O)[C@](c2ccsc2)(c2cccc(-c3ccncc3)c2)N=C1N,5.746297,8.178171157836914
28,CC(=O)Nc1cc(C2(F)CN(C)C(N)=N2)ccc1NC(=O)c1ncc(Cl)cc1Cl,6.927086,7.493294239044189
29,Cc1cc(NC(=O)c2ccc(Cl)cn2)ccc1C1(C)N=C(N)N(C)C1=O,6.5962996,5.948340892791748
30,CCn1ccc(C2(c3cccn3CC(C)C)N=C(N)N(C)C2=O)c1,7.0194893,7.442246913909912
31,CO/N=C(/C)c1cc(C(=O)N[C@@H](Cc2cc(F)cc(F)c2)[C@H](O)CNCc2cccc(OC)c2)cc(N(C)S(C)(=O)=O)c1,7.143233,6.8614821434021
32,CCC1=NC(N)(c2cccc(COC)c2)C(=O)N(NC(C)=O)C1,5.9106836,4.886531352996826
33,COc1cccc(-c2ccc(C3(c4ccncc4)N=C(N)N(C)C3=O)cc2)c1,6.419903,6.9650654792785645
34,COc1cccc(C2(c3cccc(-c4nccs4)c3)N=C(N)N(C)C2=O)c1,6.397916,6.828261852264404
35,Cc1cc(-c2cccc(C3(c4ccnc(C)c4)N=C(N)N(C)C3=O)c2)ccn1,6.908412,8.180112838745117
36,CN1C(=O)C(C)(c2ccc(-c3cccnc3)cc2)N=C1N,5.269168,7.240378379821777
37,CCNC(=O)c1cc(C(=O)NC(Cc2cc(F)cc(F)c2)C(O)CNCCC2CCCCC2)cc(N2CCCS2(=O)=O)c1,7.026025,5.670281887054443
38,N=C1NC2(CO1)c1ccc(-c3cccc(-c4ccncc4F)c3)cc12,6.782906,7.284050941467285
39,COc1ccc(C2NC2(C)c2cccc(-c3cccnc3)c2)cc1,4.8205323,5.212074279785156
40,CC(C)c1cccc(CNC[C@H](O)C(Cc2ccccc2)NC(=O)N2CCCCC2)c1,5.9981394,5.406167030334473
41,COc1cccc(CNC[C@@H](O)C(Cc2ccccc2)NC(=O)N(Cc2ccccc2)C2CSC(=O)C2)c1,7.4832354,3.834924936294556
42,CC(=O)NC(Cc1ccccc1)C(O)CNC1(c2cccc(-c3cncnc3)c2)CCCC1,6.6298804,6.195132732391357
43,CC(=O)NC(Cc1cc(F)ccc1N1CCCC1=O)C(O)CNC1(c2ccc(-c3ncco3)cc2)CCCC1,7.6081724,7.068618774414063
44,COc1cccc(CNCC(O)C(Cc2cccc(F)c2)NC(=O)c2cc(C)cc(N(C)S(C)(=O)=O)c2)c1,4.9105577,5.569381713867188
45,CCCCN(C)C(=O)CC1Oc2ncc(CC(C)(C)C)cc2C1NCc1ccc(O[C@H](C(F)F)C(F)(F)F)cc1,7.840603,7.736685752868652
46,CN1C(=O)[C@@](c2csc(CC(F)(F)F)c2)(c2cc(-c3cncnc3)ccc2F)N=C1N,5.0465784,7.806804180145264
47,CC(C)c1ccc(CNC2CS(=O)(=c3ccc(CC(C)(C)C)c[nH]3)CC2O)cc1,7.052107,7.193046569824219
48,Cc1ccc(C2(c3ccc(-c4cccnc4)cc3)N=C(N)N(C)C2=O)cn1,5.7968407,7.183560848236084
49,COc1cccc(CNCC(O)C(Cc2cc(F)cc(F)c2)NC(=O)C(Cc2cc(F)cc(F)c2)OCc2ccccc2)c1,7.2544537,6.450638771057129
50,CCC(=O)NC(Cc1cc(F)cc(F)c1)C(O)CNC1CC2(CCC2)Oc2ncc(CC(C)(C)C)cc21,5.5247984,9.05764389038086
51,N=C1NC(c2cccc(-c3cncnc3)c2)(c2ccccc2OC(F)F)CO1,4.585506,6.247596740722656
52,CC(C)C(=O)NC(Cc1ccccc1)C(O)CNCc1ccc(Cc2cc(F)cc(F)c2)cc1C1(CC(C)(C)C)CCCC1,5.798668,6.918642520904541
53,O=C(Nc1ccc(C2(C3CCCCC3)CCC2)cc1)c1ccc(Cl)cn1,5.4500704,6.589447975158691
54,CC(=O)NC(Cc1cc(F)ccc1F)C(O)CNC1(c2ccco2)CCCCC1,5.669032,5.984481334686279
55,COc1cc(F)cc(CC(NC(=O)c2cccc(F)c2)C(O)CNC2(c3cncc(CC(C)(C)C)c3)CCC2)c1,6.9415064,8.25967025756836
56,CC(=O)NC(C)C1(c2cccc(C(C)C)c2)CCCC2CC(CN2)C(NC(=O)c2ccccc2)C(O)CN1,6.673592,6.282586097717285
57,CCCN(CCC)C(=O)c1cccc(C(C)C(=O)NC(Cc2cc(F)cc(F)c2)C(O)CNCc2cccc(OC)c2)c1,5.400734,5.229926586151123
58,CC(NC(=O)C(NC(C)c1cc(C(=O)NC(O)Cc2ccccc2)cc(N(C)S(C)(=O)=O)c1)c1ccccc1)c1ccccc1,7.8260317,5.3313398361206055
59,c1ccc(-c2cccc(C3(c4cccnc4)CCCCCCCCCN4CCN=C43)c2)nc1,6.1972327,6.679116249084473
60,CCOc1ccccc1-c1cccc(C2(C)COC(=N)N2)c1,6.1303873,7.3073530197143555
61,COc1cc(OC(F)(F)F)cc([C@@]2(c3cc(-c4cccnc4F)cc(C(F)(F)F)c3)N=C(N)N(C)C2=O)c1,6.4982586,7.967247009277344
62,CC1CCCC1=O,6.3573794,3.812807559967041
63,CC(C)(C)c1cccc(CNC2CS(=O)(=O)CC(Cc3ccc(Br)c(O)c3)C2O)c1,7.2996736,5.152209758758545
64,COc1cccc(CNCC(O)C(Cc2ccccc2)Nc2cc(C(=O)NC3CCCC3)cc(N(C)S(C)(=O)=O)c2)c1,5.2997904,4.8075270652771
65,CCCN(CCC)C(=O)c1cc(C)cc(C(=O)N[C@H](CNC2(N(C)S(C)(=O)=O)CCCOC2)Cc2cc(F)cc(F)c2)c1,7.245937,5.23600959777832
66,CC(=O)NCC(O)CNC1CC2(CCC2)Oc2ccnc(CC(C)(C)C)c21,6.7092485,7.088114738464356
67,Cc1cc(C2(C)N=C(N)N(C)C2=O)ccc1C(=O)Nc1ccccc1,6.680635,5.905236721038818
68,COc1cccc(CNCC(O)c2cc(CN(C)C(=O)C(C)C)cc(N(c3ccccc3)S(C)(=O)=O)c2)c1,7.6173,5.526564598083496
69,CC(C)(C)Cn1cc(C2(NCC(O)c3cc(CNCc4ccccc4)cc(OC(F)(F)F)c3)CCCCC2)cn1,7.8921504,7.277176856994629
70,COOC(Cc1cc(F)cc(F)c1)CC(O)Cc1cc(CC(=O)NC(C)c2ccccc2)cc(N(C)S(C)(=O)=O)c1,7.1423945,5.037012100219727
71,CC(C)(C)c1cccc(C2(NCC(O)CC(=O)NC(F)Cc3cc(F)cc(F)c3)CCCC2)c1,4.4862976,7.921946048736572
72,CC(=O)NC(Cc1ccc(F)cc1)C(O)CNC1(c2cccc(C(C)(C)C)c2)CCCCCC1,6.9617414,7.435203552246094
73,CCCN(CCC)C(=O)c1cc(Cc2ccccc2)cc(C(=O)NC(Cc2cccc(F)c2)C(O)CNCc2cccc(C(C)C)c2)c1,5.413334,6.839252471923828
74,COc1cccc(C(=O)NCC(O)C(NC(Cc2ccccc2)C(C)NC2CS(=O)(=O)CC(Cc3ccccc3)C2O)C2CCC2)c1,6.4527044,3.0534157752990723
75,Cc1ccc(CC2CS(=O)(=O)CC(NCc3cccc(C(C)C)c3)C2O)c(OC(F)(F)F)c1,7.6022816,6.570072174072266
76,CCc1cccc(C2(c3cccc(-c4cncnc4)c3)N=C(N)N(C)C2=O)c1,6.284405,6.960666179656982
77,CS(=O)(=O)N(c1ccccc1)c1cc(NCCCCOc2ccccc2)cc(C(=O)NC(O)C(O)Cc2cc(F)cc(F)c2)c1,4.4531035,7.20710277557373
78,COc1cccc([C@]2(c3cccc(-c4ccccc4Cl)c3)N=C(N)N(C)C2=O)c1,7.0903563,6.3275532722473145
79,CC(C)(C)c1cccc(CNC2CS(=O)(=O)CC(Cc3ccc(F)c(N)c3)C2O)c1,7.039132,6.067026138305664
80,COc1ccc(C2(c3cccc(-c4ccc(NC(C)=O)cc4)c3)N=C(N)N(C)C2=O)cc1,6.802349,5.471527576446533
81,COc1c(C#N)cccc1-c1ccccc1[C@]1(C)N=C(N)N(C)C1=O,7.276736,6.438621520996094
82,CCCOc1cccc(-c2ccc(-c3cccc(Cl)c3)n2Cc2cccc(N)n2)c1,5.9511995,6.602138042449951
83,C=CCO/N=C(/C)c1cc(C(=O)N[C@H](Cc2cc(F)cc(F)c2)[C@H](O)CNc2ccccc2)cc(N(C)S(C)(=O)=O)c1,7.7732496,6.455119609832764
84,CN1C(N)=NC(C)(c2cccc(-c3cncnc3)c2)N=C1N,4.6365657,6.311038970947266
85,COc1cccc(CNCC(O)C(Cc2cc(F)cc(F)c2)NC(=O)c2cc(C)cc(I)c2)c1,6.4595394,7.672152519226074
86,Clc1cccc(N2CCCC2)c1,6.8335066,3.6470930576324463
87,C[C@H](Cc1ccccc1)C[C@H]1NC(=O)N(Cc2ccccc2)C1C(=O)OCc1cc(F)cc(F)c1,5.1661487,5.556108951568604
88,CC1(c2ccc(-c3cccc(F)c3)cc2)COC(=N)N1,5.8142653,7.813552856445312
89,COc1ccc(-c2cccc(C3(N)CC(=O)NC(=O)N(C)N(C)C3=O)c2)cc1,4.565523,6.058596134185791
90,CC(=O)NC(Cc1ccccc1)C(O)CNC1(n2ccc(C(Cc3cc(F)cc(F)c3)N3CCC3)c2)CCCC1,3.8981788,8.000378608703613
91,COc1cccc(CNCC(O)C(Cc2cc(F)cc(F)c2)NC(=O)N(c2cccc(N(S(C)(=O)=O)S(=O)(=O)c3ccccc3)c2)S(C)=O)c1,8.280302,6.249385356903076
92,COc1cccc([C@@]2(c3cccc(-c4cncnn4)c3)N=C(N)N(C)C2=O)c1,6.5627713,6.180482387542725
93,COc1cccc(CNCC(O)C(Cc2cc(F)cc(F)c2)NC(=O)c2cc(C(=O)N3CCCCC3=O)cc(C(C)O)c2)c1,8.319284,6.350523471832275
94,NCc1ccc(Cl)c(Cl)n1,5.2841473,3.166834831237793
95,CC(CO)NC(=O)c1cc(C(=O)NC(Cc2ccccc2)c2ccccc2)cc(N(c2ccccc2)S(C)(=O)=O)c1,7.6439934,5.689496040344238
96,COc1cccc(CNC(O)C(Cc2cc(F)cc(F)c2)NC(=O)c2cc(C(C)O)cc(N(C)S(C)(=O)=O)c2)c1,7.8902993,4.611586093902588
97,Cc1cc(C2(c3cccc(-c4ccccc4)c3)N=C(N)c3ccccc32)ccn1,6.333845,5.835805892944336
98,CN1C(=O)[C@@](C)(c2ccc(-c3cccc(Cl)c3)cc2)N=C1N,3.1621377,5.907842636108398
99,NC(Cc1ccccc1)(N=C1CCN1)c1ccc(Cl)cc1,3.3126302,4.403923034667969
100,CC(C)(C)Cc1ccc(CNC2CS(=O)(=O)CC(Cc3cc(O)c(N)c(F)c3)C2O)cc1,5.138603,5.5619707107543945
101,CC(C)(C)c1cccc(CN2CCC3(CNS(=O)(=O)N3c3cc(F)cc(F)c3)C2O)c1,8.022609,5.147733211517334
102,COc1ccc2c(c1)C(NCC(O)C(Cc1ccccc1)NC(=O)c1ccc(N(C)S(C)(=O)=O)cc1)CC1(CCC1)O2,8.881281,7.393552303314209
103,CC(=O)NC(Cc1ccc(F)cc1F)C(O)CNC1(c2cccc(C3CCOC3)c2)CCCCC1,6.6374116,4.896663188934326
104,CCCN(CC)C(=O)c1cc(C(=O)NC(Cc2cc(F)cc(F)c2)C(O)CNCc2cccc(OC)c2)cc(N(c2ccccc2)S(C)(=O)=O)c1,9.290451,9.531620979309082
105,CN1C(=O)C(c2cccc(C#N)c2)(c2cccc(-c3cccnc3F)c2)N=C1N,5.2922106,8.652922630310059
106,CC(C)(C)c1csc(C2(NCC(O)C(Cc3cc(F)cc(F)c3)NC=O)CCCCC2)c1,6.8326025,6.438551425933838
107,CC(C)(C)Cc1cccc(CNC2CS(=O)(=O)CC(Cc3ccc(Br)c(O)c3)C2O)c1,6.335281,6.320879459381104
108,CC(Cc1ccccc1)NC(C)c1cc(C(=O)NC(C(=O)NC(Cc2ccccc2)C2CCCCN2)c2ccccc2)cc(N(C)S(C)(=O)=O)c1,7.233381,6.158902645111084
109,CC(C)Oc1cccc(-c2cccc(C3CN=C(N)N(C)C3=O)c2)c1,6.7920527,4.936432361602783
110,CC1(c2ccccc2)CC(=N)N1,8.313823,5.764866352081299
111,CC1C(=O)C(N)NC1(C)c1cccc(NC(=O)c2ccc(Cl)cn2)c1,4.180489,3.0534157752990723
112,CC(=O)NC(Cc1ccccc1)C(O)CNC12CCCC(C1)c1cc(CC(C)C)cnc1OC(C)(C)C2,8.418983,7.143985748291016
113,CCCCN(CCC)C(=O)c1cccc(C(=O)NC(Cc2cc(F)cc(F)c2)C(O)CNCc2cccc(OC)c2)c1,6.512363,6.035199165344238
114,CC1(c2cccc(-c3ccc(-c4cncnc4)cc3)c2)CC(=N)N1,3.729235,6.989689826965332
115,CC(C)C(=O)NC(CC(=O)N[C@H](Cc1ccccc1)[C@@H](O)CNC1CC1)C(C)C,6.2180557,3.737248659133911
116,CC(NC(=O)c1cc(C(=O)NC(Cc2cc(F)cc(F)c2F)C(=O)NC(O)c2cccc(F)c2)cc(N(C)S(C)(=O)=O)c1)c1ccccc1,7.8259125,5.021617412567139
117,COCC(=O)NC(Cc1cc(F)cc(C(F)(F)F)c1)C(O)CNC1CC2(CCC2)Oc2ncc(C(C)(C)C)cc21,9.1014595,7.7784743309021
118,CC(O)(C(=O)NC1(C2=CC=CC3=CCCCC(=O)N2C3)CCCCC1)c1cc(F)cc(F)c1,7.34694,4.224303245544434
119,CC(=O)NC(Cc1cc(F)cc(F)c1)C(O)C(C)NC1(c2cccc(C(C)(C)C)c2)CCCC1,6.978354,5.035357475280762
120,CC1(c2ccccc2C(=O)Nc2cccc(F)c2)COC(=N)N1,5.542054,4.67995548248291
121,CC(=O)NC(Cc1cc(F)cc(F)c1)C(O)c1ccc(C2(NC(C)C)CC2)cc1OC(C)(C)C,5.049243,7.239644050598144
122,Nc1cnccc1Oc1cccc(-c2cccc(Cl)c2)c1,4.0394316,5.866939067840576
123,CC(=O)NC(COCc1cccc(F)c1)C(O)CNC1(c2cccc(C(C)(C)C)c2)CCCCC1,4.5395846,5.424221515655518
124,CN1C(=O)C(c2cccc(OC(F)F)c2)(c2cccc(-c3ccccn3)c2)N=C1N,5.639935,8.009958267211914
125,COc1ccc(CNCC(O)C(Cc2ccccc2)NC(=O)c2cc3c(c(N4CCCC4=O)c2)CCC3)cc1,8.212049,5.017548084259033
126,CN1C(=O)C(c2cccc(-c3cnc(Cl)nc3)c2)(C2CC2)N=C1N,6.5521455,7.994811534881592
127,CCN1CC(c2cccc(C3(NCC(O)C(Cc4cc(F)cc(F)c4)NC(C)=O)CCCC3)c2)C1=O,5.5198903,6.603193759918213
128,CCCCN(CCC)C(=O)c1cccc(C(=O)N[C@@H](Cc2cc(F)cc(C(C)C)c2)[C@@H](O)CNC2CC2)c1,7.7476716,4.437610626220703
129,COCC(=O)NC(Cc1cc(F)cc(F)c1)C(O)CNC1CCCCCOc2ccc(CC(C)(C)C)cc21,5.331505,7.824739933013916
130,COc1cccc(CNCC(O)C(Cc2cc(F)cc(F)c2)NC(=O)c2cc(COC(N)=O)cc(C(=O)NC(C)C)c2)c1,5.9325743,5.861964702606201
131,COCC(=O)NC(Cc1cccc(-c2cccs2)c1)C(O)CNC(Cn1cc(CC(C)(C)C)cc2cncc1-2)CC(C)(C)C,6.7126803,8.212207794189453
132,N=C1N[C@@](CF)(C2=C(F)C(=NC(=O)c3cncc(F)c3)C2)C(F)(F)CO1,6.8426814,9.212465286254885
133,N=C1NC(F)(c2cc(NC(=O)c3ccc(Cl)nc3)ccc2F)CO1,5.409254,7.48277997970581
134,CN1C(=O)C(c2ccccc2)(c2cccc(Cl)c2)CN=C1N,3.7079556,4.0402116775512695
135,CC(=O)NC(Cc1ccc(F)c(F)c1)C(O)CNC1(C2CCc3ccc2cc3)CC1,4.6456676,5.081241130828857
136,COc1cccc(-c2ccc(C3(c4ccccc4)CCOC(=N)N3)cc2)c1,6.6150374,4.344270706176758
137,N#Cc1cncc(C2(c3cccc(-c4cccc(OC(F)(F)F)c4)c3)N=C(N)C2=O)c1,6.5500975,8.534943580627441
138,COC(C(=O)NC1CC(C)C(=O)C(C(O)C(NC(=O)C(C)COc2ccccc2)c2cc(C(C)NC(=O)C(=O)C=C3C=CC=CCCC3)cc(N(C)S(C)(=O)=O)c2)C1)C1CCC1,8.314878,5.611673355102539
139,CN1OC(=O)C(C)(c2ccc(-c3cc(F)ccc3F)cc2)N=C1N,5.9618316,7.329488277435303
140,CC(C)(C)c1cccc(C2(NCC(O)C(Cc3ccc(F)c(F)c3)NC(=O)c3ccccc3)CCCCCC2)c1,6.1338468,3.894892930984497
141,COc1cccc(CNC[C@H](O)[C@H](Cc2cc(F)cc(F)c2)NC2(NC(C)=O)CC2)c1,7.458483,7.246257305145264
142,N=C1CSC(c2cccc(-c3cncnc3)c2)(c2ccccc2O)N1,3.48434,7.7126145362854
143,Cc1cccc(CNC2CS(=O)(=O)CC(Cc3cc(Br)c(O)c(CC(C)(C)C)c3)C2O)c1,7.2944245,7.1458024978637695
144,CN1C(=O)C(c2cncc(CC(C)(C)C)c2)(c2cccc(-c3cncnc3)c2)N=C1N,7.718401,5.37780237197876
145,CC1(C)Cc2ccc(Cl)cc2C(=NC(=O)C(O)Cc2ccccc2)N1,6.4542556,5.983137130737305
146,CC(=O)NC(Cc1cc(F)ccc1F)C(O)CNC1(c2cc(CC(C)(C)C)ccn2)CCCCCC1,6.0886426,6.25352668762207
147,COc1cccc(C2(C)CN=C(N)N(C)C2=O)c1,4.1787634,6.120757579803467
148,CC(C)Cc1cccc(CNC2CS(=O)(=O)CC(Cc3ccc(OC(F)(F)F)c(N)c3)C2O)c1,8.559311,5.368459224700928
149,COc1ccc(C(CN2C(=O)C2(C)N=C(C)N)c2cccc(-c3ccccc3)c2)cc1OC,5.909696,5.407147407531738
150,Cc1ccc(C2(c3cccc(-c4cccnc4)c3)N=C(N)N3CCN=C32)cc1C,7.042521,5.735087394714356
151,COc1ccc(-c2cccc(C3(c4cccc(OC(F)F)c4)COC(=N)N3)c2)nc1,6.1007195,5.702436447143555
152,COc1cc(F)ccc1C1(c2ccc(-c3cncnc3)cc2)N=C(N)N(C)C1=O,4.780382,6.521333694458008
153,CCOc1ccc(C2(c3cccc(-c4cncnc4)c3)N=C(N)N3CCCN=C32)cc1,2.9128802,6.6146769523620605
154,CC(=O)NC(Cc1cccc(F)c1)C(O)CNC1(c2cncc(CC(C)(C)C)c2)CCCC1,7.8495812,8.917059898376465
155,CC(C)Oc1ccc(CNC2CS(=O)(=O)CC(Cc3cccc(C(C)C)c3)C2O)cc1N,6.5499988,6.640932083129883
156,CN1C(=O)C(c2cccc(-c3cncnc3)c2)(c2ccnc(F)c2)N=C1N,4.8715153,7.32600736618042
157,Cc1ccc(C2(CC(C)(C)C)CCCC(Cc3ccc(F)c(F)c3)C(O)CN2)nc1,8.55773,6.512770652770996
158,CC(=O)NC(Cc1cc(F)cc(F)c1)C(O)CNC1(c2cccc(C3CCC3)c2)CCCC(C)C1,5.54164,7.427188873291016
159,CCOc1cccc(C2(c3cccnc3)N=C(N)N(C)C2=O)c1,7.078136,7.452323436737059
160,CCOc1ccc(C2(c3cccc(-c4cncnc4)c3)N=CC(=N)N2)cc1,4.7412252,6.350157737731934
161,CC(C)Cc1ccc(-c2ccnc(N)c2)cn1,7.175573,5.8834547996521
162,COc1ccc(C2(c3cccc(-c4ccc(OC)cn4)c3)COC(=N)N2)cc1,5.884083,5.219339847564697
163,CCCC(C(=O)NC(Cc1cc(F)cc(F)c1)C(O)CNCc1ccc(OC)cc1)C1CC(C(C)(C)O)N1C(C)=O,6.525905,7.63829755783081
164,CCCn1cc(C2(NCC(O)C(Cc3cccc(-c4nccs4)c3)NC(C)=O)CCC2C)cc2cccc1-2,7.0419846,7.435870170593262
165,CC(NC(=O)c1cc(N2CCCCS2(=O)=O)ccc1C(=O)NCCc1ccccc1)c1ccccc1,5.002467,5.426339149475098
166,COc1cccc(CNCC(O)C(COCc2ccccc2)NC(=O)N(c2cc(C)cc(C3(C)CCCCC3)c2)S(C)(=O)=O)c1,6.1333756,4.481952667236328
167,CCCN(CCC)C(=O)c1cc(C(N)=O)cc(C(=O)NCC(COCc2cc(F)cc(F)c2)C(C)C)c1,5.613539,5.009091854095459
168,CCc1cccc(CNC[C@@H](O)[C@@H](Cc2ccc(F)cc2)NC(=O)c2cc(Cc3ccccc3)cc(N(C)S(C)(=O)=O)c2)c1,6.3200707,7.399982452392578
169,COc1cccc(CNCC(O)C(Cc2ccccc2)NC(=O)CC2=CC=C2N(C)S(C)(=O)=O)c1,5.8973846,5.248590469360352
170,CCCCN(CCC)C(=O)c1cc(C(=O)NC(C[C@@H]2C[C@H](CCc3ccccc3)[C@@H]2O)C(C)C)cc(N(C)S(C)(=O)=O)c1,6.2739496,4.64193058013916
171,CC1=CC=CC(OC(C)C(F)(F)F)=CC23CCN(C1)C(O)c1cccc(c1)N2S(=O)(=O)NC3,7.426687,5.966981887817383
172,CC(C)c1cccc(-c2ccc3c(c2)C2(CC(=O)N(C)C(N)=N2)CC(C)(C)O3)c1,7.9162874,5.595339298248291
173,CC(NC(CNC(=O)c1cc(CCc2ccccc2)cc(N(C)S(C)(=O)=O)c1)OCO)c1cc(F)cc(F)c1,7.3942437,4.392775535583496
174,CCCNC(=O)C(C)C(C)C(=O)N[C@@H](C[C@H](CC)NC(=O)C(C)NC(OC(C)C)C(NC(C)=O)[C@H](O)CC(=O)CC(NC(=O)C=NO)C(C)CC)C(C)C,8.20404,7.167210578918457
175,CCC(C)C1CCN(c2cc(F)cc(CC(NC(C)=O)C(O)CNC3(c4cccc(C(C)(C)C)c4)CC3)c2)C(=O)C1,6.876244,6.665374279022217
176,CC(=O)NC(Cc1cc(F)cc(F)c1)C(O)CNC1(c2cncc(C(C)(C)C)c2)CCCCC1,7.786289,6.333510398864746
177,CC(C)c1cccc(CNC2C(=O)N[C@H](Cc3cc(F)cc(F)c3)[C@@H](C)CC(O)N2S(C)(=O)=O)c1,6.5855775,3.99789309501648
178,CC(C)(C)c1ccc(CNC2CS(=O)(=O)CC(Cc3cc(F)ccc3N)C2O)cc1,5.9937315,6.305101871490479
179,COc1cccc(CNCC(O)c2cc(C(=O)NC(C)Cc3cc(F)cc(F)c3)cc(N(c3ccccc3)S(C)(=O)=O)c2)c1,6.0656924,7.452708721160889
180,CC(C)c1cccc(C(C)NC(=O)Cc2ccc(-c3ccccc3)nc2N)c1,5.8355865,4.3062896728515625
181,CC1C(=O)N(C)CC2(N=C(N)N(C)C2=O)c2cccc1c2,4.5268087,6.188690185546875
182,CCCCCCCCS(=O)(=O)Oc1cccc(C2C=CC([C@@H](O)CNCc3ccc(OC)c(OC)c3)N2)c1,4.785247,6.138848781585693
183,CC(=O)NC(Cc1cc(F)cc(F)c1)C(OCNc1cccc(CC(=O)NC(C)COc2cc(F)cc(F)c2)c1)C(C)C,6.0008125,4.915578842163086
184,CCOc1ccc(C(=O)Nc2ccc(C3COCC3(C)C)c(F)c2)cc1,4.7497926,6.109034538269043
185,COc1cccc(CNCC(O)C(Cc2cc(F)cc(F)c2)NC(=O)Cc2ccc(-c3nccs3)cc2)c1,6.8713145,7.22114896774292
186,CC(=O)NC(Cc1cc(F)cc(F)c1)C(O)CNC1(c2ccc(N)cc2)COCCC1C,5.4930987,6.434128284454346
187,CN1CCCCCC(NC(Cc2cc(F)cc(F)c2)C(O)CNC2(c3ccccc3)CCCC2)c2cccc(c2)C1=O,4.74382,6.6847968101501465
188,CN1C(=O)C(c2cccc(-c3cncnc3)c2)(c2ccc(-c3ccccc3)cn2)N=C1N,8.064692,6.3739094734191895
189,COc1cncc(C2(c3cccc(-c4ccccc4Cl)c3)N=C(N)N(C)C2=O)c1,8.452269,6.93444299697876
190,CCCCOc1cccc(N2C(N)=NC(c3csc(F)c3)(c3cc(-c4cncnc4)ccc3F)C2C)c1,6.8935275,7.303722858428955
191,CC(=O)NC(Cc1cc(F)cc(F)c1)CC(O)C(C(Cc1ccccc1)OC(C)C)N(C)Cc1cccc(N(C)S(C)(=O)=O)c1,5.043242,3.820208549499512
192,CC1(C)COC(=N)NC1(F)c1ccc(NC(=O)c2cccc(F)c2)cc1,7.3784513,7.275822639465332
193,CC(=O)NC(Cc1ccsc1)C(O)CNC1(c2cccc(CC(C)(C)C)c2)CCCC1,4.3129196,5.973918914794922
194,COc1cc(C)cc(-c2cccc(C3(c4ccc(OC(F)(F)F)cc4)N=C(N)N(C)C3=O)c2)c1,7.047039,6.882540225982666
195,COc1cccc(CNCC(O)C(NC(=O)c2cc(F)cc(F)c2)c2cc(C)cc(N(C)S(C)(=O)=O)c2)c1,7.5840135,4.16591739654541
196,COc1cccc(C2(c3cccc(-c4cncnc4)c3)CCCC(=N)N2)c1,7.684628,5.649669647216797
197,CN1C(=O)C(c2cccc(-c3ccccc3F)c2)(c2ccnc(C(F)(F)F)c2)N=C1N,4.6689177,8.81651782989502
198,CC(C)c1cccc(CNC2CS(=O)(=O)CC(c3ccc(-c4ccccc4)cc3)CC2O)c1,7.009784,4.823105812072754
199,CC(C)C1CCCC(c2cc(COCC(N)(CO)Cc3cc(F)cc(F)c3)cc(N(C)S(C)(=O)=O)c2)C1O,7.7298527,5.227417469024658
200,CC(C)(F)c1cc(F)cc(CC(=O)Nc2cc(F)cc(C3(C)N=C(N)OCC3(F)F)c2)n1,7.397703,4.845621109008789
201,Nc1ncc(-c2cccc(Cl)c2)n1Cc1ccccc1,3.5654228,5.358447074890137
202,Cc1ccc(C2(c3cccc(-c4cncnc4)c3)N=C(N)N(C)C(=O)C2(C)C)cc1,6.1438565,6.527775764465332
203,CCc1ccc2c(n1)OC1(CCC1)CC2NCC(O)C(Cc1cc(-c2nccs2)ccc1F)NC(C)=O,5.971739,8.592350959777832
204,CC(=O)NC(c1cccc(F)c1)C(O)CNC1(c2ccccc2C(C)(C)C)CCCC1,7.283825,5.868677616119385
205,CC(Nc1cccc(CNC2CS(=O)(=O)CC(Cc3cccc(Br)c3)C2O)c1)c1ccccc1,6.0987663,7.841421127319336
206,COCC(=O)NC(Cc1ccccc1)C(NCC1CCCCO1)C(O)CNC1CC2(CCC2)Oc2ncc(CC(C)(C)C)cc21,7.150341,5.53366231918335
207,CC(C)Oc1cc(CC2CS(=O)(=O)CC(NCc3cccc(F)c3)C2O)cc(OC(F)(F)F)c1N,7.6970825,6.687047481536865
208,CC(C)(C)Cc1cnc2c(c1)C(NCC(O)C(NCc1cc(F)cc(F)c1)c1ccco1)CC1(CCCC1)O2,5.123987,5.982097148895264
209,O=C1CCCCCC(NC(F)Cc2cccc(F)c2)C1,5.936556,5.369053363800049
210,COc1cccc(CN2CC[C@]3(C2)CN(C)S(=O)(=O)N3c2ccc(F)cc2)c1,6.4440136,5.678777694702148
211,CC(NC(=O)c1cc(C(=O)NC(Cc2cccc(C(CO)CCOC(C)C(C)C)c2)S(C)(=O)=O)cc(N(c2ccccc2)S(C)(=O)=O)c1)c1ccccc1,6.588996,5.9540863037109375
212,CN1C(=O)C(c2ccccc2)(c2ccnc(-c3cccnc3F)c2)N=C1N,5.924101,6.353089332580566
213,CC(=O)NC(Cc1ccc(-c2cccnc2)cc1)C(O)CNC1CCC2(CCC2)Oc2ncc(CC(C)(C)C)cc21,4.9937363,8.092459678649902
214,CN1C(=O)C(C)(c2ccc(-c3ccc(Cl)cc3)cc2)N=C1N,5.4286366,8.697906494140625
215,CCCONC(=O)c1cc(NCC)cc(C(=O)NC(O)C2CCCCCC(CCC)N(Cc3cc(F)cc(F)c3)C2)c1,7.69837,4.641748905181885
216,CC(C)(C)c1cccc(CNC2CS(=O)(=O)CC(Cc3cccc(C(=O)NC4CCCCC4)c3)C2O)c1,8.188628,7.641717910766602
217,O=C(Nc1cc2ccc(-c3cncnc3)ccc-2c1)c1ccc(Cl)cn1,3.9716754,6.678106307983398
218,COc1cccc(CNC[C@@H](O)[C@@H](Cc2cccc(F)c2)N2CCC(NC(=O)C(C)C)C2=O)c1,6.09605,8.231609344482422
219,CN1C(=O)C(c2ccccc2)(c2ccc(F)c(-c3cncnc3)c2)N=C1N,6.2229805,7.806361675262451
220,COc1cncc(C2(c3cccc(-c4cccnc4)c3)N=C(N)N(C)C2=O)c1,6.7637615,7.524622440338135
221,CC(C)(C)c1ccc(CNC2CS(=O)(=O)CC(Cc3cc(F)c(N)c(Br)c3)C2O)cn1,6.7850323,7.737436771392822
222,COc1cccc(-c2ccc(CC3(c4cncnc4)N=C(N)N3)cc2)c1,4.322219,6.094278812408447
223,CN1C(=O)C(c2ccn(CC(F)F)c2)(c2cc(-c3cncnc3)ccc2F)N=C1N,5.4559855,9.66303253173828
224,CC(=O)NC(Cc1cc(F)cc(F)c1)C(O)CNC1(c2cc(F)cc(N(C)S(C)(=O)=O)c2)CCCC1,7.986902,5.708636283874512
225,CC(=O)NC(Cc1cc(F)cc(F)c1)C(O)CNC1(c2cccc(C3CC3)c2)CCCCCC1,5.3767147,4.865200519561768
226,C#Cc1cccc(-c2ccc3c(c2)C2(CC(C)(C)O3)N=C(N)N(C)C2=O)c1,6.495774,8.317931175231934
227,COc1cccc(CC(NC(=O)C(Cc2cc(F)cc(F)c2)NC(C)=O)C(O)CNC2(c3cccc(OCC(C)(C)C)c3)CC2)c1,8.182902,5.243932247161865
228,COc1ccccc1OCCCO,2.069991,4.042447566986084
229,COc1ccc(C2(C)N=C(N)N(C)C2=O)c(-c2cccc(-c3cncnc3)c2)c1,6.9208326,7.104636669158936
230,CC1(c2cc(N)nc(NCc3ccc(Cl)cc3)c2)N=C(N)OC1(F)F,6.8387327,4.8058247566223145
231,CC(=O)NC(Cc1cc(F)cc(F)c1)C(O)CNCC1CCCCNc2cccc(c2)C2(CCCCC2)C1,7.3847494,7.381548881530762
232,CC(=O)NC(Cc1cc(F)cc(F)c1)C(O)CNC1(c2cccc(-n3nccn3)c2)CCC1,7.581586,6.763833522796631
233,CCC(C)CC(NC(=O)C(CNC(O)c1ccc(OC)cc1)Cc1cc(F)cc(F)c1)C(=O)NC(COC)C(C)C,4.521146,4.938303470611572
234,COc1ccc(CC2CS(=O)(=O)CC(NCc3cccc(C(C)(C)C)c3)C2O)cc1C(C)(C)C,7.3560023,6.723314762115479
235,CCOc1cccc(C2CC2c2cccc(-c3cnccn3)c2)c1,4.7850814,5.013856410980225
236,CC(=O)CCNC(Cc1cc(F)cc(F)c1)C(O)CNC1(c2cccc(C(C)(C)C)c2)CCCC1,7.2712765,5.103995800018311
237,COc1cc(CC2CS(=O)(=O)CC(NCc3cccc(C(C)(C)C)c3)C2O)cc(OCC(F)(F)F)c1,7.3992085,5.855590343475342
238,CN(c1cc(C(=O)NC(Cc2ccccc2)C(O)CNCc2cccc(C(F)(F)F)c2)cc(-c2nccs2)c1)S(C)(=O)=O,6.8391895,7.381870746612549
239,COC(=O)NC(Cc1cc(F)cc(F)c1)C(O)CNC1(Cc2cccc(C(C)(C)C)c2)CCC1,8.009457,6.374412536621094
240,CCCN(CCC)C(=O)c1cccc(C(=O)NC(Cc2ccccc2)C(O)CNCc2cccc(OC)c2)c1,7.905777,7.255752563476562
241,N=C1NC(c2ccncc2)(c2cccc(-c3cncnc3)c2)N=C1N,6.0635204,6.348567008972168
242,CCCc1ccc(CNC2CS(=O)(=O)CC(Cc3ccc(Br)c(Br)c3)C2O)cc1,6.013111,7.049824237823486
243,COc1cccc(CNCC(O)C(NC(=O)c2ccc(N(c3ccccc3)S(C)(=O)=O)cc2)OCc2ccccc2)c1,7.5070033,5.860172271728516
244,CC(C)(C)CC(=O)NC(Cc1cc(F)cc(F)c1)C(O)CNC1(c2cccc(-n3nccn3)c2)CCCCO1,8.4319935,6.146133899688721
245,O=C(NC(Cc1ccccc1)C(O)CNC(Cc1cc(F)cc(F)c1)C1CCCOC1)c1cccc(N2CCCC2=O)c1,6.799452,6.389778137207031
246,CCCC(O)C(OC)C(COC)COCC(COC(=O)NC(C)COCc1cc(F)cc(F)c1)NC(=O)c1cc(C(=O)NC(C)c2ccccc2)cc(N(C)S(C)(=O)=O)c1,7.191772,3.911657094955444
247,CC1=NC(c2cccc(-c3cncnc3)c2)(c2csc(C)c2)N=C1N,3.8774822,5.015661239624023
248,CC(=O)Nc1cc(C2(c3cccc(-c4cccnc4F)c3)CCOC(=N)N2)ccc1Cl,6.032669,7.801401615142822
249,CN1C(=O)C(C)(c2cc(-c3ccc(Cl)cc3)cc(C(C)(C)C)c2)N=C1N,4.7054653,7.11126184463501
250,CC#Cc1cccc(-c2cccc(C3(c4cccc(OC(F)(F)F)c4)N=C(N)N(C)C3=O)c2)c1,5.9255958,8.018523216247559
251,CC(C)c1cccc(CNC2CS(=O)(=O)CC(Cc3cc(F)c(N)c(OC(C(F)F)C(F)(F)F)c3)C2O)c1,6.2583075,6.159152984619141
252,COc1cccc(CNCC(O)C(c2cc(C=O)cc(OCCCCO)c2)C(Cc2cc(F)cc(F)c2)NC(C)=O)c1,7.5847425,4.82413911819458
253,CC(C)Oc1ccc(CN2CCCC23CN(c2ccc(F)cc2)S(=O)(=O)C3)cc1,5.6634903,3.8834128379821777
254,COc1ccccc1-c1cccc(C2(c3ccc(F)cc3)N=C(N)N(C)C2=O)c1,6.1435657,7.740068912506103
255,CC(C)(C)c1cccc(CNC2CS(=O)(=O)CC(O)CC2Cc2ccc(OCC(F)(F)F)c(N)c2)c1,6.1650305,6.625550746917725
256,CC1(O)CCCCCC(C(=O)Cc2cc(Cl)cc(N)n2)CN1,7.99747,5.873464107513428
257,CCCNC(=O)c1cc(C(=O)NC(Cc2ccccc2)C(O)CNCc2cc(OC)cc(C(C)C)c2)cc(N(C)S(C)(=O)=O)c1,7.9992504,7.7080979347229
258,COCc1cccc(-c2ccc(C3(c4cccc(OC)c4)N=C(N)O3)cc2)c1,6.5097404,7.645089626312256
259,CCCCCC(O)CNC1(c2cccc(C3CCCCC3)c2)CN(C(C)C)C1=O,5.745375,6.414516448974609
260,CCOc1cc(O)cc(CN2C(=O)NCCCCN(C(Cc3ccccc3)NCc3cccc(C(C)C)c3)C(CC3CC3)C2=O)c1,9.17914,4.871219158172607
261,CCCC(C)Oc1cccc(CNCC(O)C(Cc2cc(F)cc(F)c2)NC(=O)c2cc(OC)cc(N(C)S(C)(=O)=O)c2)c1,7.7495446,4.3576836585998535
262,Cc1ccccc1C1(c2ccc(-c3cncnc3)cc2)N=C(N)OCC1(F)F,6.5508943,8.011662483215332
263,N#Cc1cccc(-c2cccc(CC(=O)N3CN=C(N)OC3=O)c2)c1,4.8791966,5.745831489562988
264,CN1C(=O)C(c2cccc(F)c2)(c2cccc(C(F)c3cccc(OC(F)F)c3)c2)N=C1N,6.7482114,8.262640953063965
265,CN1C(=O)C(c2cccc(-c3cccc(OCO)c3)c2)(c2cccn2C)c2cccnc2N=C1N,7.357725,6.104746341705322
266,CC1(c2cccc(-c3ccccc3)c2)N=C(N)N2CCCN=C21,4.065139,6.626288414001465
267,N=C1N[C@@](c2ccccc2)(c2ccc(F)c(-c3ccnc(F)c3)c2)CO1,5.1737447,6.369645595550537
268,CC(=O)NC(Cc1cc(F)cc(F)c1)C(O)CNC1(c2ccc(N3CCCC3=O)cc2)CCCCC1,8.305302,5.310474872589111
269,CCOc1ccc(CC2CS(=O)(=O)CC(NCc3cccc(C(C)C)c3)C2O)cc1,5.922865,3.351855754852295
270,COc1cccc(CNCC(O)C(=O)NC(=O)c2cc(C)cc(N(c3ccccc3)S(C)(=O)=O)c2)c1,7.676019,7.938597679138184
271,CC(=O)NC(Cc1cc(F)cc(F)c1)C(O)CNC(=O)c1cccc(C2(C)CCCCC2)c1,6.417688,6.479463577270508
272,CN1C(=O)C(CC2c3cnc(N)nc32)(c2cccc(-c3cncnc3)c2)N=C1N,4.755803,6.52791166305542
273,COCC(Oc1cc(F)cc(CC2CS(=O)(=O)CC(NCc3cccc(C(C)(C)C)c3)C2O)c1)C(F)(F)F,7.6070633,7.372701168060303
274,CC1(Cc2cccc(-c3cccnc3F)c2)N=C(N)C(=O)C12CCCC2,7.1553183,6.981844902038574
275,COCC(=O)NC(Cc1ccc(-c2cccc(C)c2)c(C#N)c1)OC,6.251596,8.265697479248047
276,CCC1=CC2=CC3=CC2=CN(CCN=C1)S(=O)(=O)C3C(=O)NC(CC(O)CNCc1cccc(OC)c1)c1ccccc1,7.0621862,5.428130149841309
277,COc1cccc([C@]2(c3cccc(-c4cncnc4)c3)N=C(N)N(C)C2=O)c1CF,3.9954755,6.662599563598633
278,N=C1NC(c2cccc(-c3ccncc3)c2)(c2cccc(-c3cncnc3)c2)C(F)(F)O1,6.511229,6.696238994598389
279,CCCN(CCC)C(=O)c1cc(C(=O)O)cc(C(N[C@@H](Cc2cccc(F)c2)[C@@H](C)CC)[C@@H](O)[C@@H]2CCN2)c1,7.4954915,7.445495128631592
280,COc1ccc(C(=O)Nc2ccc(C3(C)COC(=N)N3)c(F)c2)nc1,4.7313747,8.335817337036133
281,CC(C)c1cccc(C(=O)N[C@H](Cc2ccccc2)[C@@H](O)C(N[CH]CCc2ccccc2)C2N[C@H]2Cc2ccccc2)c1,7.7944765,5.725639820098877
282,CC(C)(C)c1cccc(CNC2CS(=O)(=O)CC(Cc3cc(N)c(Br)c(O)c3)C2O)c1,6.69867,5.957364559173584
283,CC(C)(C)c1cncc(CNC2CS(=O)(=O)CC(Cc3ccccc3)C2(C)O)c1,7.7287493,7.538771152496338
284,CC1=NC(c2cccc(-c3cncnc3)c2)(c2cccc(-c3ccccc3F)c2)N=C1N,7.124689,5.632336616516113
285,CC(C)(C)c1coc(C2(NCC(O)C(C)(C)CCc3cc(F)cc(F)c3)CCCCC2)c1,6.208076,4.22137451171875
286,COc1cccc(C2(NCC(O)C(Cc3cc(F)cc(F)c3)NC(=O)Oc3cccc(N(C)S(C)(=O)=O)c3)CCCC2)c1,6.891935,3.786620855331421
287,CC(=O)NC(Cc1cccc(-c2ccncc2)c1)C(O)CNC1CC2(CCC2)Oc2ncc(C(C)(C)C)cc21,7.725892,7.375378608703613
288,CC1(C)Oc2cc(-c3cccc(Cl)c3)ccc2CN(N)C1=O,4.712885,7.560490608215332
289,COc1c(C)cc(C2(c3ccc(-c4cccnc4)cc3)N=C(N)N(C)C2=O)cc1F,6.0602303,6.977545261383057
290,COc1cccc(CNC[C@@H](O)[C@H](Cc2ccccc2)NC(=O)C(Cc2cc(F)cc(F)c2)[C@H](Cc2ccccc2)NC(=O)N2CCCC2=O)c1,8.843559,4.2016191482543945
291,COc1cccc(CNCC(O)C(Cc2cc(F)cc(F)c2)NC(=O)c2cc(C(=O)NCC(C)(C)C)cc(N(c3ccccc3)S(C)(=O)=O)c2)c1,7.7180805,6.295823574066162
292,CN1C(=O)c2cc(cc(NC(=O)c3ncc(Cl)cn3)c2)CN=C1N,4.9997153,5.898375988006592
293,COc1cccc(CNCC(O)C(Cc2ccccc2)NC(=O)c2ccc(S(C)(=O)=O)cc2)c1,7.803671,5.073630332946777
294,CCCN(CCC)C(=O)c1cc(C(=O)NC(Cc2cc(F)cc(F)c2)C(O)CNC2CCCCCC2)cc(C(C)C)c1,6.605601,5.547060966491699
295,CN1C(=O)CC(c2ccccc2)(c2ccc(-c3cncnc3)cc2)N=C1N,3.4111695,7.017952919006348
296,CC(C)(C)c1cccc(CNC2CS(=O)(=O)CC(c3ccc(OCC(F)F)cc3)C2O)c1,6.025654,6.572555541992188
297,CCCN(CCC)C(=O)c1cc(C(=O)NC(C)Cc2cc(F)c(N)cc2F)cc(N(CC)S(C)(=O)=O)c1,6.8695855,6.4322123527526855
298,CCC1(c2ccc(OC)cc2)NC(=O)C(NC(C)=O)c2ccccc2-c2ccc1cc2,6.7469893,6.760283946990967
299,COc1cccc(CNC[C@@H](O)[C@H](Cc2ccccc2)NC(=O)c2cc(C)cc(C(=O)N[C@H](Cc3ccccc3)S(C)(=O)=O)c2)c1,8.902202,5.356534957885742
300,COc1cccc(C2(c3cccc(CNC(=O)C(N)=O)c3)N=C(N)N(C)C2C)c1,3.809959,6.817893505096436
301,COCC[C@@H](NC(=O)c1cc(C(=O)N[C@H](Cc2ccccc2)NC(C)=O)cc(N(c2ccccc2)S(C)(=O)=O)c1)[C@H](O)CNC1CC1,6.896562,4.647247791290283
302,CC(C)(C)Cc1cccc(C2(NCC(O)C(Cc3cc(F)ccc3F)NC(=O)c3ccccc3)CC2)c1,6.8928127,6.445730686187744
303,COc1cncc(-c2cccc(C3(C)N=C(N)C3=O)c2)c1,3.9936037,3.9043376445770255
304,CN1C(=O)C2(N=C1N)c1ccc(cc1)OC(C)(C)COc1cc(-c3cncnc3)ccc12,7.3377805,7.242842674255371
305,CCCN(CCC)C(=O)c1cc(C(Cc2ccccc2)=NO)cc(/C(C)=N\OCCc2cc(C)cc(F)c2C#N)c1,8.928778,6.130860328674316
306,CC(C)c1ccc(CNC2CS(=O)(=O)CC(Cc3cc(O)c(F)c(O)c3)C2O)cc1N,6.8365736,5.269454002380371
307,CC1NC[C@](C)(c2cccc(NC(=O)c3ccc(C#N)cn3)c2)N=C1N,5.3041987,6.730282306671143
308,COc1cccc(CNC2CS(=O)(=O)CC(Cc3cc(N)c(F)c(F)c3)C2=O)c1,5.546508,6.461477756500244
309,Cc1cccc(C2(c3ccc(-c4cccnc4)cc3)N=C(N)N(C)C2=O)c1,5.738395,5.889798164367676
310,CN1C(=O)C(C)(C)Cc2ccccc2C(c2cccc(-c3cccnc3F)c2)N=C1N,6.0294333,4.28215217590332
311,CN1C(=O)C(c2cc(F)cc(-c3cccc(C#N)c3)c2)(C2CCCCC2)N=C1N,7.818159,7.182929039001465
312,CC(=O)NC(Cc1cc(F)cc(F)c1)C(O)CNC1(c2ccnc(C(C)(C)C)c2)CCC1,5.8124194,9.032426834106444
313,COc1cccc(-c2ccc3c(c2)C32CC(C)(C)OC(=O)N(C)C(N)=N2)c1,7.2340894,6.241392135620117
314,CN1C(=O)C(c2cccc(-c3cncnc3)c2)(c2cccnc2C(F)F)N=C1N,5.9171996,8.220296859741211
315,CC(C)c1cccc(CNC2CS(=O)(=O)CC(Cc3cccc(OC(C(F)(F)F)C(F)(F)F)c3N)C2O)c1,8.320506,6.584342002868652
316,Cc1ccc(OC(F)(F)F)c([C@@]2(c3cccc(-c4cncnc4)c3)N=C(N)N(C)C2=O)c1,6.7093215,7.057816505432129
317,Cc1cc(CC(NC(=O)c2cc3ccc2C=NC=C3)C(O)CNC2CCCC2)cc(-c2nccs2)c1,6.795089,8.834610939025879
318,CC1CC2(N=C(N)N(C)C2=O)C2=C(C=C(c3cncnc3)C=CC=C2)O1,7.5871973,5.043340682983398
319,CC(C)NC(Cc1cc(F)cc(F)c1)C(O)CNC1(c2cccc(C(C)(C)C)c2)CCS(=O)(=O)C1,7.8712354,8.207797050476074
320,CC(C)C(=O)NC(Cc1cc(F)cc(F)c1)C(O)CNC1(c2cccc(C3(C)CCCC3)c2)CC1,6.5140686,4.829372406005859
321,CC(C)(C)n1ccc(C2(NCC(O)C(Cc3cc(F)cc(F)c3)NC(=O)C3CCCCO3)CCCC2)c1,6.020844,7.656291484832764
322,COc1cc(C(=O)NC(Cc2ccccc2)C(O)CNC2(c3cccc(C(C)(C)C)c3)CC2)cc(N(C)S(C)(=O)=O)c1,7.914137,7.196688175201416
323,CC(=O)NC(Cc1cc(F)cc(F)c1)C(O)CNC1(c2ccc(CC(C)(C)C)nn2)CCCC1,7.5371118,8.009166717529297
324,CC(C)(C)c1cc(CNC2CC(O)C(Cc3cc(F)c(N)c(F)c3)CS(=O)(=O)C2)cs1,6.4118013,7.230730056762695
325,CCCN(CCC)C(=O)c1cc(C(O)NC(Cc2cc(F)cc(F)c2)C(O)CNCc2cccc(OC)c2)cc(N(c2ccccc2)S(C)(=O)=O)c1,6.3176346,7.93333101272583
326,CCN=C1NC(C(=O)c2cccc(-c3ccsc3)c2)c2cccc(c2)C12CCCCC2,4.229019,6.589266777038574
327,C/C(=N/OCC(C)C)c1cc(C(=O)N[C@@H](Cc2cccc(F)c2)OC(C)C)cc(N(C)S(C)(=O)=O)c1,7.188886,5.725493907928467
328,CC(C)[CH]CNC1(c2cccc(C(C)(C)C)c2)CCN(C(=O)C2CCCCC2)C(=O)N1,8.249067,7.016923904418945
329,Cc1cc(C2(c3cccc(-c4cncnc4)c3)N=C(N)OC2=O)ccn1,5.146207,6.86211633682251
330,CC(C)(C)Cc1cnc2c(c1)CC1(CCCC1)O2,6.586398,7.668262958526611
331,COc1ccc(-c2ccc3c(c2)C2(N=C2N)c2ccc(Oc4cnccn4)c-3c2)cc1,4.427518,9.1908597946167
332,CC(C)(C)c1cccc(CNC2CS(=O)CC(Cc3cccc(OC(OC(F)F)C(F)(F)F)c3)C2O)c1,6.534169,9.023609161376951
333,CC(=O)NC(CCc1cc(F)cc(F)c1)C(O)CCNC1(c2cccc(C(C)(C)C)c2)CC1,5.3865356,6.55842924118042
334,CC(C)c1cccc(CNC2CS(=O)(=O)COCC2O)c1,7.2388067,4.396694183349609
335,CCCCOc1ccc(-c2cccc([C@@]3(C4CC4)COC(=N)N3)c2)cc1,5.760129,5.458492755889893
336,CCC(C)CCC1(c2ccccc2)N=C(N)N(C)C1=O,5.721346,7.969967842102051
337,CC(C)c1cccc(C(=O)NC(=O)C(Cc2cc(F)cc(F)c2)[C@H](O)CNC2(c3cccc(C(C)(C)CF)c3)CC2)c1,7.201969,4.739125728607178
338,CN1CC(=N)NC(c2cccc(-c3cccs3)c2)(c2cnn(CC(C)(C)C)c2)C1=O,7.887201,7.813512325286865
339,CN1C(=O)[C@](c2ccc(NC(=O)c3ccccn3)cc2)(c2cccc(OC(F)(F)F)c2)N=C1N,5.7905164,6.566444396972656
340,Cc1cc(C2(c3ccc(-c4ccccc4C#N)cc3)N=C(N)N(C)C2=O)ccn1,4.1152,7.990792751312256
341,NC1=NC(c2cccnc2)(c2cc(F)ccc2OC(F)F)C2=NCCCN12,4.278637,7.351595878601074
342,CCCC1CCN(C(=O)C(NC(CC(C)C)C(=O)CC(O)C2Cc3ccccc32)C(C)CC)C(=O)C1,7.1545634,4.973781585693359
343,Cc1ccc(CC2N=C(N)N(C)C(=O)C2c2cccc(F)c2)c(CC(=O)O)c1,7.939202,5.865570545196533
344,CCCN(CCC)C(=O)c1cc(Sc2ccccc2)cc(C(=O)NC(Cc2ccc(F)cc2)C(O)CNCc2cccc(OC)c2)c1,5.6002865,5.054910659790039
345,CCCc1cccc(C2(NCC(O)C(C)NC(=O)c3cccc(F)c3F)CCC2)c1,7.3300724,7.240420818328857
346,CCC(C)(Nc1cc(O)[nH]c1N)Oc1cccc(Cl)c1,3.2349322,4.666622638702393
347,O=C(C(c1ccccc1)[C@@H](O)CNC1(c2cccc(C3CCCCC3)c2)CCC1)N1CCCCC1,8.412907,5.253920555114746
348,CC(=O)NC(Cc1cc(F)cc(F)c1)C(O)CNC1(c2cn(CC(C)(C)C)nn2)CCCC1,6.283243,7.330281257629394
349,CC(C(=O)O)[C@@H](CC1CCCCC1)[C@H](O)[C@H]1CC(c2cccc(C3CCCCC3)c2)N1,6.7765837,5.03481388092041
350,C/C(=N/OCc1ccccc1)c1cc(C(=O)N[C@H](C)Cc2ccccc2)cc(N(C)S(C)(=O)=O)c1,6.5819545,7.037269592285156
351,CC(=O)NC(Cc1cccc(-c2nccs2)c1)C(O)CNC1Cc2cn(CC(C)(C)C)cc2OC2(CCC2)C1,7.394997,8.482109069824219
352,COc1ccc(C2(c3cccc(-c4cncnc4F)c3)N=C(N)N(C)C2=O)cc1,7.1509914,6.430129051208496
353,CC1(C)N=C2CC(c3cccnc3)=CC1=NC2=N,6.35767,6.029207229614258
354,CC(=O)N[C@@H](Cc1cc(F)cc(F)c1)[C@@H](O)CNCc1cccc(N(c2ccccc2)S(C)(=O)=O)c1,6.186656,5.444015502929688
355,CN1CC(c2ccccc2)(c2ccc(-c3cccnc3)cc2)N=C1N,4.0290704,4.827939987182617
356,COc1cc(-c2cncnc2)cc(C2(c3cc(Cl)c(C)s3)N=C(N)N(C)C2=O)c1,6.4185553,7.623169898986816
357,N=C1N[C@@](c2cccc(OC(F)F)c2)(c2cccc(OC(F)(F)F)c2)NO1,4.97773,6.006964683532715
358,C[C@@]1(c2cc(NC(=O)c3ccc(C#N)cn3)ccc2CF)COC(=N)N1,6.660245,8.02405834197998
359,CC(C)(C)c1cc(Cl)cc(C(=O)NC(Cc2ccccc2)C(O)CNC2CC2)c1,6.6222095,5.185060501098633
360,CC(C)NC(=O)CC(C)n1c(N)nc2cc(Cl)ccc21,4.921328,3.1090011596679688
361,CCCCN1C(=N)C2=C1C=C(c1cccc(CC(C)(Cc3cc(F)cc(F)c3)NCC(C)=O)c1)C2,7.8328133,7.847121238708496
362,CCc1cc(C(=O)N[C@@H](COc2ccccc2)[C@H](O)CNCc2cccc(C(F)(F)F)c2)cc(C(C)N2CCCC2=O)c1,8.236291,5.269410133361816
363,COc1cccc(CNC[C@H](O)[C@H](Cc2cc(F)cc(F)c2)[C]2CCCC(C(=O)COCc3cccc(OC)c3)N2)c1,6.2138667,5.053786277770996
364,CC(C)c1cccc(CNC2CS(=O)(=O)CC(Cc3cc(N)cc(OCC(F)(F)F)c3)C2O)c1,6.278239,8.439358711242676
365,COc1cccc(CN2CCC3(CC(C4CCCC4C)CC2C)N(C)S(=O)(=O)N3c2ccc(F)cc2)c1,4.1879034,4.2702484130859375
366,CCCCOc1cncc(C2(c3ccc(-c4cncnc4)cc3)N=C(N)N(C)C2=O)c1,7.04332,6.765264511108398
367,CC(C)C1C(=O)CC(OCc2ccccc2)NC1C(O)C(Cc1cc(F)cc(F)c1)NC(C)C(C)C(=O)NC1CCCC1,8.173216,3.9801125526428223
368,COc1cccc(CNCC(O)C(Cc2ccccc2)NC(=O)c2cc(F)cc(CN(Cc3cccc(F)c3)CC3CS3(=O)=O)c2)c1,7.385655,8.362634658813477
369,CC#Cc1ccc(-c2ccc(C3(CC)N=C(N)N(C)C3=O)cc2)cc1,4.6919947,7.857773780822754
370,CCCCON=S(C)(=O)N(C)c1cc(C(=O)N[C@H](Cc2cc(F)cc(F)c2)[C@@H](O)CNCc2cccc(OC)c2)cc(C(C)C)c1,8.675264,7.303479194641113
371,COc1ccc([C@]2(c3cccc(-c4ccncc4)c3)N=C(N)N(C)C2=O)cc1,5.912337,6.304488658905029
372,N=C1COCC(c2ccccc2)(c2ccc(-c3ccccc3)cc2)N1,6.174691,5.185860633850098
373,COc1cccc(CNCC(O)C(Cc2ccccc2)NC(=O)c2ccc(C(=O)NCc3cccc(F)c3)cc2)c1,6.8249784,5.414204120635986
374,CCCCN1C(=O)C2(NCC(C)c3cccc(F)c3)CCN(Cc3cccc(C(C)(C)C)c3)C(=O)CC1C2,7.302882,5.402153968811035
375,CCOCCC1CCC(O)Cc2cc(cc(C(=O)NC(C)c3cc(F)cc(F)c3)c2)CNC(C(=O)N2CCCC2=O)CC1O,7.964044,4.888830184936523
376,COc1ccc(-c2cccc(C3(c4ccc(OC(F)F)cc4)N=C(N)N(C)C3=O)c2)cc1,6.7340093,6.482083797454834
377,CC(C)(C)c1cccc(CNC2CS(=O)(=O)CC(Cc3cc(OC(F)F)cc(C(F)(F)F)c3)C2O)c1,6.5187206,7.286957740783691
378,CC(=O)NC(Cc1ccccc1)C(O)CNC1(Cc2cc(F)cc(F)c2)CCC(CC2CC2)C1,7.818548,5.097833156585693
379,COc1cc(CC2CS(=O)(=O)CC(NCc3cccc(C(C)C)c3)C2O)cc(Br)c1N,6.128521,5.286070823669434
380,CCOc1cc(Br)cc(CC2CS(=O)(=O)CC(NCc3ccccc3O)C2O)c1,6.9675655,4.7313079833984375
381,COc1ccc2c(c1)C(c1ccnnc1)(c1cccc(-c3cccnc3)c1)N=C2N,5.4098005,5.567877292633057
382,CC(C)(C)c1cccc(CNC(=O)C(Cc2cccc(C(F)(F)F)c2)N(c2ccccc2)S(C)(=O)=O)c1,7.242691,7.744451522827148
383,CCCN(C)c1cc(Cc2ccccc2)cc(C(=O)N[C@@H](Cc2ccccc2)[C@H](O)C2CN(S(C)(=O)=O)C2)c1,7.975012,7.070946216583252
384,CCCOc1ccc(-c2cccc(C3(c4cncnc4)N=C(N)N(C)C3=O)c2)cc1Cl,5.5694113,9.071610450744627
385,N=C1NC(c2ccccc2)(c2cccc(-c3ccnc(Cl)c3)c2)CO1,5.5107822,5.12320613861084
386,O=C(NCC1CCCCC1)C(O)CNC1(c2cccc(C3CCCC3)c2)CCCCC1,7.868514,6.402357578277588
387,CCC1CNC(O)C(Cc2cc(F)cc(F)c2)NC(=O)c2cc(Cl)cc(c2)C(=O)NCCOC1NC(=O)C(C)C,6.7493215,8.074564933776855
388,COc1cccc(CNCC(O)C(Cc2cc(F)cc(F)c2)NC(=O)c2cccc(N(C)S(C)(=O)=O)c2)c1,6.8117385,5.529827117919922
389,CCN1C(=O)[C@](C)(c2cccc(-c3ccccc3)c2)CN=C1N,4.162201,5.9632954597473145
390,CC1(c2cc(NCc3cccc(-c4cccc(C(F)(F)F)c4)c3)ccc2F)COCC(=N)N1,5.40281,8.17336368560791
391,COc1ccc(COC2(C(C)NC(=O)c3ccc(CC(=O)NC(C)c4ccccc4)cc3N(C)S(C)(=O)=O)CCC2)cc1,7.1387644,3.794321298599243
392,Cc1ccc(C2(c3ccc(-c4cccnc4)cc3)N=C(N)N(C)C2=O)cc1F,6.891105,7.86707592010498
393,CCCCOc1ccc(-c2cccc(C3(c4cc(OC)cc(OCC)c4)N=C(N)N(C)C(=N)C3O)c2)cc1,6.010882,6.765907287597656
394,Cc1cc(C2(N)CS(=O)(=O)CC2NC(Cc2ccccc2)C(C)C)ccc1C(C)C,6.480535,7.960648536682129
395,CCC(C)c1cccc(CNC2CS(=O)(=O)CC(Cc3cc(N)c(F)c(OC)c3)C2O)c1,5.256878,7.779224872589111
396,CCn1cc(-c2cccc(-c3ccc(C4(N)N=C(C)C4=NCC(F)(F)F)cc3)c2)cn1,6.223515,8.732863426208496
397,CN1CCC2(CC(=O)N(C)C1Cc1ccccc1)CN(Cc1ccccc1)C2,6.296294,4.483835697174072
398,CN1C(=O)[C@](C)(c2cc(F)ccc2NC(=O)c2ccc(Cl)cn2)N=C1N,7.6953526,7.901132583618164
399,COc1ccc(C2(c3cccc(-c4cncnc4)c3)CC(=O)N=C(N)N2)cc1OC,5.908222,5.727853775024414
400,CC(C)C(O)NC(Cc1ccccc1)C(O)CNC1CC2(CCC2)Oc2ncc(CC(C)(C)C)cc21,6.1406627,7.672175407409668
401,COc1cccc(CNCC(O)C(Cc2cc(F)cc(F)c2)NC(=O)C(C)c2ccccc2)c1,6.628605,4.104036808013916
402,CC(C)(C)c1cccc(C2(NCC(O)CCc3cc(N)cc(-c4cccnc4F)c3)CCC2)c1,5.9279165,6.001052379608154
403,CC(C)(C)c1cccc(CNC2CS(=O)CC(Cc3cc(N)c(F)c(F)c3)C2O)c1,6.752126,5.742632389068604
404,CC(=O)NC(Cc1cc(F)cc(F)c1)C(O)NC1(c2cnc3c(c2)OCO3)CC1,5.4271173,8.071044921875
405,CC(=O)NC(Cc1ccc(F)cc1)C(O)CNC1Cc2ccc(OCC(C)(C)C)c(c2)CC1(C)C,5.8714485,4.842929363250732
406,CN1C(N)=NC(C)(Oc2cccc(-c3cccc(C(C)(C)C)c3)c2)CC12CCC2,7.130137,6.6297926902771
407,CC1=NC(C)(c2cccc(-c3cccc(CC4CC4)c3)c2)N=C1N,7.087454,6.544961452484131
408,C#Cc1csc(C2(NC(c3cccc(C(C)(C)C)c3)C(O)CNCc3cccc(OC)c3)C(=O)N2C)c1,5.503184,7.650795936584473
409,COc1ccc(C2CC2c2ccsc2-c2ccc(SC(=N)N)cc2)cc1,5.7363005,4.594854831695557
410,Cc1cccc(-c2cccc(C3(c4cccc(OC(F)F)c4)N=C(N)OC3(F)F)c2)c1,6.7848673,6.476430416107178
411,CN(CCC1(C2CCCCC2)N=C(N)O1)C(Cc1cc(F)cc(F)c1)C(=O)O,6.1795845,5.156429290771484
412,CN1C(=O)C(c2ccncc2)(c2cccc(-c3ccccn3)c2)N=C1N,6.108347,7.290009498596191
413,COc1cccc(C2(c3cc(F)cc(-c4cncnc4)c3)N=C(N)N(C)C2=O)c1,5.5369554,6.245486736297607
414,COc1cccc(CNC[C@@H](O)[C@@H](NC(=O)c2cccc(C(=O)N3CCCC3)c2)NC(=O)C(Cc2ccccc2)[C@H](NC(C)=O)C(C)C)c1,8.33897,5.517436027526856
415,COc1cccc(C2(c3cccc(-c4ccc(C(C)C)s4)c3)COC(=N)N2)c1,4.3929358,4.665213584899902
416,COc1ccc(C2(c3cccc(-c4cccnc4)c3)N=C(N)N(C)C2=O)cc1,6.2579265,5.514389991760254
417,CN1C(=O)C(c2ccc(C(F)(F)F)cc2)(c2ccc(F)c(-c3cncnc3)c2)N=C1N,6.555241,8.338038444519043
418,CC(C)(C)c1cccc(CNC2CS(=O)(=O)CC(Cc3ccc(F)c(OC(F)(F)F)c3)C2O)c1,5.88598,6.597099304199219
419,CN1C(=O)C(C)(c2cc(F)ccc2NC(=O)c2cccnc2)N=C1N,8.231309,7.291621208190918
420,CN1C(=O)C(c2cccc(-c3cccnc3F)c2)(C2CCCCC2)N=C1N,6.8187943,6.818101406097412
421,Cc1ccc(Cl)n1C(=O)Nc1cccc([C@]2(C)COC(=N)N2)c1,6.2694135,6.205694198608398
422,C[C@]1(c2cccc(-c3cccnc3)c2)N=C(N)O[C@@H]1F,6.6879783,7.40472412109375
423,CC(=O)NC(Cc1cc(F)ccc1F)C(O)C(O)CNC1CC2(CCC2)Oc2ncc(CC(C)(C)C)nc21,7.3835225,8.273602485656738
424,CCCOc1cccc(Cn2c(-c3ccc(F)c(OC)c3)ccc2-c2ccccc2Cl)c1,5.5642633,7.589216232299805
425,COc1cccc([C@]2(c3cccc(-c4cncnc4)c3)N=C(N)N(C)C2=O)c1,5.820969,7.180547714233398
426,CC(C)(C)Oc1ccc(-c2cncc(Cl)c2)cc1[C@@]1(C)CCOC(=N)N1,5.8122835,6.927958488464356
427,CC(=O)N=C(N)Cc1cc(F)c(-c2ccc(Cl)n2Cc2cccc(Cl)c2)cc1N,7.4845986,5.856029033660889
428,N=C1NC(c2cc(F)cc(CC(F)(F)F)c2)(c2cccc(-c3cncnc3)c2)CCCO1,6.994066,7.878884792327881
429,CC1(c2ccc(NC(=O)c3cnccn3)cc2F)N=C(N)OCC1(F)F,6.255483,9.022557258605955
430,CC(C)(C)c1cccc(C2(NCC(O)C(=O)NC(F)(F)Cc3cc(F)cc(F)c3)CCCCC2)c1,7.4778275,5.830211639404297
431,COCCC1=C2C(c3ccccc3)=CC=C2[C@@]12N=C(N)N(C)C2=O,5.5256157,5.557039260864258
432,COc1cccc(CNCC(O)C(Cc2cccc(-c3ccccc3)c2)NC(=O)c2cnc3c(c2)CC[SH](C)(=O)CC3)c1,5.7427893,6.21201753616333
433,CN1C(=O)[C@@](c2cccnc2)(c2cccc(-c3ccccc3C#N)c2)N=C1N,7.068763,7.539026737213135
434,CC(=O)NC(Cc1cc(F)cc(F)c1)C(O)CNC1(c2ccc(C3CC3)cc2)CC1,7.0422597,4.805435657501221
435,Cc1ccccc1-c1ccc2c(c1)CC(C)(C)N=C(N)N(C)C2=O,5.251073,9.20068359375
436,CC(C)(C)c1ccc(C2(NC[C@@H](O)C(Cc3cccc(F)c3)=NO)CC2)nc1,6.9534683,6.384899616241455
437,CC(=O)N[C@H](Cc1ccc(C)cc1)[C@H](O)CNC1(c2cc(CC(C)(C)C)cs2)CCC1,6.6842575,6.401086807250977
438,COc1cccc(CNCC(O)C(Cc2ccccc2)NC(=O)c2cccc(N(c3ccccc3)S(C)(=O)=O)c2)c1,6.9597588,7.448803901672363
439,CC(=O)NC(Cc1ccccc1O)C(O)CNC1(c2ccc(OC(C)C)cc2)CCCC1,4.7525444,6.045172691345215
440,CN1C(=O)C(c2cccc(-c3ccncc3)c2)(c2ccccc2OC(F)F)N=C1N,6.0282183,8.066917419433594
441,COc1cc(C2(c3cccc(-c4cccc(OC)n4)c3)N=C(N)N(C)C2=O)ccn1,5.323331,7.042717456817627
442,CN1CC(=N)NC(c2cccc(F)c2)(c2cccc(-c3cncnc3)c2)CC1=O,6.376892,7.980165481567383
443,CC(C)C(C)Cc1cccc(C[C@@H](NC(NC(=O)c2cc(F)cc(N(C)S(C)(=O)=O)c2)c2cc(F)cc(F)c2)[C@@H](O)CNC2CC2)c1,7.980559,6.137670516967773
444,COc1cccc(-c2cccc(C3(C)CC(C)(C)C(=N)N3)c2)c1,6.3766155,5.953900337219238
445,CN1C(=O)[C@](C)(c2cc(-c3cccc(F)c3)ccc2-c2ccncc2)N=C1N,6.9633403,6.679788589477539
446,COc1ccc(C2(c3cccc(-c4cccnc4F)c3)N=C(N)N(C)C2=O)cc1OC(F)F,7.934885,6.705737113952637
447,Cc1ccc(C2SCC(=N)NC2(C)c2cccc(-c3cncnc3)c2)cc1,6.2147503,4.452748775482178
448,CN1C(=O)C(C)(c2cccc(-c3ccnc(Oc4cccnc4)c3)c2)N=C1N,4.96259,5.402259826660156
449,CC(F)(F)c1cc(NC(=O)c2ccncc2)cc(C2(C)N=C(N)OCC2(F)F)c1F,7.1830564,7.659022331237793
450,CC1(O)CS(=O)(=O)CC(Cc2cccc(N)c2)C(O)C(c2cccc(Br)c2)N1,5.9484396,5.671424865722656
451,COc1cccc(CC(NC(C)=O)[C@H](O)CNC2CC3(CCC3)Oc3ncc(CC(C)(C)C)cc32)c1,6.4577174,9.415118217468262
452,C=CO/N=C(/C)S(=O)(=O)c1cc(Cc2cc(F)cc(F)c2)cc(C(=O)NC(Cc2cc(F)cc(F)c2)[C@@H](O)CNCc2cccc(I)c2)c1,7.5015225,8.259455680847168
453,CN(c1cccc(CNC(Cc2ccccc2)C(O)C2CS(=O)(=O)CC2COCc2ccccc2)c1)S(C)(=O)=O,6.5535617,5.289910316467285
454,CN1C(=O)C(c2ccccc2)(c2cccc(Nc3cccnc3)c2)N=C1N,5.9854918,6.801605224609375
455,CC(C)CCC(OCc1ccccc1)C(=O)NC(COCc1cc(F)cc(F)c1)C(O)C1NCC1OCc1ccccc1,8.920193,5.463996887207031
456,CC(=O)NC(Cc1cc(F)cc(F)c1)C(O)CNC(c1cc2c(C(C)(C)C)ccc-2n(C)c1)C1CCCC1,8.165902,6.108758926391602
457,CN1C(=CC(=O)NCCCNC(C(=O)O)c2cccc(C(C)(C)C)c2)C2=C1CC=C2c1ccccc1,6.572451,6.8809733390808105
458,CC(C)CC(O)C(NCCOc1cccc(C2CCCCCN2)c1)C(C)NC(=O)Cc1cc(F)cc(F)c1,7.497463,4.137355804443359
459,O=C1COCOCC2(NCC(O)C(Cc3cccc(-c4cscn4)c3)N1)Oc1ccc(Br)cc12,6.3584833,6.644989013671875
460,N=C1NC(c2ccc(C#CC3CC3)cc2)([C@@]2(F)CN2)C(F)(F)CO1,6.1740594,7.205836296081543
461,COc1cccc(CNCC(O)C(C(=O)N(C(=O)NCc2cccc(C(C)C)c2)C2CC[SH]2(C)=O)c2cc(O)cc(F)c2)c1,5.374645,7.337998867034912
462,Cc1ccccc1-c1cccc(C2(c3ccccc3)N=C(N)N(C)C2=O)c1,8.299002,6.601242065429688
463,CC(C)(C)c1cccc(CNC2CS(=O)(=O)CC(c3ccc(Br)cc3)C2O)c1,4.3769298,5.164657115936279
464,CCCOc1ccc(C2(c3cccc(-c4cccnc4)c3)N=C(N)N(C)C2=O)cc1,5.467323,6.579573631286621
465,COCC(Cc1ccccc1)NC(=O)C(O)CNC(COC)c1cc(N)cc(C(F)(F)F)c1,6.740605,5.362375259399414
466,CC(C)c1cccc(N(c2ccccc2)S(C)(=O)=O)c1,6.7446237,3.870586395263672
467,COc1cccc(CNCC(O)C2C=CC(C)=CC=C(N(c3ccccc3)S(C)(=O)=O)C(=O)N2)c1,6.602729,5.664178848266602
468,N=C1NC(c2ccncc2)(c2cccc(-c3cncnc3)c2)c2ccc(F)cc21,6.53243,7.28462553024292
469,CC(=O)NC(Cc1cc(F)cc(F)c1)C(O)CNC1(c2cc(C(C)(C)C)cs2)CC1,6.3151746,5.826284885406494
470,COc1cccc(CNCC(O)C(Cc2cccc(OC)c2)NC(=O)c2cc(C(=O)N[C@H](C)Cc3ccccc3)cc(N(C)S(C)(=O)=O)c2)c1,8.021174,7.014286041259766
471,CC(C)(C)c1cccc(CNC2CS(=O)(=O)CC(c3cc(F)cc(OCC(F)(F)F)c3)C2O)c1,8.555161,8.349519729614258
472,COc1cccc(C[C@@H](NC(C)=O)[C@H](O)CNC2(c3cccc(-c4ccccn4)c3)CCCCC2)c1,5.8723893,5.444955348968506
473,COc1ccc2cc1C(c1cccc(-c3ccncc3)c1)(c1ccncc1N)N=C2N,5.8197923,7.886445045471191
474,CN1C(=N)C2(C)Oc3ccc(-c4cccnc4F)cc3C2N(C)C1=O,5.8616314,6.90078067779541
475,CC(=O)NC(Cc1cc(F)cc(F)c1)C(O)CNC1(c2occc2CC(C)(C)C)CCCC1,5.1563015,7.612837314605713
476,COC(=O)CNC(Cc1ccccc1)[C@@H](C)Cc1cc2c3nc(N)nc(c3c1)=CC(CC(C)(C)F)C=2,6.838324,8.754369735717773
477,CC1CN2C(=O)C(c3ccc(-c4cccc(C(F)(F)F)c4)cc3)(C1)N=C2N,5.5236106,5.913100242614746
478,CC(CCc1ccc(O)cc1)N=C1NC(C)Cc2ccccc21,4.514556,3.0534157752990723
479,CN1C(N)=NC(=O)C1(c1ccccc1)c1cccc(-c2cncnc2)c1,4.82338,7.197781562805176
480,CCCO/N=C(/C)c1cc(C(=O)NC(CCOc2ccccc2)C(O)CNCc2cccc(C(F)(F)F)c2)cc(N2CCCCS2(=O)=O)c1,7.592735,7.358002185821533
481,CN1C(=O)[C@](c2ccccc2)(C2CCCCCC2)N=C1N,6.3548145,6.361456394195557
482,CC(=O)NC(Cc1ccc(F)c(F)c1)C(O)CNC1(c2cc(CC(C)(C)C)cs2)CCCCC1,7.434025,7.5679612159729
483,COc1cccc(CC2CS(=O)(=O)CC(NCc3cccc(C(C)C)c3)C2O)c1,6.178883,4.199199199676514
484,CCC(=O)NC(Cc1ccccc1)C(O)CNC1CC2(CCC2)Oc2ncc(CC(C)(C)C)cc21,5.6587906,5.528288841247559
485,CCCCOc1cc(CC2CS(=O)(=O)CNCC2O)cc(F)c1N,7.5065317,7.113621711730957
486,Cc1cc(C(=O)NC(C(C)C)C(O)CNC2(c3cccc(C4CCCC4)c3)CCCC2)cc(N2CCCC2=O)c1,6.83381,5.55787992477417
487,COc1cccc(CNC2CS(=O)(=O)CC(Cc3ccc(OC(C)C)c(Br)c3)C2O)c1,5.0040183,5.501248359680176
488,COc1cccc([C@]2(c3cccc(-c4cncnc4)c3)N=C(C)C(=N)N2)c1,3.0354404,6.057454109191895
489,COc1cccc(CNCC(O)C(Cc2ccc(F)cc2)NC(c2ccccn2)C(C)C)c1,5.1062975,4.888514518737793
490,Cc1cc(C2(c3ccc(-c4cccc(Cl)c4)cc3)N=C(N)N(C)C2=O)cnn1,6.4013677,6.823680400848389
491,CC(C)(C)c1ccc(Cl)c(Cl)c1,6.5315413,6.928224086761475
492,N=C1NC2(C=CC=C(c3cncnc3)C=C2c2cccc(C(F)(F)F)c2)CO1,7.359494,6.11392068862915
493,N=C1N[C@](c2ccccc2F)(c2cc(NC(=O)c3cccc(F)c3)ccc2F)[C@@H](F)CO1,6.6683464,6.832133769989014
494,CCCNc1cc(COC)cc(C(=O)NC(Cc2cc(F)cc(F)c2)C(O)CNC2(C)CCCC2)c1,7.2219796,6.301189422607422
495,COc1ccc(-c2ccc(C3(C)N=C(N)CS3)cc2)cc1,5.864526,4.752462863922119
496,CC(=O)NC(Cc1cc(F)cc(F)c1)C(O)CNC(NC1CCCCC1)c1cccc(C(C)(C)C)c1,6.5336185,8.906665802001953
497,O=C(NC(O)CNC1(c2ccc(C3CCCC3)cc2)CCCCC1)C1CCCCCC1,8.140603,7.0500688552856445
498,COc1cccc(-c2cccc(C3CC3c3cc(C)[n+]([O-])c(N)n3)c2)c1,3.5826294,6.097029685974121
499,CC(=O)NC(Cc1cc(F)cc(-c2cccnc2)c1)C(O)NC1CC2(CCC2)Oc2ncc(CC(C)(C)C)cc21,8.081348,6.972498416900635
500,N#Cc1cc(F)cc(CC(O)c2cccc(CNC3CS(=O)(=O)CC(Cc4cc(F)c(N)c(OCCC(F)(F)F)c4)C3O)c2)c1,5.8262763,6.900858879089356
501,CC=C1C=C(C(=O)NC(Cc2ccccc2)C(O)CNC2(C)CCCC2)c2c(CC)c[nH]c21,7.4276886,6.7099480628967285
502,COc1cccc(CNCC(O)C(Cc2ccccc2)NC(=O)c2ccccc2N(C(=O)NCc2cccc(C(C)C)c2)S(C)(=O)=O)c1,7.418685,5.429546356201172
503,CC(=O)NC(CCc1cc(F)cc(F)c1)C(O)C1CCCCCC(N2C(=O)CNCC2C)C1,7.832847,7.646507740020752
504,CC(NC(=O)c1cc(N=C(N)c2ccc(Cl)c(Cl)c2)cc(N2CCCC2=O)c1)c1cccc(F)c1,6.264393,4.828393459320068
505,COc1cccc(CNCC(O)C2C=C(CN3CCS3(=O)=O)C=CC=C(Cc3ccccc3)C(=O)N2)c1,4.903447,5.051050662994385
506,COc1cccc([C@]2(c3cccc(-c4cncnc4)c3)N=C(N)OC2(F)F)c1,4.8511286,8.587788581848145
507,CC(NC(=O)N(c1cccc(C(=O)NC(Cc2ccccc2)C(O)CNC2CCCC2)c1)S(C)(=O)=O)c1ccccc1,7.2120075,5.866184234619141
508,Cc1cc(F)cc(C2(c3cccc(-c4cncnc4)c3)N=C(N)N(C)C2=O)c1,6.299168,7.631149768829346
509,CCCCn1nccc1C1(c2cccc(-c3cccnc3)c2)N=C(N)N(C)C1=O,7.100275,8.619560241699219
510,Cc1ccc(NC(=O)c2ccc(Cl)cn2)cc1C1(F)N=C(N)OC1(F)F,6.6222825,9.906576156616213
511,CC(CNC(=O)c1cc(C(=O)NC(C)c2ccccc2)cc(N(C)S(C)(=O)=O)c1)OCc1cc(F)cc(F)c1,7.9473557,6.689481258392334
512,COc1cncc([C@@]2(c3ccc(F)c(-c4cncnc4)c3)N=C(N)N(C)C2=O)c1,7.675644,8.88989543914795
513,CCCN(CCC)C(=O)n1cc(C(=O)NC(COC)Cc2ccccc2)c2ccc(C#N)cc21,8.0595045,8.60468578338623
514,CC(C)(C)Cn1cccc1C1(NC(F)C(F)(Cc2cc(F)cc(F)c2N)C(=O)O)CCC1,6.1709375,8.94070816040039
515,CN1C(=O)C(c2cccc(OC(F)(F)F)c2)(c2ccc(-c3ccnnc3)c(F)c2)N=C1N,6.230112,6.605855941772461
516,COc1cccc(-c2cccc(C3(c4ccc(F)c(OC)c4)N=C(N)C3=O)c2)c1,6.89106,5.662050724029541
517,CCCCN1CC(NC(C)=O)(c2cccc(-c3ccc(OC)cc3)c2)C1=O,7.416252,5.122136116027832
518,CCC(C)c1cccc(CNC2CS(=O)(=O)CC(O)Cc3cc(OC(C(F)(F)F)C(F)(F)F)c(N)c(c3)C2O)c1,7.9434013,5.354247570037842
519,COCc1cc(COC(=O)CN2[C@H](CC(C)C)[C@H]2NC(=O)NC(=O)C(Cc2cc(F)cc(F)c2)NCC(C)=O)cc(C(C)C)c1,8.179794,7.366138458251953
520,CCC(CC(NC(C)=O)C(=O)NC(C)c1ccccc1)NC(=O)c1cc(N(C)S(C)(=O)=O)cc(C(N)(COc2cc(F)cc(F)c2)Cc2ccccc2)c1,7.1009917,5.427508354187012
521,CCC(=O)NC(NC(C)=O)C(O)CNC1(c2cccc(-c3cccnc3F)c2)CCCCC1,6.356131,7.261571407318115
522,COc1cccc(CNC[C@@H](O)[C@H](Cc2cc(F)cc(F)c2)NC(=O)C2CCN(S(=O)(=O)N(C)c3ccccc3)[C@@H]2C)c1,7.2846346,7.408960342407227
523,CC(NC(=O)c1cc(C(=O)NC(O)C(Cc2ccccc2)NC2CCCC2)cc(N(C)S(C)(=O)=O)c1)c1ccccc1,7.4078107,6.217189788818359
524,COc1cccc(CNCC(O)C(Cc2cc(F)cc(F)c2)NC(=O)CN2CCC(C(C)C)C2=O)c1,7.2820354,6.156741619110107
525,N=C1CCCOc2cccc(c2)C(c2ccncc2)(c2cccc(-c3ccncc3)c2)N1,4.472068,6.921038627624512
526,COc1cccc(CNCC(O)C(Cc2cc(F)cc(F)c2)NC(=O)c2cc(C(=O)NC(C)c3ccccc3)cc(N(C)S(C)(=O)=O)c2)c1,6.4641924,7.549973011016846
527,N=C1C(C(=O)NCCC2CCCCC2)=CC(c2ccccc2)=CCc2cnccc21,4.3362904,8.521470069885254
528,CC(=O)NC(Cc1ccc(F)cc1)C(O)CNC1(c2ccc(C(C)(C)C)cn2)CCCC1,6.6388326,5.393325328826904
529,CCCOCc1cc(C(CNC2(c3ccccc3)CC2)C(NC(C)=O)c2ccccc2)cc(N(C)S(C)(=O)=O)c1,6.117886,3.0534157752990723
530,COc1cccc(CNCC(O)C(Cc2cc(F)cc(F)c2)NC(=O)C2=CC3=CC2=C(F)C=CC(C)NC3=O)c1,7.2450395,5.71060848236084
531,CC(=O)NC(NCc1cccc(C(C)(C)C)c1)C(O)C1(CO)CS(=O)(=O)C1,5.846757,7.522356033325195
532,Cc1cc(F)cc(CNCC(O)C(Cc2ccccc2)NC(=O)c2cc(C(=O)NC(C)c3ccccc3)cc(N(C)S(C)(=O)=O)c2)c1,6.5847273,5.519761085510254
533,COc1cc(F)cc(C2(c3cccc(-c4cccnc4F)c3)N=C(N)C(=O)N2C)c1,6.673857,7.979940414428711
534,CN1C(=O)C(c2ccnnc2)(c2cccc(-c3cncnc3)c2)N=C1N,5.451722,7.370964527130127
535,CC(=O)Nc1cc([C@]2(c3cc(NC(=O)c4cccc(C#N)c4)ccc3F)CC(=N)N2)ccc1Cl,7.940513,7.098136901855469
536,CN1C(=O)C(C)(C)C(c2cccc(Cc3cccc([N+](=O)[O-])c3)c2)N=C1N,7.2532253,5.47142219543457
537,CC(=O)N[C@@H]1Cc2cc(F)ccc2C[C@@H](c2cccc(C(C)(C)C)c2)C[C@H]1O,6.767089,8.226171493530273
538,CC(C)(C)c1cccc(CNC2CS(=O)(=O)CC(Cc3ccc(O)cc3)C2O)c1,6.022523,4.696063995361328
539,COc1cccc([C@@]2(c3ccc(-c4cccc(Cl)c4)cc3)N=C(N)N(C)C2=O)c1,4.230233,6.526071071624756
540,CC(=O)Nc1cccc(C2(c3ccc(-c4ccccc4)cc3)N=C(N)N(C)C2=O)c1,6.025423,3.7104744911193848
541,C[C]1C[C@](C)(c2ccc(F)c(NC(=O)c3ccc(C#N)cn3)c2)N=C(N)O1,6.9475155,8.143887519836426
542,Cc1ccccc1C1(c2cccc(-c3cncnc3)c2)N=C(N)N(C)C1=O,5.4771185,6.869795322418213
543,CN1C(=O)C(c2ccc(-c3cccnc3F)cc2)(c2ccc(C(F)F)nc2)N=C1N,5.9813104,7.669294357299805
544,CC(C)(C)Cc1cccc(NCCC2(CN3CCC3)CC2)c1,5.7754107,3.0534157752990723
545,CN1C(=O)C2(CCC(C)(Oc3cccc(-c4cncnc4)c3)C2)N=C1N,6.0440507,7.725273132324219
546,CN1C(=O)C(c2cccc(Cc3ccccc3)c2)(c2ccc(NC(=O)c3ccc(F)cn3)cc2F)N=C1N,5.8480744,5.875892639160156
547,CN(c1cccc(CNCC(O)C2COC/C=C/COC2)c1)S(C)(=O)=O,8.557751,7.401150703430176
548,CC(=O)NC(Cc1cc(F)ccn1)C(O)CNC1CC2(CCC2)Oc2ncc(CC(C)(C)C)cc21,6.291081,8.39287281036377
549,CC1(C)N=C(N)CC12CN(c1ccccc1)C2=O,5.57171,6.077574729919434
550,CC1(c2cccc(NC(=O)c3ncc(Cl)cn3)c2)COC(=N)N1,5.555033,8.196863174438477
551,COc1cccc(-c2cccc(C3(c4ccnc(C(F)(F)F)c4)N=C(N)N(C)C3=O)c2)c1,6.2989197,6.165187835693359
552,CN1C[C@@](C)(c2ccc(-c3ccccc3Cl)cc2C2(C)CC(=O)N(C)C(N)=N2)C1=O,7.689698,9.28913688659668
553,CC(C)c1cccc(CNC2CS(=O)(=O)CC(Cc3ccc([N+](=O)[O-])cc3)C2O)c1,7.245028,5.65644645690918
554,CCC(C)(C)Cc1ccc2cc(NC(CCS(=O)(=O)CC)Cc3cncc(Cl)c3)c(N)cc2c1,6.3061795,6.397392749786377
555,N=C1NC(c2ccccc2)(C2COCC(O)C2)c2ccc(Br)cc21,6.48426,6.046032905578613
556,CCc1cccc(CNC[C@@H](O)[C@H](Cc2cc(F)cc(F)c2)NC(=O)c2cc(/C(C)=N/OC(C)C)cc(N(C)S(C)(=O)=O)c2)c1,5.74534,6.25134801864624
557,N=C1NC2(C=CC=C(c3cccc(Cl)c3)C=C2F)CO1,6.4910436,5.084200382232666
558,COc1ccc(Cc2cc(F)cc(F)c2)cc1C(=O)N[C@@H](Cc1ccccc1)[C@H](O)CNCc1cccc(C(F)(F)F)c1,5.69545,4.412179946899414
559,CC(=O)Nc1ccc(-c2cccnc2)cc1-c1nc(N)n(C)c1O,6.3019457,7.813811779022217
560,COCCC(C)(Cc1cc(C)cc([N+](=O)[O-])c1)NCC(O)C(Cc1cc(F)cc(F)c1)NC(C)=O,8.521299,5.75858211517334
561,CC(C)c1cccc(CNC2C[SH](=O)(Cc3cc(N)c(F)c(F)c3)CC(=O)CC2O)c1,5.7886434,5.741915702819824
562,CCCOc1cc(-c2ccccc2Cc2csc(N)n2)ccn1,4.825445,5.170048713684082
563,CC(=O)Nc1ccc(C2(c3cccc(-c4cccnc4F)c3)N=C(N)N(C)C2=O)cc1,6.8708754,6.389050960540772
564,COc1ccc(C2(c3cccc(-c4cncnc4)c3)N=C(N)CN(C)C2=O)cc1,6.8363276,7.105617523193359
565,COCc1cc(C(=N)NOC)cc(C(=O)NCc2cccc(NC(C)=O)c2)c1,6.958272,6.510950088500977
566,COc1cccc(CNCC(O)C(Cc2cc(F)cc(F)c2)NC(=O)c2cc(OCC(C)(N)Cc3ccccc3)cc(N(C)S(C)(=O)=O)c2)c1,7.6736403,7.589327335357666
567,COc1cccc(CNCC(O)C(Cc2cc(F)cc(F)c2)NC(=O)N(Cc2cccc(C3CC3)c2)C2(C)CCC2)c1,7.32477,4.009281635284424
568,CC(C)(C)Cc1ccc(CNC2CS(=O)(=O)CC(Cc3cc(N)c(O)c(O)c3)C2O)cc1,6.3915744,7.958582878112793
569,CN1C(=O)C(C)(c2cc(F)cc(-c3cncs3)c2)N=C1N,7.6481485,5.87973690032959
570,COC(F)c1cccc(-c2ccc(C3(C)N=C(N)N4CCCN=C43)cc2)c1,6.4307046,6.482871055603027
571,COCOc1ccc(C2(c3cccc(-c4cncnc4)c3)N=C(N)N(C)C2=O)cc1,5.0599327,6.685221195220947
572,CC(C)(C)Cc1cncc(C2(NCC(O)C(Cc3cc(F)cc(F)c3)NC(=O)Cc3ccc(Cl)cc3)CC2)c1,6.9868655,6.874026775360107
573,CC(=O)NC(Cc1cc(F)cc(F)c1)C(O)CNC1CC2(CCC2)Oc2nnc(CC(C)(C)C)cc21,6.5153875,8.417057037353516
574,CC1=NC(c2ccccc2)(c2cccc(-c3cncnc3)c2)N=C(N)N1C,2.9325445,7.855531692504883
575,COc1cccc(C2(C)C(=N)NC(N)c3cc(-c4cncnc4)ccc32)c1,6.776477,6.338650703430176
576,CC(F)(F)C1(c2ccc(-c3cncnc3)cc2)CCC(Cc2cc(F)cc(F)c2)C(O)CN1,6.7603283,6.798791885375977
577,CCCN(CCC)C(=O)n1cc(C(=N)NC(=O)Cc2ccc(F)cc2)c2ccccc21,8.040745,7.586303234100342
578,CC1(C)CC(=O)N(c2cccc(-c3cncc(F)c3)c2)C(N)=N1,6.157767,6.076355457305908
579,CN1C(=O)C(C2=CC(c3ccccc3)=C2)(c2cccnc2)N=C1N,3.798842,5.361160755157471
580,CN1C(=O)C(C)(c2cc(-c3cccnc3)ccc2F)N=C1N,7.339552,7.67285680770874
581,CC(=O)Nc1ccc(F)c(C2(C)N=C(N)OCC2(C)C)c1,6.884043,6.137989044189453
582,CC(C)CCN1C(=O)CC([C@H](O)[C@@H]2COCc3ccccc3C2)C(=O)N(C)C1=O,4.1907444,5.545406818389893
583,CCCCN(CCC)C(=O)n1cc(C(=O)NC(Cc2ccccc2)Cc2cc(F)cc(F)c2)cc1C(=O)NC(CO)c1ccc(F)cc1,5.1727605,5.741796016693115
584,N#Cc1ccc(C(=O)Nc2ccc(C3(N)CCCC3)cc2)nc1,6.125468,7.545528411865234
585,CC(C)OC1=C(Br)C=CCC2C(=C1)CS(=O)(=O)CC(NCc1cccc(C(C)(C)C)c1)[C@@H]2O,5.833844,7.684054374694824
586,COc1ccc(C2(C)N=C(N)N(C)C(=O)C2Nc2ccc(Cl)cc2)cc1,5.230606,7.279239177703857
587,CC(C)C(=O)N[C@@H](NC(=O)c1cc(Cc2ccccc2)cc(N2CCCCS2(=O)=O)c1)[C@H](O)CNCc1ccc(C(C)C)cc1,5.8132224,5.882357120513916
588,COC(OC)c1ccc(CNC(=O)C(CCc2ccccc2)NC(=O)c2cc(C)cc(N(C)S(C)(=O)=O)c2)cc1,7.3409266,4.713094234466553
589,CC(=O)Nc1cccc(CN2CCC3(C(=O)NC(C)Cc4cc(F)cc(F)c4)CN(CC3=O)CC2C)c1,6.815976,4.962861061096191
590,N=C1NC(N)(c2cccc(NC(=O)c3ccnc(Cl)c3)c2)C2CCCCC12,7.0873666,6.283485412597656
591,CCc1ccc(OC(F)(F)F)cc1C1(c2cccc(-c3cncnc3)c2)N=C(N)N(C)C1=O,6.613267,6.727100372314453
592,C#Cc1cncc(-c2ccc3c(c2)C2(CC(C)(C)O3)N=C(N)N(C)C2=O)c1,7.0657835,6.324067115783691
593,COc1cccc(CNCC(O)C2Cc3cc(CCCC(C)C)cc(N(C)S(C)(=O)=O)c3C(=O)N2)c1,7.790448,8.718757629394531
594,COc1cccc(CNCC(O)C(Cc2cc(F)cc(F)c2)NC(=O)c2cc(C(=O)NC(CO)c3ccccc3)cc(N(C)S(C)(=O)=O)c2)c1,7.1969037,6.8596625328063965
595,C#Cc1cccc(CC(NC(C)=O)C(O)CNC2CC3(CCC3)Oc3ncc(CC(C)(C)C)cc32)c1,6.020552,9.655373573303224
596,COc1cccc(CNC2CS(=O)(=O)CC(Cc3cc[nH]c3)C2O)c1,8.234913,6.348835468292236
597,CCCC(C)(C(=O)NC(COCc1cc(F)cc(F)c1)C(C)C(C)C)C1C(=O)N(C(C)C(=O)NC(O)Cc2cc(F)cc(F)c2)C1=O,7.988196,6.672179222106934
598,CCOc1cccc(CN2CCC3(C2=O)N(c2ccccc2)S(=O)(=O)N3c2ccc(C)cn2)c1,6.6557183,4.125306606292725
599,CN1C(=O)C(c2ccc(Cl)nc2)(c2cccc(-c3cccnc3F)c2)N=C1N,6.626459,7.35338020324707
600,CC(C)c1cc(N)cc(CC2CS(=O)(=O)CC(NCc3cccc(O)c3)C2O)c1,7.0015745,4.749994277954102
601,Cc1cnc(F)c(C(=O)Nc2cc(F)cc(C3(C)N=C(N)OCC3(F)F)c2)c1,8.358948,7.402885437011719
602,COc1csc(-c2ccc(C3(C)N=C(N)N(C)C3=O)cc2)c1,3.0509646,5.432918071746826
603,CCc1cc(C(=O)NCCCC(C)(C)CC)c2ccc(C(=O)NC(Cc3cc(F)cc(F)c3)C(O)OC3CCC3)cc2n1,7.134889,5.911981582641602
604,CC(C)(C)c1cccc(CNC2CS(=O)(=O)CC(Cc3cc(C(C)(C)C)cc(C(F)(F)F)c3)C2O)c1,7.6973443,8.577896118164062
605,CC(C)(C)Cc1c(O)cccc1C1CC(NCc2cccc(F)c2)C(Cc2ccccc2CN2CCCCNC2=O)CN1,5.8410654,5.762348651885986
606,CC(C)(C)c1cccc(CNC2CS(=O)(=O)CC(Cc3cc(F)cc(CCCO)c3)C2O)c1,5.3751154,7.9315972328186035
607,CCCCN(C)C(=O)c1cc(C)cc(C(=O)N[C@@H](Cc2ccccc2)[C@@H](O)CNCc2cccc(C(F)(F)F)c2)c1,7.631449,7.071719169616699
608,NC1=NC(=O)CC(c2ccc(F)cc2)(c2cccnc2)N1,6.7201753,6.101199150085449
609,COc1cccc(-c2cccc(C3(C)CC(=O)C(=N)N3)c2)c1,3.749762,6.324934482574463
610,CCCN(CCC)C(=O)c1cc(C)cc(COC(F)C(CC)N2CCNC([C@@H](O)[C@@H](F)Cc3cc(F)cc(F)c3)C2=O)c1,6.688592,6.458022594451904
611,CN1C(=O)C(c2ccc(-c3cncnc3)cc2)(c2cccc(OC(F)F)c2)N=C1N,5.66788,6.746998310089111
612,COc1cccc(CNC[C@H](O)[C@@H]2C=C(C(=O)NC(C)C)C=C(/C(C)=N/OCC(C)C)C=C(N(C)S(C)(=O)=O)C(=O)N2)c1,7.406683,7.138128757476807
613,COc1ccc(-c2ccc(C3(c4ccnnc4)N=C(N)N(C)C3=O)cc2)cc1,7.3476443,8.55034351348877
614,CCCCCN(CCC)C(=O)c1cc(C(=O)Nc2ccc(F)cc2)cc(C2(CC)CCCN2)c1,5.8837557,7.423791408538818
615,COc1cc(NC(=O)c2ccc(Cl)cn2)cc(C2(C)COC(=N)N2)c1,4.774762,5.69072961807251
616,COc1cccc(CNCC(O)C(Cc2ccccc2)NC(=O)C(O)N(C)C2CCCCc3cc(cc(N(C)S(C)(=O)=O)c3)C2)c1,7.901184,7.436163902282715
617,C=CO/N=C(\C)c1cc(C(=O)NC(Cc2cc(F)cc(F)c2)C(O)CNCc2cccc(OC)c2)cc(N(C)S(C)(=O)=O)c1,6.314944,6.618668556213379
618,CN(C)[SH]1(=O)CC(c2ccc(C(COc3ccccc3)N3CCCCC3=O)cc2)CN1C,6.7058687,4.378295421600342
619,O=C1NC(C(O)CNCc2cccc(C(F)(F)F)c2)C(O)C(Cc2cc(F)cc(F)c2)NC1c1ccccc1,7.3375235,4.790495872497559
620,CC(=O)NC(CCc1ccc(F)cc1)C(O)CNC1(c2cccc(C(C)(C)C)c2)CCCC1,7.590414,6.989477634429932
621,CN(Cc1cccc(C(=O)NC(Cc2ccccc2)C(O)C2CCCCCCN2)c1)S(C)(=O)=O,6.6059475,4.384912490844727
622,COc1cccc(CNCC(O)C(Cc2cccc(F)c2)NC(F)C2=CC(C(=O)NCc3cccc(OC)c3)=CC(C)=CN2S(C)(=O)=O)c1,6.605655,5.852014064788818
623,COc1ccc(C2(c3cc(-c4ccnc(F)c4)ccc3F)N=C(N)N(C)C2=O)cc1,5.8567886,6.479299545288086
624,CCCN(CCC)C(=O)c1ccc(C2(NCC(O)CCOc3cc(F)cc(F)c3)CCCC2)cc1,6.656154,6.7862749099731445
625,COc1ccc2cc1C1=NCCCN1C(F)(F)c1cc(Cl)ccc1C1=NC12c1ccc(F)cc1,7.7528186,8.644490242004395
626,COc1cc(CC2CS(=O)(=O)CC(NCc3cccc(C(C)(C)C)c3)C2O)ccc1Br,7.1200566,6.004473686218262
627,CC(C)(C)Cc1cnc2c(c1)C(NCC(O)C(Cc1ccccc1)NCc1cc(F)cc(C#CC3CC3)c1)CC1(CCC1)O2,8.204667,8.661365509033203
628,COc1cccc(CNCC(O)c2cc(C(=O)NC(C)Cc3ccc(F)cc3)cc(N(C)S(C)(=O)=O)c2)c1,7.560848,7.334427833557129
629,COc1ccc([C@@]2(c3cccc(-c4cncnc4)c3)N=C(N)N(C)C2=O)cc1,3.716571,6.434235572814941
630,CC(=O)NC(CCc1ccc(F)c(F)c1)N(CC1CCCC1)NC(C)=O,4.2898455,5.317824363708496
631,COc1cccc(CNCC(O)C(Cc2ccccc2)NC(=O)C2=NC(CCc3cc(F)cc(F)c3)=NC2=O)c1,5.3946433,3.5046145915985107
632,CCOc1ccnc(C2(c3ccc(-c4cccc(F)c4)cc3)COC(=N)N2)c1,4.579366,7.247577667236328
633,FC(F)(F)Oc1ccccc1-c1cccc([C]2C3=NCCCN23)c1,6.3577747,7.347611427307129
634,CCc1cnc2cc(C3(NCC(O)C(Cc4ccccc4)NC(C)=O)CC3)cc-2s1,5.7018037,5.324265956878662
635,Cn1c(N)nc(C2CC2c2cccc(-c3cccc(C4CC4)c3)c2)cc1=O,4.896941,4.778278350830078
636,CC12N=C(N)N(CC1=O)C1(CCCCCN1)c1cccc(c1)-c1cccc2c1,5.449712,5.920413970947266
637,CC(=O)NC(Cc1cc(F)cc(F)c1)C(O)CNC1(c2cccc(-c3cccnc3F)c2)CCCCC1,7.67358,6.006410598754883
638,COc1ccc(-c2ccc(CN3C(N)=NCCC3(C)Cc3ccccc3)cc2)cc1,5.538301,6.655368804931641
639,Cc1cccc(-c2cccc(C3(c4cccnc4F)N=C(N)N(C)C3=O)c2)c1F,7.382536,9.640146255493164
640,COc1cccc(CNCC(O)C(Cc2cc(F)cc(F)c2)NC(=O)c2cc(C(=O)NCC(C)C)cc(N(C)S(C)(=O)=O)c2)c1,8.781752,7.236109256744385
641,CCCN(CCC)C(=O)c1cc(NC(O)Cc2cc(F)cc(F)c2)cc(C(=O)NC(C)Cc2ccccc2)c1,8.180164,6.342465877532959
642,CCCCN(CCC)C(=O)N1C=C(C(=O)NC(Cc2cc(F)cc(F)c2)C(O)CNCc2ccc(C(F)(F)F)cc2)Cc2ccccc21,6.561178,5.652303695678711
643,COc1cc(-c2ccc(C(=O)Nc3cccc(F)c3)cc2)n(Cc2ccccc2)c1,4.9668746,4.349376201629639
644,CC1(C)Oc2cc(-c3cccc(Cl)c3)ccc2C2(CCC2)CN(N)C1=O,7.0170336,6.398430347442627
645,N=C1NC(c2cccc(OC(F)(F)F)c2)(c2cccc(-c3ncncn3)c2)O1,6.743071,6.064637660980225
646,Cc1cc(Cl)cnc1C(=O)Nc1cc(CCC(F)(F)F)c(C2(C)N=C(N)N(C)C2=O)cc1Cl,8.187273,9.161681175231934
647,Nc1c(F)cc(CC2CS(=O)(=O)CCC(C(F)(F)F)C2O)cc1OCC(C(F)F)C(F)(F)F,6.997172,6.205504417419434
648,COc1cccc(CNC2CS(=O)(=O)CC(Cc3cc(F)c(N)c(OCCC(F)(F)F)c3)C2O)c1C(C)(C)C,7.023168,6.82089900970459
649,CC1(C)N=C(NC(=O)c2cccc(-c3cccnc3)c2)C1=O,3.3284318,5.336066246032715
