,fold,smiles,pIC50
0,0,Cc1ccccc1-c1ccc2nc(N)c(C[C@@H](C)C(=O)N[C@@H]3CCOC(C)(C)C3)cc2c1,9.1549015
1,0,CCCO[C@H]1CN[C@@H]([C@@H](O)[C@H](Cc2cc(F)cc(F)c2)NC(=O)[C@H](CCc2ccccc2)N2CC[C@@](CC(C)C)(NC(C)=O)C2=O)C1,8.8538723
2,0,CCc1cn2c3c(cc(C(=O)N[C@@H](Cc4ccccc4)[C@H](O)CNCc4cccc(OC)c4)cc13)N(C)S(=O)(=O)CC2,8.6989698
3,0,CCOC[C@@H](Oc1cc(C[C@@H]2CS(=O)(=O)C[C@H](NCc3cccc(C(C)(C)C)c3)[C@H]2O)cc(F)c1N)C(F)(F)F,8.6989698
4,0,CCOC[C@H](Oc1cc(CC2CS(=O)(=O)CC(NCc3cccc(C(C)(C)C)c3)C2O)cc(F)c1N)C(F)(F)F,7.4948502
5,0,CCc1cn2c3c(cc(C(=O)N[C@@H](Cc4ccccc4)[C@H](O)CNCc4cccc(C(F)(F)F)c4)cc13)N(C)S(=O)(=O)CC2,8.6989698
6,0,CC(C)(C)c1cccc(CN[C@H]2CS(=O)C[C@@H](Cc3cc(F)c(N)c(OC(C(F)(F)F)C(F)(F)F)c3)[C@@H]2O)c1,8.6989698
7,0,CCCCCS(=O)(=O)C[C@@H](NC(=O)c1cccnc1)C(=O)N[C@@H](Cc1cc(F)cc(F)c1)[C@H](O)CNCc1cccc(CC)c1,8.6989698
8,0,CC#Cc1cncc(-c2cccc([C@@]3(c4cc(C)c(=O)n(CC)c4)N=C(N)c4c(F)cccc43)c2)c1,8.6126099
9,0,CCc1ccc2c(c1)[C@@H](NC[C@@H](O)[C@@H]1Cc3cccc(c3)CCCCn3cc(ccc3=O)C(=O)N1)CC1(CCC1)O2,8.6020603
10,0,CC(C)c1cccc(CNC[C@@H](O)[C@H](Cc2ccccc2)NC(=O)[C@@H]2CCC[C@H](C(C)(C)N3CCCCC3=O)C2)c1,8.6020603
11,0,CCCN(CCC)C(=O)c1cc(C)cc(C(=O)N[C@@H](Cc2cc(F)cc(F)c2)[C@H](O)[C@H]2C[C@@H](Oc3ccccc3)CN2)c1,8.5228786
12,0,CCCN(CCC)C(=O)c1cc(C)cc(C(=O)N[C@@H](Cc2cc(F)cc(F)c2)[C@H](O)[C@@H]2NCCN(Cc3ccccc3)C2=O)c1,8.5228786
13,0,CCNc1cc(C(=O)N[C@@H](Cc2ccccc2)[C@H](O)CNCc2cccc(C(F)(F)F)c2)cc(N2CCCCS2(=O)=O)c1,8.5228786
14,0,CCNc1cc(C(=O)N[C@@H](Cc2ccccc2)[C@H](O)CN[C@@H](C)C(=O)NC2CCCCC2)cc(N(c2ccccc2)S(C)(=O)=O)c1,8.5228786
15,0,COC[C@@H](Oc1cc(C[C@@H]2CS(=O)C[C@H](NCc3cccc(C(C)(C)C)c3)[C@H]2O)cc(F)c1N)C(F)(F)F,8.3979397
16,0,COCC(Oc1cc(CC2CS(=O)CC(NCc3cccc(C(C)(C)O)c3)C2O)cc(F)c1N)C(F)(F)F,7.8860564
17,0,COCC(Oc1cc(CC2CS(=O)CC(NCc3cc(C(C)(C)C)ccn3)C2O)cc(F)c1N)C(F)(F)F,6.6458917
18,0,CCCN(CCC)C(=O)c1cc(C)cc(C(=O)N[C@@H](Cc2cc(F)cc(F)c2)[C@H](O)CNCc2cccc(OC)c2)c1,8.3979397
19,0,CCCN(CCC)C(=O)c1cc(C)cc(C(=O)N[C@@H](Cc2cc(F)cc(F)c2)[C@@H](O)CNCc2cccc(OC)c2)c1,5.3665314
20,0,CCCN(CCC)C(=O)c1cc(C)cc(C(=O)NC(Cc2cc(F)cc(F)c2)[C@@H](O)CNCc2cccc(OC)c2)c1,7.6989698
21,0,CCCN(CCC)C(=O)c1cc(C)cc(C(=O)N[C@@H](Cc2cc(F)cc(F)c2)[C@H](O)[C@H]2C[C@@H](OCc3ccccc3)CN2)c1,8.3010302
22,0,CCCN(CCC)C(=O)c1cc(C)cc(C(=O)N[C@@H](Cc2cc(F)cc(F)c2)[C@H](O)CNCc2cccc(I)c2)c1,8.3010302
23,0,CCCN(CCC)C(=O)c1cc(C)cc(C(=O)N[C@@H](Cc2cc(F)cc(F)c2)[C@H](O)[C@@H]2NCN(Cc3ccccc3)C2=O)c1,8.3010302
24,0,CCCN(CCC)C(=O)c1cc(C)cc(C(=O)N[C@@H](Cc2cc(F)cc(F)c2)[C@H](O)[C@H]2CN(S(=O)(=O)c3ccccc3)CCN2)c1,8.3010302
25,0,CC(=O)N[C@@H](Cc1ccc(F)cc1)[C@H](O)CN[C@H]1CC2(CCC2)Oc2ncc(CC(C)(C)C)cc21,8.3010302
26,0,CC(=O)NC(Cc1ccc(Cl)cc1)C(O)CNC1CC2(CCC2)Oc2ncc(CC(C)(C)C)cc21,8.0809221
27,0,CC[C@H](C)[C@@]1(NC(C)=O)CCN([C@@H](CCc2ccccc2)C(=O)N[C@@H](Cc2ccccc2)[C@H](O)CNCc2cccc(OC)c2)C1=O,8.3010302
28,0,CO[C@H](C)C(=O)N[C@@H](Cc1cccc(-c2nccs2)c1)[C@H](O)CN[C@H]1CC2(CCC2)Oc2ncc(CC(C)(C)C)cc21,8.2596369
29,0,CO[C@@H](C)C(=O)NC(Cc1cccc(-c2nccs2)c1)C(O)CNC1CC2(CCC2)Oc2ncc(CC(C)(C)C)cc21,8.1426678
30,0,CC(C)[C@H](NC(=O)[C@H](C)C[C@H](O)[C@H](COCc1cc(F)cc(F)c1)NC(=O)c1cc(C(=O)N[C@H](C)c2ccccc2)cc(N(C)S(C)(=O)=O)c1)C(=O)NCc1ccccc1,8.1804562
31,0,CCCN(CCC)C(=O)c1cc(C)cc(C(=O)N[C@@H](Cc2cc(F)cc(F)c2)[C@H](O)[C@H]2C[C@@H](OCC)CCN2)c1,8.1549015
32,0,CC(C)CNC(=O)[C@H](C)NC[C@H](Cc1ccccc1)NC(=O)c1cc(C(=O)N[C@H](C)c2ccc(F)cc2)cc(N(C)S(C)(=O)=O)c1,8.0969095
33,0,CCC[C@H]1SC=C(c2cn[nH]c2)[C@H]1C[C@H](NC1=NC(C)(C)Cc2cc(Cl)ccc21)C(=O)O,8.0969095
34,0,CCCc1scc(-c2cn[nH]c2)c1CC(NC1=NC(C)(C)Cc2cc(Cl)ccc21)C(=O)O,8.0969095
35,0,CC(C)COc1ccc2c(c1)[C@]1(COC(N)=N1)c1cc(-c3cncnc3)ccc1O2,8.0969095
36,0,CC(=O)N[C@]1(CC(C)C)CCN([C@@H](CCc2ccccc2)C(=O)N[C@@H](Cc2cc(F)cc(F)c2)[C@H](O)[C@H]2Cc3ccccc3CN2)C1=O,8.0969095
37,0,CC(=O)N[C@@H](Cc1ccccc1)[C@H](O)CN[C@H]1CC(C)(C)Oc2sc(CC(C)(C)C)cc21,8.0705814
38,0,CC(=O)N[C@@H](Cc1ccccc1)[C@H](O)CN[C@H]1CC(C)(C)Cc2nn(CC(C)(C)C)cc21,7.3565474
39,0,CCCCNC(=O)[C@@H](NC(=O)[C@@H]1CC(=O)C[C@H]1[C@H](O)[C@H](CC(C)C)NC(=O)[C@H](CCSC)NC(=O)[C@H](CC(C)C)NC(C)=O)C(C)C,8.0
40,0,CCCC[C@H](N)[C@H](Cc1ccsc1)NC(=O)c1cc(NC[C@H]2C[C@@H]2C)nc(N(C)S(C)(=O)=O)c1,7.9586072
41,0,CCCN(CCC)C(=O)c1cc(C(N)=O)cc(C(=O)N[C@@H](Cc2cc(F)cc(F)c2)[C@H](O)CNCc2cccc(OC)c2)c1,7.9586072
42,0,CCCN(CCC)C(=O)c1cc(C(=O)NC(Cc2cc(F)cc(F)c2)C(O)CNCc2cccc(OC)c2)cc(C(C)O)c1,8.6989698
43,0,CCCN(CCC)C(=O)c1cc(C(C)=O)cc(C(=O)NC(Cc2cc(F)cc(F)c2)C(O)CNCc2cccc(OC)c2)c1,8.3979397
44,0,CCCN(CCC)C(=O)c1cc(C(=O)NC(Cc2cc(F)cc(F)c2)C(O)CNCc2cccc(OC)c2)cc(C(C)N)c1,6.9100947
45,0,CCC[C@H](Cc1cc2cc(-c3ccccc3C)ccc2nc1N)C(=O)NCC1CCCCC1,7.9586072
46,0,C[C@@H](NC(=O)c1cc(-c2nnc([C@](C)(N)Cc3ccccc3)o2)cc(N(C)S(C)(=O)=O)c1)c1ccc(F)cc1,7.9208188
47,0,CC(NC(=O)c1cc(-c2ncc(C(C)(N)Cc3ccccc3)o2)cc(N(C)S(C)(=O)=O)c1)c1ccc(F)cc1,8.1549015
48,0,CC(NC(=O)c1cc(-c2ccc(C(C)(N)Cc3ccccc3)o2)cc(N(C)S(C)(=O)=O)c1)c1ccc(F)cc1,7.6989698
49,0,COc1c(C)cc([C@@]2(c3cccc(-c4cncnc4)c3)N=C(C)C(N)=N2)cc1C,7.9208188
50,0,CC(=O)N[C@@H](Cc1cc(F)cc(F)c1)[C@H](O)CN[C@@]1(c2cccc(C(C)(C)C)c2)CCc2n[nH]cc2C1,7.9208188
51,0,C[C@@]1(c2cc(NC(=O)c3ccc(C#N)cn3)ccc2F)C[C@@H](C(F)(F)F)OC(N)=N1,7.9208188
52,0,C[C@@]1(c2cc(NC(=O)c3ccc(C#N)cn3)ccc2F)C[C@H](C(F)(F)F)OC(N)=N1,6.1101384
53,0,CCNc1cc(C(=O)N[C@@H](Cc2ccccc2)[C@H](O)CN[C@@H](C)C(=O)NC2CCCCC2)cc(N2CCCC2=O)c1,7.8860564
54,0,C[C@]1(c2cc(NC(=O)c3ccc(C#N)cn3)ccc2F)N=C(N)O[C@H](C(F)(F)F)[C@@H]1F,7.8860564
55,0,C[C@]1(c2cc(NC(=O)c3ccc(C#N)cn3)ccc2F)N=C(N)O[C@@H](C(F)(F)F)[C@@H]1F,7.3979402
56,0,C/C=C\C=C\C[C@H]1CCN[C@@H]([C@@H](O)[C@H](Cc2cc(F)cc(F)c2)NC(=O)c2cc(C)cc(C(=O)N(CCC)CCC)c2)C1,7.8538718
57,0,CN1C(=O)[C@@](c2ccc(OC(F)F)cc2)(c2ccc(F)c(C#CCCCF)c2)N=C1N,7.8538718
58,0,CN1C(=O)[C@@](c2ccc(OC(F)F)cc2)(c2ccc(F)c(OCCCCF)c2)N=C1N,7.0
59,0,C[C@@H](NC(=O)c1cc(C(=O)N[C@@H](Cc2ccccc2)[C@H](O)CNC2CC2)cc(N(C)S(C)(=O)=O)c1)c1ccccc1,7.8239088
60,0,C[C@H](NC[C@@H](O)[C@H](Cc1ccccc1)NC(=O)c1cccc(N(c2ccccc2)S(C)(=O)=O)c1)C(=O)NC1CCCCC1,7.8239088
61,0,CC(NCC(O)C(Cc1ccccc1)NC(=O)c1cccc(N(C2CCCCC2)S(C)(=O)=O)c1)C(=O)NC1CCCCC1,6.5228786
62,0,CO[C@H](C)C(=O)N[C@@H](Cc1ccc2c(c1)OCO2)[C@H](O)CN[C@H]1CC2(CCC2)Oc2ncc(CC(C)(C)C)cc21,7.7746906
63,0,COCc1cc2cc(c1)C(=O)N[C@H]([C@H](O)CNC1(c3cccc(C(C)C)c3)CC1)Cc1cccc(c1)OCCCCN2,7.7695513
64,0,COCc1cc2cc(n1)OCCCCOc1cccc(c1)CC(C(O)CNC1(c3cccc(C(C)C)c3)CC1)NC2=O,8.0457573
65,0,CCc1ccc2c(c1)[C@@H](NC[C@@H](O)[C@@H]1Cc3cccc(c3)CCCCCCC(=O)N1)CC1(CCC1)O2,7.7695513
66,0,CCCCN(C)C(=O)n1cc(C(=O)N[C@@H](Cc2cc(F)cc(F)c2)[C@H](O)CNCc2cccc(OC)c2)c2cc(C#N)ccc21,7.7447276
67,0,N#Cc1ccc(C(=O)Nc2ccc(F)c([C@]3(CF)C[C@@H](C(F)(F)F)OC(N)=N3)c2)nc1,7.7212462
68,0,CCNc1cc(C(=O)N[C@@H](Cc2ccccc2)[C@H](O)CNCc2cccc(OC)c2)cc2c1CCCS(=O)(=O)N2C,7.7212462
69,0,CN1C(=O)[C@@](c2ccc(OC(F)(F)F)cc2)(c2ccc(F)c(-c3cncnc3)c2)N=C1N,7.6989698
70,0,CN1C(=O)[C@@](c2ccncc2)(c2cccc(-c3cc(F)ccc3F)c2)N=C1N,7.6989698
71,0,CCn1ccc2c(N3CCCC3=O)cc(C(=O)N[C@@H](CC3=CC=CCC3)[C@H](O)CNCc3cccc(OC)c3)cc21,7.6382723
72,0,C[C@]1(c2cc(NC(=O)c3ccc(C#N)cn3)ccc2F)N=C(N)OCC1(F)F,7.6382723
73,0,COc1cnc(C(=O)Nc2ccc(F)c(C3(C)N=C(N)OCC3(F)F)c2)cn1,7.5686364
74,0,C#Cc1ccc(C(=O)Nc2ccc(F)c(C3(C)N=C(N)OCC3(F)F)c2)nc1,7.4948502
75,0,COc1ccc(C(=O)Nc2ccc(F)c(C3(C)N=C(N)OCC3(F)F)c2)nc1,7.2924299
76,0,CN1C(=O)[C@]2(CC(C)(C)Oc3ccc(-c4cccc(Cl)c4)cc32)N=C1N,7.6197886
77,0,CN1C(=O)C2(CC(C)(C)Oc3ccc(-c4cncc(Cl)c4)cc32)N=C1N,7.7212462
78,0,CN1C(=O)C2(CC(C)(C)Sc3ccc(-c4cncc(Cl)c4)cc32)N=C1N,7.6575775
79,0,CN1C(=O)C2(CC(C)(C)Cc3ccc(-c4cncc(Cl)c4)cc32)N=C1N,7.5228786
80,0,CN1C(=O)C2(CC(C)(C)Oc3ccc(-c4cccc(F)c4)cc32)N=C1N,7.004365
81,0,CN1C(=O)C2(CC(C)(C)Oc3ccc(-c4cncc(F)c4)cc32)N=C1N,6.8386321
82,0,CCN1CCN2CCS(=O)(=O)N(C)c3cc(C(=O)N[C@@H](Cc4ccccc4)[C@H](O)CNCc4cccc(OC)c4)cc1c32,7.5850267
83,0,CCC[C@H]1CN(Cc2ccc(CN3C(=N)N[C@](CCC4CCCCC4)(CC4CCCCC4)C3=O)cc2)C(=O)N1,7.5686364
84,0,C[C@@]1(N)Cc2cccc(c2)CC[C@H](c2ccccc2)NC(=O)c2cc(cc(-c3ccccc3C#N)c2)COC1=O,7.5686364
85,0,C[C@@H](NC(=O)c1cc(COC(=O)[C@](C)(N)Cc2ccccc2)cc(N(C)S(C)(=O)=O)c1)c1ccc(F)cc1,7.5686364
86,0,CC(C)c1cccc(CNC[C@@H](O)[C@@H]2C[C@H](C)CCCCCCCCC(=O)N(C)[C@@H](C)C(=O)N2)c1,7.5686364
87,0,C[C@]1(c2cc(NC(=O)c3ccc(C#N)cn3)ccc2F)N=C(N)OC[C@@H]1F,7.5528421
88,0,C[C@]1(c2cc(NC(=O)c3ccc(C#N)cn3)ccc2F)N=C(N)OC[C@H]1F,6.3615108
89,0,CCc1cc([C@]2(c3cccc(-c4cncnc4)c3)N=C(N)N(C)C2=O)cc(CC)n1,7.5228786
90,0,CCNc1cc(C(=O)N[C@@H](Cc2ccccc2)[C@H](O)CNC(C)(C)CCCC(C)C)cc(N2CCCC2=O)c1,7.4814858
91,0,CCc1ccc2c(c1)[C@@H](NC[C@@H](O)[C@@H]1Cc3cccc(c3)CCCCCCCC(=O)N1)CC1(CCC1)O2,7.4436975
92,0,CC(C)[C@H](NC(=O)C[C@H](O)[C@H](COc1cc(F)cc(F)c1)NC(=O)c1cc(C(=O)N[C@H](C)c2ccccc2)cc(N(C)S(C)(=O)=O)c1)C(=O)Nc1cc(C(=O)O)cc(C(=O)O)c1,7.4317985
93,0,CC(C)C[C@H](NC(=O)[C@H](CC(N)=O)NC(=O)[C@@H](NC(=O)[C@@H](N)CCC(=O)O)C(C)C)[C@@H](O)[C@@H]1CCC[C@H]1C(=O)N[C@@H](C)C(=O)O,7.4089355
94,0,CCNc1cc(C(=O)N[C@@H](Cc2ccccc2)[C@H](O)CNCc2cccc(C(F)(F)F)c2)cc(N2CCCC2=O)c1,7.3979402
95,0,COc1ccc([C@]2(c3cccc(-c4cccnc4)c3)N=C(N)N(C)C2=O)cc1C,7.3979402
96,0,COc1ccc(C2(c3cccc(-c4cncnc4)c3)N=C(N)N(C)C2=O)cc1C,7.5228786
97,0,COc1ccc(C2(c3cccc(-c4cccnc4)c3)N=C(N)N(C)C2=O)cc1Cl,7.4436975
98,0,COc1ccc(C2(c3cccc(-c4cccnc4)c3)N=C(N)N(C)C2=O)cc1F,7.3010302
99,0,COc1cccc(-c2cccc([C@@]3(c4ccncc4)N=C(N)N4CC(F)(F)CN=C43)c2)c1F,7.3899999
100,0,CC(=O)Nc1c(Cl)cc(CNC(=N)NC(=O)Cn2ccc3ccc(C#N)cc32)cc1Cl,7.3565474
101,0,COc1ccc2ccn(CC(=O)NC(=N)NCc3cc(Cl)c(NC(C)=O)c(Cl)c3)c2c1,6.6497521
102,0,CC(=O)N[C@@H](Cc1cc(F)cc(F)c1)[C@H](O)CNC1(c2cccc(C(C)(C)C)c2)CCCCC1,7.3279023
103,0,CC(=O)NC(Cc1cc(F)cc(F)c1)C(O)CNC1(c2cccc(C(C)(C)C)c2)CCOCC1,7.2146702
104,0,CN1C(=O)[C@]2(CC(C)(C)Cc3ccc(-c4cncnc4)cc32)N=C1N,7.318759
105,0,CN1C(=O)C2(CC(C)(C)Sc3ccc(-c4cncnc4)cc32)N=C1N,7.318759
106,0,CN1C(=O)C2(CC(C)(C)Oc3ccc(-c4cccnc4)cc32)N=C1N,6.9469213
107,0,CN1C(=O)C2(CC(C)(C)Oc3ccc(-c4cncnc4)cc32)N=C1N,6.821023
108,0,CN1C(=O)C2(CC(C)(C)Oc3ccc(C4CCCCC4)cc32)N=C1N,6.5559554
109,0,CN1C(=O)C2(CC(C)(C)Oc3ccc(-c4ccccc4)cc32)N=C1N,6.3419886
110,0,COC(=O)[C@H]1CCCN1C(=O)[C@@H](Cc1ccccc1)N(C)C(=O)[C@H](C)NC(=O)[C@H](CC(C)C)NC(=O)C[C@H](O)[C@H](Cc1ccccc1)NC(=O)[C@H](CCC(N)=O)N(C)C(=O)[C@@H](NC(=O)OC(C)(C)C)C(C)C,7.3115802
111,0,CC(C)(C)c1cccc(CN[C@H]2CS(=O)(=O)C[C@@H](Cc3cc(F)c(N)c(C[C@H](O)C(F)(F)F)c3)[C@@H]2O)c1,7.309804
112,0,C[C@@H](Oc1cc(CC2CS(=O)(=O)CC(NCc3cccc(C(C)(C)C)c3)C2O)cc(F)c1N)C(F)(F)F,8.5228786
113,0,N#Cc1ccc(C(=O)Nc2ccc(F)c([C@@]3(CF)N=C(N)OCC3(F)F)c2)nc1,7.309804
114,0,C[C@@]1(c2cc(NC(=O)c3ccc(C#N)cn3)ccc2F)CCOC(N)=N1,7.2923999
115,0,CCCCNC(=O)[C@H](C)C[C@H](O)[C@H](CC(C)C)NC(=O)[C@H](CCSC)NC(=O)[C@H](CC(C)C)NC(C)=O,7.2757239
116,0,N#Cc1ccc(C(=O)Nc2ccc(F)c([C@]3(C(F)F)CCOC(N)=N3)c2)nc1,7.2676063
117,0,CCCN1CCC[C@@]12CCN([C@@H](C)C(=O)N[C@@H](Cc1ccccc1)[C@H](O)CNCc1cccc(C(C)C)c1)C2=O,7.2596374
118,1,CC(C)(C)c1cccc(CN[C@H]2CS(=O)(=O)C[C@@H](Cc3ccc4[nH]cc(CC(F)F)c4c3)[C@@H]2O)c1,7.2596374
119,1,COC(=O)[C@@H]1CCCN1C(=O)[C@@H](Cc1ccccc1)N(C)C(=O)[C@H](C)NC(=O)[C@H](CC(C)C)NC(=O)C[C@H](O)[C@H](Cc1ccccc1)NC(=O)c1cc(C(=O)N[C@H](C)c2ccccc2)cc(N(C)S(C)(=O)=O)c1,7.2426038
120,1,CC(=O)N[C@@H](Cc1cc(F)cc(F)c1)[C@H](O)CNC1(c2cccc(-n3cccn3)c2)CCCCC1,7.2291479
121,1,CC(=O)NC(Cc1cc(F)cc(F)c1)C(O)CNC1(c2cccc(-c3ccsc3)c2)CCCCC1,7.3565474
122,1,CC(=O)NC(Cc1cc(F)cc(F)c1)C(O)CNC1(c2cccc(C3CCOC3)c2)CCCCC1,7.0555172
123,1,CC(=O)NC(Cc1cc(F)cc(F)c1)C(O)CNC1(c2cccc(-c3cscn3)c2)CCCCC1,6.9586072
124,1,CC(=O)N[C@@H](Cc1cc(F)cc(F)c1)[C@H](O)CNC1(c2cccc(-n3cccn3)c2)CCOCC1,6.9586072
125,1,CC(=O)NC(Cc1cc(F)cc(F)c1)C(O)CNC1(c2cccc(-c3ccoc3)c2)CCCCC1,6.9208188
126,1,CC(=O)NC(Cc1cc(F)cc(F)c1)C(O)CNC1(c2cccc(C3CCCO3)c2)CCCCC1,6.7447276
127,1,CC(=O)NC(Cc1cc(F)cc(F)c1)C(O)CNC1(c2cccc(-n3cccn3)c2)CCCOC1,6.5686364
128,1,CC(=O)N[C@@H](Cc1cc(F)cc(F)c1)[C@H](O)CNC1(c2cccc([C@H]3CCOC3)c2)CCOCC1,6.5376019
129,1,CC(=O)NC(Cc1cc(F)cc(F)c1)C(O)CNC1(c2cccc(-c3cccs3)c2)CCCCC1,6.4317985
130,1,CN1C(=O)[C@@](c2ccncc2)(c2cccc(-c3cccnc3)c2)N=C1N,7.221849
131,1,CN1C(=N)NC(c2ccccc2)(c2cccc(-c3cccnc3)c2)C1=O,6.2757239
132,1,CN1C(=O)C(c2ccncc2)(c2cccc(-c3cnccn3)c2)N=C1N,7.154902
133,1,CN1C(=O)C(c2ccncc2)(c2cccc(-c3ccccc3)c2)N=C1N,6.8860564
134,1,CN1C(=O)[C@@](c2ccsc2)(c2cccc(-c3cccnc3)c2)N=C1N,7.221849
135,1,CN1C(=O)C(c2ccsc2)(c2cccc(-c3cncnc3)c2)N=C1N,7.154902
136,1,CN1C(=O)C(c2ccsc2)(c2cccc(-c3cnccn3)c2)N=C1N,7.0457573
137,1,C[C@@H](NC(=O)c1cc(C(=O)N[C@@H](Cc2ccccc2)[C@H](O)[C@@H]2NC(C)(C)N(C)C2=O)cc(N(C)S(C)(=O)=O)c1)c1ccc(F)cc1,7.1487417
138,1,CC(C)C[C@H](NC(=O)C[C@H](O)[C@H](CC1CCCCC1)NC(=O)[C@H](CCC(N)=O)N(C)C(=O)[C@@H](NC(=O)[C@H](C)O)C(C)C)C(=O)N[C@@H](C)C(=O)N(C)[C@H](CC1CCCCC1)C(=O)O,7.1366773
139,1,Cc1ccccc1-c1ccc2nc(N)c(CCC(=O)NC3CCCCC3)cc2c1,7.1307683
140,1,O=C(N[C@@H](Cc1ccccc1)[C@H](O)CNCc1cccc(C(F)(F)F)c1)c1cc(N2CCCC2=O)c(=O)n(C2CCCC2)c1,7.1191864
141,1,N#Cc1ccc(C(=O)Nc2ccc(F)c([C@@]3(CF)N=C(N)OC[C@@H]3F)c2)nc1,7.1135092
142,1,COCC#Cc1cccc([C@@]2(c3ccc(OC(F)F)cc3)N=C(N)N3CC(F)(F)CN=C32)c1,7.1100001
143,1,Cc1cc2cc(c1)[C@@H](O)N[C@@H](c1ccccc1)C/C=C/COC[C@@H]([C@H](O)CNCc1cccc(C(C)C)c1)NC2=O,7.1079054
144,1,CC#Cc1cncc(-c2cccc([C@]3(C4CC4)N=C(C)C(N)=N3)c2)c1,7.1023731
145,1,CCn1cc([C@]2(c3cccc(-c4cncnc4)c3)N=C(N)N(C)C2=O)cn1,7.09691
146,1,CCc1cc(C2(c3cccc(-c4cncnc4)c3)N=C(N)N(C)C2=O)cs1,7.09691
147,1,CN1C(=O)[C@]2(CC(C)(C)Oc3ccc(-c4cccc(C#N)c4)cc32)N=C1N,7.0268722
148,1,CN1C(=O)C2(CC(C)(C)Cc3ccc(-c4cccc(C#N)c4)cc32)N=C1N,7.7447276
149,1,CN1C(=O)C2(CC(C)(C)Sc3ccc(-c4cccc(C#N)c4)cc32)N=C1N,7.3279023
150,1,COc1cccc(-c2ccc3c(c2)C2(CC(C)(C)O3)N=C(N)N(C)C2=O)c1,7.167491
151,1,CSc1cccc(-c2ccc3c(c2)C2(CC(C)(C)O3)N=C(N)N(C)C2=O)c1,6.4634414
152,1,CCCCN(CCCC)C(=O)n1cc(C(=O)N[C@@H](Cc2ccccc2)[C@H](O)CNCc2cccc(OC)c2)c2ccccc21,7.0268722
153,1,C[C@@]1(c2cc(NC(=O)c3ccc(Cl)cn3)ccc2F)C[C@@H]2C[C@@H]2C(N)=N1,7.0177288
154,1,CC1(c2cc(NC(=O)c3ccc(Cl)cn3)ccc2F)CC2CC2C(N)=N1,7.0177288
155,1,CN(c1cc(C(=O)N[C@@H](Cc2ccccc2)[C@H](O)CNC2CC2)cc(C(=O)c2ccccc2)c1)S(C)(=O)=O,7.0087738
156,1,CC(C)Oc1cc(CN2CC[C@@]3(C[C@@H]2C)CN(C)S(=O)(=O)N3c2cccc(F)c2)ccc1O,7.0
157,1,Nc1cccc(Cn2c(-c3ccc(Oc4cncnc4)cc3)ccc2-c2ccccc2Cl)n1,7.0
158,1,Nc1cccc(Cn2c(-c3ccc(Oc4cccnc4)cc3)ccc2-c2ccccc2Cl)n1,6.3872161
159,1,Nc1cccc(Cn2c(-c3ccc(Oc4cccnn4)cc3)ccc2-c2ccccc2Cl)n1,6.3872161
160,1,Nc1cccc(Cn2c(-c3ccc(Oc4cnccn4)cc3)ccc2-c2ccccc2Cl)n1,6.3372421
161,1,CCCC(CCC)S(=O)(=O)C[C@@H](NC(=O)OCc1ccccc1)C(=O)N[C@@H](Cc1ccccc1)[C@H](O)CNCc1cccc(OC)c1,6.9507818
162,1,CCCN(CCC)C(=O)c1cc(C)cc(C(=O)N[C@@H](Cc2cc(F)cc(F)c2)[C@H](O)[C@H]2CN(Cc3ccccc3)CCN2)c1,6.9208188
163,1,COC(=O)[C@@H]1CCCN1C(=O)[C@@H](CC1CCCCC1)N(C)C(=O)[C@H](C)NC(=O)[C@H](CC(C)C)NC(=O)C[C@H](O)[C@H](CC1CCCCC1)NC(=O)[C@@H]1C[C@H](NS(C)(=O)=O)C[C@@H](C(=O)N[C@H](C)C2CCCCC2)C1,6.8927898
164,1,CC(C)(C)c1cccc(CN[C@H]2CS(=O)(=O)C[C@@H](Cc3cc(F)c4c(c3)C3(CCC(F)(F)CC3)CN4)[C@@H]2O)c1,6.8538718
165,1,O=C([C@@H]1CNC[C@]12CCCc1ccccc12)N1CC[C@@H](c2ccccc2)C[C@H]1c1ccccc1,6.8239088
166,1,CCCN1C(=O)OC[C@@H]1Cc1cc(C[C@@H]2CS(=O)(=O)C[C@H](NCc3cccc(C(C)C)c3)[C@H]2O)ccc1O,6.8239088
167,1,CCCCNC(=O)[C@@H](NC(=O)[C@H](C)C[C@H](O)[C@@H]1CSC/C=C/CSC[C@H](NC(=O)OC(C)(C)C)C(=O)N[C@@H](C)C(=O)N1)C(C)C,6.8068752
168,1,COc1ccc([C@]2(C34CC5CC(CC(C5)C3)C4)N=C(N)N(C)C2=O)cc1C,6.7695513
169,1,CC1(C)Cc2cc(Cl)ccc2C(N[C@@H](Cc2ccccc2)c2nc3ccncc3c(=O)[nH]2)=N1,6.7695513
170,1,CC1(C)Cc2cc(Cl)ccc2C(NC(Cc2ccccc2)c2nc3ccncc3c(=O)[nH]2)=N1,6.7695513
171,1,CCNc1cc(C(=O)N[C@@H](Cc2ccccc2)[C@H](O)CNC2CCCCC2)cc(N2CCCC2=O)c1,6.7447276
172,1,CCOc1ccc(C(=O)Nc2ccc(F)c([C@@]3(C)N=C(N)OCC3(F)F)c2)nc1,6.7351823
173,1,COC(=O)[C@@H]1CCCN1C(=O)[C@@H](CC1CCCCC1)N(C)C(=O)[C@H](C)NC(=O)[C@H](CC(C)C)NC(=O)C[C@H](O)[C@H](CC1CCCCC1)NC(=O)[C@H](CCC(N)=O)N(C)C(=O)[C@@H](NC(=O)[C@H](C)O)C(C)C,6.7235384
174,1,CCCCNC(=O)[C@H](C)C[C@H](O)[C@@H]1CSC/C=C/CS[C@H]2CCCN[C@H]2C(=O)N[C@@H](C)C(=O)N1,6.7212462
175,1,CCCN(CCC)C(=O)c1cccc(C(=O)N[C@@H](Cc2ccccc2)[C@H](O)CNCc2cccc(OC)c2)c1,6.7212462
176,1,CC(C)C[C@H](NC(=O)[C@@H](NC(=O)[C@@H](N)CNC(=O)c1nnn[nH]1)C(C)C)C(=O)NC[C@](O)(CCc1ccccc1)C(=O)Nc1cccc(C(=O)O)c1,6.7212462
177,1,NC1=N[C@](c2ccnc(C(F)(F)F)c2)(c2ccc(F)c(-c3cncnc3)c2)c2cccc(F)c21,6.7033348
178,1,COc1cccc(-c2cccc(CC[C@]3(C)CC(=O)N(C)C(N)=N3)c2)c1,6.6989698
179,1,C[C@@H](NC(=O)c1cc(C(=O)OC[C@@](N)(CO)Cc2ccccc2)cc(N(C)S(C)(=O)=O)c1)c1ccc(F)cc1,6.6989698
180,1,CCc1ccnc2c(N3CCCC3=O)cc(C(=O)N[C@@H](Cc3ccccc3)[C@H](O)CNCc3cccc(C(F)(F)F)c3)cc12,6.6777806
181,1,COc1ccc2c(c1)[C@]1(COC(N)=N1)c1cc(-c3cc(Cl)ccc3F)ccc1O2,6.5528421
182,1,CC1(C)Cc2cc(Cl)ccc2C(N[C@@H](Cc2cscc2Br)C(=O)O)=N1,6.5086384
183,1,CC1(C)Cc2cc(Cl)ccc2C(NC(Cc2cscc2Br)C(=O)O)=N1,6.5086384
184,1,CN1CC(N)=N[C@](C)(c2cccc(NC(=O)c3ccc(Cl)cn3)c2)C1=O,6.4894552
185,1,COc1cccc(-c2cccc([C@]3(C)CC(=O)N(C)C(N)=N3)c2)c1,6.4202166
186,1,COc1cccc(-c2cccc(C3(C)CC(=O)N(C)C(N)=N3)c2)c1,6.5686364
187,1,CC(C)c1cccc(CNC[C@@H](O)[C@@H]2COC/C=C/C[C@@H](c3ccccc3)NC(=O)c3cc(cc(N(C)S(C)(=O)=O)c3)C(=O)N2)c1,6.3979402
188,1,CC(C)c1cccc(CNCC(O)C2COC/C=C/C[C@H](c3ccccc3)NC(=O)c3cc(cc(N(C)S(C)(=O)=O)c3)C(=O)N2)c1,8.4948502
189,1,N#CCCCOc1ccc(-c2ccc(-c3ccccc3Cl)n2Cc2cccc(N)n2)cc1,6.3767509
190,1,CC1(C)Cc2cc(Cl)ccc2C(N[C@@H](Cc2cscc2-c2cn[nH]c2)C(=O)O)=N1,6.3467875
191,1,CC1(C)Cc2cc(Cl)ccc2C(NC(Cc2cscc2-c2cn[nH]c2)C(=O)O)=N1,6.3467875
192,1,CC1(C)Cc2cc(Cl)ccc2C(N[C@@H](Cc2ccccc2)c2ncc(C#N)c(=O)[nH]2)=N1,6.3279023
193,1,CC1(C)Cc2cc(Cl)ccc2C(NC(Cc2ccccc2)c2ncc(C#N)c(=O)[nH]2)=N1,6.3279023
194,1,CC(=O)N[C@@H](Cc1cc(F)cc(F)c1)[C@H](O)CNC1(c2cc(CC(C)(C)C)cs2)CC1,6.3279023
195,1,CC(=O)NC(Cc1cc(F)cc(F)c1)C(O)CNC1(c2cnn(CC(C)(C)C)c2)CC1,6.4609237
196,1,CC(=O)NC(Cc1cc(F)cc(F)c1)C(O)CNC1(c2cn(CC(C)(C)C)nn2)CC1,6.3467875
197,1,CCCCNC(=O)[C@H](C)C[C@H](O)[C@H](CC(C)C)NC(=O)[C@H](CCSC)NC(=O)CCC(C)C,6.2291479
198,1,CCCOc1ccc(-c2csc(-c3ccccc3Cl)c2CC(=O)NC(=N)N)cc1,6.2291479
199,1,CCCCNC(=O)[C@H](C)C[C@H](O)[C@@H]1C[C@H](C)CCCCCCCC(=O)N[C@@H](C)C(=O)N1,6.2291479
200,1,N=C(N)NC(=O)Cn1c(-c2ccccc2)ccc1-c1ccc(NC(=O)c2cccc(Br)c2)cc1,6.221849
201,1,CCCOc1cc(C(=O)N[C@@H](Cc2ccccc2)[C@H](O)CN[C@@H](C)C(=O)NC2CCCCC2)cc(N2CCCC2=O)c1,6.2182446
202,1,CN1C(=N)N[C@](CCC2CCCCC2)(CC2CCCCC2)C1=O,6.2182446
203,1,CCCc1cscc1C[C@H](NC1=NC(C)(C)Cc2cc(Cl)ccc21)C(=O)O,6.2146702
204,1,COc1ccc([C@]2(c3cccc(-c4cncnc4)c3)N=C(N)c3nc(C)sc32)cc1,6.2006593
205,1,COc1ccc(C2(c3cccc(-c4cncnc4)c3)N=C(N)n3nc(C)cc32)cc1,6.4948502
206,1,CC(=O)c1ccc(Oc2ccc(-c3ccc(-c4ccccc4Cl)n3CC(=O)NC(=N)N)cc2)cc1,6.154902
207,1,CC1(C)Cc2cc(Cl)ccc2C(N[C@@H](Cc2ccccc2)c2noc(=O)[nH]2)=N1,6.124939
208,1,O=S1(=O)C[C@@H](Cc2ccc(O)c(Br)c2)[C@H](O)[C@@H](NCc2cccc(C3CC3)c2)C1,6.0222764
209,1,CC(=O)Nc1c(Cl)cc(C/N=C(\N)NC(=O)Cn2ccc3ccccc32)cc1Cl,5.9956784
210,1,CCCN(CCC)C(=O)c1cc(C)cc(C(=O)N[C@@H](Cc2cc(F)cc(F)c2)[C@H](O)[C@H]2CN(C(=O)c3ccccc3)CCN2)c1,5.939302
211,1,CC(F)(F)c1cccc(CN[C@H]2CS(=O)(=O)C[C@@H](Cc3cc(F)c(N)c(Br)c3)[C@@H]2O)c1,5.8632793
212,1,CC(C)(C)c1cccc(CNC2CS(=O)(=O)CC(Cc3cc(F)c(N)c(Br)c3)C2O)c1,7.2596374
213,1,CC(C)(C)c1cccc(CNC2CS(=O)(=O)CC(Cc3cc(O)c(N)c(F)c3)C2O)c1,6.9208188
214,1,C[C@@H](NC(=O)c1cc(OCC(=O)NCCCCCN)cc(OS(=O)(=O)Cc2ccccc2)c1)c1ccc(F)cc1,5.8538718
215,1,CN1C(=O)[C@@](c2ccccc2)(C23CC4CC(CC(C4)C2)C3)N=C1N,5.8153086
216,1,C[C@@H]1CCc2cccc(c2)C[C@@](C)(N)C(=O)OCc2cc(nc(N(C)S(C)(=O)=O)c2)CC1,5.7447276
217,1,CCCCCS(=O)(=O)c1cccc(C(=O)N[C@@H](Cc2ccccc2)[C@H](O)CN[C@@H](C)C(=O)NC2CCCCC2)c1,5.7447276
218,1,CC(C)Oc1cccc(CN2CC[C@@]3(C[C@@H]2C)CN(C)S(=O)(=O)N3c2cccc(F)c2)c1,5.6197886
219,1,CC(=O)Nc1ccc(CN2CCC3(CC2)C(NC2CCCCC2)=NC(=O)N3c2cccc(F)c2)cc1,5.5528421
220,1,COc1ccc([C@@]2(c3cccc(-c4cccnc4F)c3)COC(N)=N2)cc1,5.545155
221,1,COc1ccc([C@@]2(c3cccc(-c4cccnc4)c3)C[C@@H](OC)C(N)=N2)cc1,5.4948502
222,1,COc1ccc([C@H](Cc2cc([N+](=O)[O-])ccc2OC)c2c[nH]c(N)n2)cc1F,5.4948502
223,1,CCCCNC(=O)[C@H](C)C[C@H](O)[C@H](Cc1ccccc1)NC(=O)[C@@H]1CCC[C@H](C(C)(C)NC(C)=O)C1,5.4317985
224,1,N=C(N)NC(=O)Cn1c(-c2ccccc2)ccc1-c1ccccc1,5.4317985
225,1,O=C(O[C@H]1CCS(=O)(=O)c2ccc(Br)cc21)[C@H]1C[C@]2(CN1)C(=O)Nc1ccccc12,5.3979402
226,1,Nc1ncccc1NCc1cc(-c2ccc3cc[nH]c3c2)ccc1OCc1ccccn1,5.3767509
227,1,COc1cccc(-c2cccc([C@@H]3C[C@@H]3c3cc(=O)n(C)c(N)n3)c2)c1,5.3372421
228,1,N#Cc1ccc(COC(=O)[C@H]2C[C@]3(CN2)C(=O)Nc2ccccc23)cc1Br,5.2034259
229,1,C[C@]1(c2cccc(-c3cccc(Cl)c3)c2)N=C(N)CCO1,5.2006593
230,1,CC(C)C[C@@]1(C)NC(=N)N(Cc2ccc(CNC(=O)Nc3ccc(C#N)cc3)cc2)C1=O,5.154902
231,1,CC[C@@H](CC(=O)NCC1CCCCC1)n1c(N)nc2cc(Cl)ccc21,5.154902
232,1,COc1ccc([C@@]2(c3cccc(-c4cncnc4)c3)CCC(N)=N2)cc1,5.1023731
233,1,CC[C@@H](CC(=O)NC1C2CC3CC(C2)CC1C3)n1c(N)nc2cc(Cl)ccc21,5.0506101
234,1,Nc1ncccc1NCc1cccc(-c2ccc3cc[nH]c3c2)c1,5.0409584
235,1,NC1=N[C@@]2(c3cccc(-c4cncc(Cl)c4)c3)CCCC[C@H]2O1,4.9281178
236,1,N#Cc1ccc(COC(=O)[C@H]2C[C@]3(CN2)C(=O)Nc2ccccc23)cc1,4.91364
237,1,Cc1cccc(-c2ccc([C@@H]3C[C@@H]3c3cc(=O)n(C)c(N)n3)cc2)c1,4.767004
238,1,CN1C(=N)N[C@](C)([C@@H]2C[C@H]2c2ccccc2)CC1=O,4.7447276
239,1,O=C(O[C@H]1CCSc2ccc(Br)cc21)[C@H]1C[C@]2(CN1)C(=O)Nc1ccccc12,4.6458917
240,1,Cc1ccc(Nc2cc(-c3ccccc3)ncn2)cc1NS(C)(=O)=O,4.6197886
241,1,COc1cccc(-c2cccc(CCc3cccc(N)n3)c2)c1,4.6020598
242,1,N#CC1(OC(=O)[C@H]2C[C@]3(CN2)C(=O)Nc2ccccc23)CCCCC1,4.5951662
243,1,CN(C(=O)CCCn1c(N)nc2cc(Cl)ccc21)C1CCCCC1,4.5850267
244,1,CC1(C)Cc2ccccc2/C(=N/[C@@H](Cc2ccccc2)C(=O)O)N1,4.5654311
245,1,CN1C(=O)[C@]2(CC(C)(C)Oc3ccc(Br)cc32)N=C1N,4.4337983
246,1,NC1=NC(c2ccccc2)(c2ccccc2)C2=NCCCN12,4.4202166
247,1,COc1cncc(-c2cccc(CNc3cccnc3N)c2)c1,4.3979402
248,1,COc1ccc([C@]2(C)CCSC(N)=N2)cc1,4.3851027
249,1,CN1C(=O)C[C@@](C)(CCc2ccccc2)N=C1N,4.3829994
250,1,CCCCNC(=O)NCc1ccc(CN2C(=N)N[C@](C)(CC(C)C)C2=O)cc1,4.1079054
251,1,O=C(OCc1ccccc1)[C@H]1C[C@]2(CN1)C(=O)Nc1ccccc12,4.067019
252,1,Nc1cccc(CCc2ccc3cc[nH]c3c2)n1,4.0268722
253,1,NC1=N[C@@]2(c3cccc(-c4cncnc4)c3)CCOC[C@H]2O1,4.0030508
254,1,C[C@]1(c2cccc(-c3cccnc3)c2)N=C(N)C(c2ccccc2)=N1,4.0
255,1,Nc1ncccc1NCc1cccc(-c2cccnc2)c1,4.0
256,1,O=C(OC1CCOCC1)[C@H]1C[C@]2(CN1)C(=O)Nc1ccccc12,3.9430952
257,1,Nc1nc(CCc2ccc3cc[nH]c3c2)cc(=O)[nH]1,3.8860567
258,1,CCCCOc1ccc(CSC(=N)N)cc1Cl,3.6777806
259,1,CN(Cc1cccc(CCc2cccnc2N)c1)Cc1ccco1,3.6020601
260,1,Nc1ncccc1NCc1ccccc1,3.5086384
261,1,CC(C)C[C@@]1(C)NC(=N)N(Cc2cccc(Cl)c2)C1=O,3.3010299
262,1,Fc1ccc(CC2CCNCC2)cc1,3.3010299
263,1,Cn1c(N)nc([C@H]2C[C@H]2c2ccccc2)cc1=O,3.2083094
264,1,CC1(C)NC(=N)N(Cc2cccc(Cl)c2)C1=O,3.154902
265,1,Nc1nc2cc(Cl)ccc2n1CCCO,3.1135092
266,1,Nc1nc2ccccc2nc1N1CCCC1,3.0604808
267,1,Nc1ncccc1CCc1cccc(Cl)c1,3.0
268,1,Nc1nccc2ccccc12,3.0
269,1,Nc1ccc2ccccc2n1,3.0
270,1,Cc1ccc(C)c(OCC(O)CN2CCOCC2)c1,2.6989701
271,1,CCCc1cc(=O)[nH]c(N)n1,2.6989701
272,1,CC(C)CC(NC(=O)C(CC(N)=O)NC(=O)C(NC(=O)C(CCC(=O)O)NC(=O)C(CO)NC(=O)C(Cc1c[nH]c2ccccc12)NC(=O)C(N)Cc1c[nH]c2ccccc12)C(C)C)C(O)CC(C)C(=O)NC(C)C(=O)NC(CCC(=O)O)C(=O)NC(Cc1ccccc1)C(=O)O,10.522879
273,1,Cc1cc(C)n(COC(=O)NC(CS(C)(=O)=O)C(=O)NC(CC(C)C)C(O)CC(C)C(=O)NC(C(=O)NCC(C)C)C(C)C)n1,9.5228786
274,1,CC(C)CC(NC(=O)C(N)CCC(=O)O)C(=O)NC(CC(=O)O)C(=O)NC(CC(C)C)C(O)CC(C)C(=O)NC(C(=O)NC(CCC(=O)O)C(=O)NC(Cc1ccccc1)C(=O)O)C(C)C,9.5228786
275,1,COCC1CCCN1C(=O)c1cc(C)cc(C(=O)NC(Cc2cc(F)cc(F)c2)C(O)C2CC(Oc3ccccc3)CN2)c1,9.1549015
276,1,COCC1CCCN1C(=O)c1cc(C)cc(C(=O)NC(Cc2cc(F)cc(F)c2)C(O)C2CN(S(=O)(=O)c3cccc(C)c3)CCN2)c1,9.0
277,1,COC(CC(O)C(COc1cc(F)cc(F)c1)NC(=O)c1cc(C(=O)NC(C)c2ccccc2)cc(N(C)S(C)(=O)=O)c1)C(=O)NC(C(=O)NCc1ccccc1)C(C)C,9.0
278,1,CC(C)CC(NC(=O)C(CC(N)=O)NC(=O)C(NC(=O)C(N)CCC(=O)O)C(C)C)C(O)CC(C)C(=O)NC(C)C(=O)NC(CCC(=O)O)C(=O)NC(Cc1ccccc1)C(=O)O,9.0
279,1,COc1cccc(N2CC3C(=O)N(C)C(N)=NC3(c3cc(-c4cccc(C#N)c4)cs3)C2)n1,9.0
280,1,CC(C)CC(NC(=O)c1cc(C(=O)NC(C)c2ccccc2)cc(N(C)S(C)(=O)=O)c1)C(O)CC(C)C(=O)NC(C(=O)NC(C)C)C(C)C,8.9586077
281,1,CC#Cc1cncc(-c2cc(Cl)c(C3(C)CC(=O)N(C)C(=N)N3)s2)c1,8.7695513
282,1,COc1cccc(CNCC(O)C(Cc2ccccc2)NC(=O)c2cc(C(=O)NC(C)c3ccccc3)cc(N(C)S(C)(=O)=O)c2)c1,8.7447271
283,1,CN1C(=O)C2CN(C(=O)c3ccccc3)CC2(c2cc(-c3cccc(C#N)c3)cs2)N=C1N,8.5228786
284,1,COc1cccnc1N1CC2C(=O)N(C)C(N)=NC2(c2cc(-c3cccc(C#N)c3)cs2)C1,8.5228786
285,1,CN1C(=O)C2CN(c3ncccc3C#N)CC2(c2cc(-c3cccc(C#N)c3)cs2)N=C1N,8.2218485
286,1,COCCOC(CC(O)C(COc1cc(F)cc(F)c1)NC(=O)c1cc(C(=O)NC(C)c2ccccc2)cc(N(C)S(C)(=O)=O)c1)C(=O)NC(C(=O)NCc1ccccc1)C(C)C,8.5086384
287,1,CC#Cc1cncc(-c2cccc(C3(C4CC4)NC(=N)N(C)C3=O)c2)c1,8.2676058
288,1,CN(C(=O)CCN1Cc2cc(C(=O)c3ccccc3)ccc2N=C1N)C1CCCCC1,7.9586072
289,1,CCn1cc2c3c(cc(C(=O)NC(Cc4ccccc4)C(O)(O)CNC4CCOCC4)cc31)N(C)S(=O)(=O)CC2,7.8860564
290,1,COc1ccc(-c2nsc(C)c2C(=O)/N=C(/N)NCc2cc(C)c(NC(C)=O)c(Cl)c2)cc1,7.6989698
291,1,CC(C)CNC(=O)C(NCC(Cc1ccccc1)NC(=O)c1cc(C(=O)NC(C)c2ccccc2)cc(N(C)S(C)(=O)=O)c1)C(C)O,7.6020598
292,1,CC(C)CC(NC(=O)C1CC(=O)NCCCCCCOC(=O)NC(C(C)C)C(=O)N1)C(O)CC(C)C(=O)NC(C(=O)NCc1ccccc1)C(C)C,7.6003261
293,1,CCCN(CCC)C(=O)c1cccc(C(=O)NC(Cc2ccccc2)C(N)CC(C)C(=O)Nc2ccc(F)cc2)c1,7.5850267
294,1,NC1=NC(c2cccc(-c3cncnc3)c2)(c2ccnc(C(F)F)c2)c2cccc(F)c21,7.5833597
295,1,COc1ccc(-c2nsc(C)c2C(=O)/N=C(/N)NCc2cc(Cl)c(N)c(Cl)c2)cc1,7.3979402
296,1,CN1C(=O)CC(C)(c2cc(-c3cccc(C#N)c3)cs2)N=C1N,7.251812
297,1,CN1C(=N)NC(c2cccc(-c3cncc(Cl)c3)c2)(C2CC2)C1=O,7.2291479
298,1,CN1C(=O)C2CN(c3ccccc3)CC2(c2ccc(-c3ccc(F)c(C#N)c3)s2)N=C1N,7.0457573
299,1,COc1cccc(-c2cccc(C3(c4ccccc4)NC(=N)N(C)C3=O)c2)c1,6.7212462
300,1,COc1cccc(-c2cccc(C3(c4ccncc4)N=C(N)N(C)C3=O)c2)c1,7.5228786
301,1,CN1C(=O)C(c2ccncc2)(c2cccc(-c3cccc(C#N)c3)c2)N=C1N,7.3979402
302,1,COc1cccc(CN2CC(C(=O)NC(Cc3ccccc3)C(O)CNCc3cccc(N(C)C)c3)NC2=O)c1,6.3477535
303,1,CN(C(=O)CCC(C1CCCCC1)N1Cc2cc(Oc3ccccc3)ccc2N=C1N)C1CCCCC1,6.0457573
304,1,CN1C(=N)NC(c2ccccc2)(c2ccccc2)C1=O,5.4436975
305,1,CN(C)c1cccc(CNCC(O)C(Cc2ccccc2)NC(=O)C2(Cc3ccccc3)CN(Cc3ccccc3)C(=O)N2)c1,5.3009434
306,1,CC(C)(C)C#Cc1ccccc1-c1ccc2nc(N)ccc2c1,5.2146702
307,1,Nc1nc2ccccc2cc1CCC(=O)NCC1CCCCC1,4.8477116
308,1,CN(C(=O)CCc1cc2ccccc2nc1N)C1CCCCC1,4.415669
309,1,Nc1ccc2cc(-c3ccsc3)ccc2n1,4.4111681
310,1,COc1cc(Cl)cc(CN2CCC(NC(=O)COc3ccc(S(N)(=O)=O)cc3C)CC2)c1OC(C)C,4.1307683
311,1,COc1cc(Cl)cc(CN2CCC(NC(=O)COc3ccc(S(N)(=O)=O)cc3)CC2)c1OC(C)C,3.769551
312,1,NCCc1ccc(O)c(C2CCCCC2)c1,3.6575773
313,1,CCc1cc(CCN)ccc1O,3.1804562
314,1,CC(N)Cc1ccc(O)cc1,3.09691
315,1,NCCc1ccc(O)cc1,2.6989701
316,1,Cc1ccccc1-c1ccc2nc(N)c(CC(C)C(=O)NCCC(C)(C)C)cc2c1,9.1870871
317,1,CC(Cc1cc2cc(-c3ncccc3Cl)ccc2nc1N)C(=O)NCCC(C)(C)C,7.9586072
318,1,Cc1cccnc1-c1ccc2nc(N)c(CC(C)C(=O)NCCC(C)(C)C)cc2c1,7.7958798
319,1,CCC(C)C1(NC(C)=O)CCN(C(CCc2ccccc2)C(=O)NC(Cc2cc(F)cc(F)c2)C(O)C2CC(O)CN2)C1=O,9.0506096
320,1,CCC(C)C1(NC(C)=O)CCN(C(CCc2ccccc2)C(=O)NC(Cc2cc(F)cc(F)c2)C(O)C2CC(N)CN2)C1=O,7.4685211
321,1,CC(=O)NC(Cc1ccc(C)c(F)c1)C(O)CNC1CC2(CCC2)Oc2ncc(CC(C)(C)C)cc21,9.004365
322,1,CC(=O)NC(Cc1ccc(F)c(F)c1)C(O)CNC1CC2(CCC2)Oc2ncc(CC(C)(C)C)cc21,8.6989698
323,1,CC(=O)NC(Cc1ccc(F)c(C)c1)C(O)CNC1CC2(CCC2)Oc2ncc(CC(C)(C)C)cc21,8.3979397
324,1,CC(=O)NC(Cc1cccc(F)c1)C(O)CNC1CC2(CCC2)Oc2ncc(CC(C)(C)C)cc21,9.0
325,1,CCCN(CCC)C(=O)c1cc(C(=O)NC(Cc2cc(F)cc(F)c2)C(O)CNCc2cccc(OC)c2)cc(/C(C)=N\OC)c1,9.0
326,1,CCCS(=O)(=O)N(C)c1cc2cc(c1)C(=O)NC(C(O)CNCc1cccc(C(C)C)c1)Cc1cccc(c1)OCCCCN2,9.0
327,1,CC(C)c1cccc(C2(NCC(O)C3Cc4cccc(c4)OCCCCOc4cc(cc(N5CCCC5=O)c4)C(=O)N3)CC2)c1,9.0
328,1,CCC(C)C1(NC(C)=O)CCN(C(CCc2ccccc2)C(=O)NC(Cc2cc(F)cc(F)c2)C(O)C2CC(OCc3cccnc3)CN2)C1=O,8.8538723
329,1,CCC(C)C1(NC(C)=O)CCN(C(CCc2ccccc2)C(=O)NC(Cc2cc(F)cc(F)c2)C(O)C2CC(OCc3ccccn3)CN2)C1=O,8.8239088
330,1,COCC(=O)NC(Cc1cc(F)cc(-c2nccs2)c1)C(O)CNC1CC2(CCC2)Oc2ncc(CC(C)(C)C)cc21,8.7212467
331,1,C#Cc1cc(F)cc(CC(NC(=O)COC)C(O)CNC2CC3(CCC3)Oc3ncc(CC(C)(C)C)cc32)c1,8.7212467
332,1,CCCS(=O)(=O)N(C)c1cc2cc(c1)C(=O)NC(C(O)CNC1(c3cccc(C(C)C)c3)CC1)Cc1cccc(c1)OCCCCN2,8.6989698
333,1,CC(C)(C)c1cccc(CNC2CS(=O)(=O)CC(Cc3cc(F)c(N)c(OC(C(F)(F)F)C(F)(F)F)c3)C2O)c1,8.6989698
334,1,CC(C)(O)c1cccc(CNC2CS(=O)(=O)CC(Cc3cc(F)c(N)c(OC(C(F)(F)F)C(F)(F)F)c3)C2O)c1,8.6989698
335,1,CC(C)(C)c1ccnc(CNC2CS(=O)(=O)CC(Cc3cc(F)c(N)c(OC(C(F)(F)F)C(F)(F)F)c3)C2O)c1,7.167491
336,1,COC[C@@H](Oc1cc(CC2CS(=O)(=O)CC(NCc3cccc(C(C)(C)C)c3)C2O)cc(F)c1N)C(F)(F)F,8.6989698
337,1,CC(C)(CO)c1cccc(CNC2CS(=O)(=O)CC(Cc3cc(F)c(N)c(OC(C(F)(F)F)C(F)(F)F)c3)C2O)c1,8.6989698
338,1,CC(=O)NC(Cc1ccc(F)c(OC(F)(F)F)c1)C(O)CNC1CC2(CCC2)Oc2ncc(CC(C)(C)C)cc21,8.6777811
339,1,CC(=O)NC(Cc1cccc(C(F)(F)F)c1)C(O)CNC1CC2(CCC2)Oc2ncc(CC(C)(C)C)cc21,8.6197891
340,1,CC(=O)NC(Cc1ccc(F)c(C#N)c1)C(O)CNC1CC2(CCC2)Oc2ncc(CC(C)(C)C)cc21,8.6197891
341,1,COc1cc(CC(NC(C)=O)C(O)CNC2CC3(CCC3)Oc3ncc(CC(C)(C)C)cc32)ccc1F,8.3467875
342,1,CCn1cc(C2(c3cccc(NC(=O)c4ccccn4)c3)N=C(N)c3c(F)cccc32)cc(C)c1=O,8.6038008
343,1,Cc1ccccc1-c1ccc2nc(N)c(CC(C)C(=O)NCC3CCCCC3)cc2c1,8.6020603
344,1,Cc1ccccc1-c1ccc2nc(N)c(CC(C)C(=O)NCC3CCOCC3)cc2c1,8.0
345,1,Cc1ccccc1-c1ccc2nc(N)c(CC(C)C(=O)NCc3ccccc3)cc2c1,7.6989698
346,1,Cc1ccccc1-c1ccc2nc(N)c(CC(C)C(=O)NCc3cnccn3)cc2c1,7.3010302
347,1,Cc1ccccc1-c1ccc2nc(N)c(CC(C)C(=O)NCc3cccnc3)cc2c1,7.0555172
348,1,CCc1ccc2c(c1)C(NCC(O)C1Cc3cccc(c3)CCCCn3cc(cc(N4CCCC4)c3=O)C(=O)N1)CC1(CCC1)O2,8.6020603
349,1,CC#Cc1cncc(-c2cccc(C3(c4cc(C)c(=O)n(CC)c4)N=C(N)c4c(F)cc(F)cc43)c2)c1,8.5867004
350,1,CCCOC1CNC(C(O)C(Cc2cc(F)cc(F)c2)NC(=O)C(CCc2ccccc2)N2CCC(NC(C)=O)(C(C)CC)C2=O)C1,8.5850267
351,1,CCC(C)C1(NC(C)=O)CCN(C(CCc2ccccc2)C(=O)NC(Cc2cc(F)cc(F)c2)C(O)C2CC(Oc3ccccc3)CN2)C1=O,8.5850267
352,1,CCC(C)C1(NC(C)=O)CCN(C(CCc2ccccc2)C(=O)NC(Cc2cc(F)cc(F)c2)C(O)C2CC(Oc3ccccn3)CN2)C1=O,8.5850267
353,1,CCC(C)C1(NC(C)=O)CCN(C(CCc2ccccc2)C(=O)NC(Cc2cc(F)cc(F)c2)C(O)C2CC(Oc3cccnc3)CN2)C1=O,8.2291479
354,1,CCC(C)C1(NC(C)=O)CCN(C(CCc2ccccc2)C(=O)NC(Cc2cc(F)cc(F)c2)C(O)C2CC(OCc3cccc(C(F)(F)F)c3)CN2)C1=O,8.5686359
355,1,CC(C)(C)Cc1cnc2c(c1)C(NCC(O)C1Cc3cccc(c3)CCCn3cc(ccc3=O)C(=O)N1)CC1(CCC1)O2,8.5686359
356,1,C#Cc1ccc(F)c(CC(NC(=O)COC)C(O)CNC2CC3(CCC3)Oc3ncc(CC(C)(C)C)cc32)c1,8.5376024
357,1,CCCN(CCC)C(=O)c1cc(C(=O)NC(Cc2cc(F)cc(F)c2)C(O)CNCc2cccc(OC)c2)cc(/C(C)=N\O)c1,8.5228786
358,1,CCn1cc2c3c(cc(C(=O)NC(Cc4ccccc4)[C@H](O)CNCCC(F)(F)F)cc31)N(C)S(=O)(=O)CC2,8.5228786
359,1,CCc1cn2c3c(cc(C(=O)NC(Cc4ccccc4)C(O)CNCCC(F)(F)F)cc13)N(C)S(=O)(=O)CC2,8.1549015
360,1,CCOc1cc(C(=O)NC(Cc2ccccc2)C(O)CNCc2cccc(C(F)(F)F)c2)cc(N(c2ccccc2)S(C)(=O)=O)c1,8.5228786
361,1,CCC(C)C1(NC(C)=O)CCN(C(CCc2ccccc2)C(=O)NC(Cc2cc(F)cc(F)c2)C(O)C2CC(OCc3cccc(C#N)c3)CN2)C1=O,8.5228786
362,1,CC(CC(O)C(COc1cc(F)cc(F)c1)NC(=O)c1cc(C(=O)NC(C)c2ccccc2)cc(N(C)S(C)(=O)=O)c1)C(=O)NC(C(=O)NCc1ccccc1)C(C)C,8.5086384
363,1,CC(NC(=O)c1cc(C(=O)NC(COc2cc(F)cc(F)c2)C(O)C[C@H](C)C(=O)NC(C(=O)NCc2ccccc2)C(C)C)cc(N(C)S(C)(=O)=O)c1)c1ccccc1,8.0
364,1,CC(O)C(=O)NC(Cc1cccc(-c2nccs2)c1)C(O)CNC1CC2(CCC2)Oc2ncc(CC(C)(C)C)cc21,8.4948502
365,1,C#Cc1cccc(CC(NC(=O)COC)C(O)CNC2CC3(CCC3)Oc3ncc(CC(C)(C)C)cc32)c1,8.4685211
366,1,CC(=O)NC(Cc1ccccc1F)C(O)CNC1CC2(CCC2)Oc2ncc(CC(C)(C)C)cc21,8.4436979
367,1,COc1ccc(CC(NC(C)=O)C(O)CNC2CC3(CCC3)Oc3ncc(CC(C)(C)C)cc32)cc1F,8.4436979
368,1,CC(CC(O)C(COCc1ccccc1)NC(=O)c1cc(C(=O)NC(C)c2ccccc2)cc(N(C)S(C)(=O)=O)c1)C(=O)NC(C(=O)NCc1ccccc1)C(C)C,8.4436979
369,1,C#Cc1cc(CC(NC(=O)COC)C(O)CNC2CC3(CCC3)Oc3ncc(CC(C)(C)C)cc32)ccc1F,8.431798
370,1,CC(=O)NC(Cc1cccc(-c2nccs2)c1)C(O)CNC1CC2(CCC2)Oc2ncc(CC(C)(C)C)cc21,8.431798
371,2,CS(=O)(=O)N(c1ccccc1)c1cc(C(=O)NC(Cc2ccccc2)C(O)CNCc2cccc(C(F)(F)F)c2)cc(C2CCCC2)c1,8.3979397
372,2,COCCOC[C@@H](Oc1cc(CC2CS(=O)(=O)CC(NCc3cccc(C(C)(C)C)c3)C2O)cc(F)c1N)C(F)(F)F,8.3979397
373,2,COCC(=O)NC(Cc1cccc(-c2nccs2)c1)C(O)CNC1CC2(CCC2)Oc2ncc(CC(C)(C)C)cc21,8.3872166
374,2,COCC(=O)NC(Cc1cccc(-c2cncs2)c1)C(O)CNC1CC2(CCC2)Oc2ncc(CC(C)(C)C)cc21,8.2839966
375,2,COCC(=O)NC(Cc1cccc(-c2cscn2)c1)C(O)CNC1CC2(CCC2)Oc2ncc(CC(C)(C)C)cc21,8.1611509
376,2,COCC(=O)NC(Cc1cccc(-c2ncco2)c1)C(O)CNC1CC2(CCC2)Oc2ncc(CC(C)(C)C)cc21,8.0177288
377,2,CCC(C)C1(NC(C)=O)CCN(C(CCc2ccccc2)C(=O)NC(Cc2cc(F)cc(F)c2)C(O)C2Cc3cccc(OC)c3CN2)C1=O,8.3767509
378,2,CCC(C)C1(NC(C)=O)CCN(C(CCc2ccccc2)C(=O)NC(Cc2cc(F)cc(F)c2)[C@H](O)[C@@H]2Cc3cccc(OC)c3CN2)C1=O,6.8538718
379,2,CCCOC1CNC(C(O)C(Cc2cc(F)cc(F)c2)NC(=O)C(CCc2ccccc2)N2CCC(C(O)CCC)C2=O)C1,8.3279018
380,2,CCn1cc2c3c(cc(C(=O)NC(Cc4ccccc4)C(O)CNC4CCOCC4)cc31)N(C)S(=O)(=O)CC2,8.3010302
381,2,CCn1cc2c3c(cc(C(=O)NC(Cc4ccccc4)[C@H](O)CNc4ccccc4)cc31)N(C)S(=O)(=O)CC2,8.3010302
382,2,CCc1cn2c3c(cc(C(=O)NC(Cc4ccccc4)C(O)CNC4CCCCC4)cc13)N(C)S(=O)(=O)CC2,8.0457573
383,2,CCn1cc2c3c(cc(C(=O)NC(Cc4ccccc4)C(=O)CNC4CCOCC4)cc31)N(C)S(=O)(=O)CC2,7.8860564
384,2,CCc1cn2c3c(cc(C(=O)NC(Cc4ccccc4)C(O)CNC4CCOCC4)cc13)N(C)S(=O)(=O)CC2,7.8239088
385,2,CCc1cn2c3c(cc(C(=O)NC(Cc4ccccc4)C(O)CNC(C)(C)CCCC(C)C)cc13)N(C)S(=O)(=O)CC2,8.3010302
386,2,CCc1cn2c3c(cc(C(=O)N[C@@H](Cc4ccccc4)[C@H](O)CNC4CCOCC4)cc13)N(CC)S(=O)(=O)CC2,8.3010302
387,2,CCc1cn2c3c(cc(C(=O)NC(Cc4ccccc4)C(O)CNC4CCCCC4)cc13)N(CC)S(=O)(=O)CC2,8.1549015
388,2,CC(C)c1cc(C(=O)NC(Cc2ccccc2)C(O)CNCc2cccc(C(F)(F)F)c2)cc(N(c2ccccc2)S(C)(=O)=O)c1,8.3010302
389,2,CC(=O)NC(Cc1ccccc1)C(O)CNC1CC2(CCC2)Oc2ncc(CC(C)C)cc21,8.3010302
390,2,CCCC(O)C1CCN(C(CCc2ccccc2)C(=O)NC(Cc2cc(F)cc(F)c2)C(O)CNCc2cccc(OC)c2)C1=O,8.2839966
391,2,COCC(=O)NC(Cc1ccc2c(c1)OCO2)C(O)CNC1CC2(CCC2)Oc2ncc(CC(C)(C)C)cc21,8.2676058
392,2,CCCOC1CNC(C(O)C(Cc2cc(F)cc(F)c2)NC(=O)C(CCc2ccccc2)N2CCC(CC(C)C)C2=O)C1,8.2441254
393,2,COCC(=O)NC(Cc1cccc(-c2nc(C)cs2)c1)C(O)CNC1CC2(CCC2)Oc2ncc(CC(C)(C)C)cc21,8.2441254
394,2,CCOCC(=O)NC(Cc1cccc(-c2nccs2)c1)C(O)CNC1CC2(CCC2)Oc2ncc(CC(C)(C)C)cc21,8.2441254
395,2,CC(=O)NC(Cc1ccccc1)C(O)CNC1CC2(CCC2)Oc2ncc(CC(C)(C)C)cc21,8.2365723
396,2,CCc1ccc2c(c1)C(NCC(O)C1Cc3cccc(c3)CCCCn3cc(cc(-c4ccccn4)c3=O)C(=O)N1)CC1(CCC1)O2,8.2291479
397,2,CCCO/N=C(/C)c1cc(C(=O)NC(Cc2cc(F)cc(F)c2)[C@@H](O)CNCc2cccc(OC)c2)cc(N(c2ccccc2)S(C)(=O)=O)c1,8.2218485
398,2,C=CCO/N=C(/C)c1cc(C(=O)N[C@@H](Cc2cc(F)cc(F)c2)[C@@H](O)CNCc2cccc(OC)c2)cc(N(c2ccccc2)S(C)(=O)=O)c1,7.5686364
399,2,CCNc1cc(C(=O)N[C@@H](Cc2ccccc2)[C@H](O)CNC(C)(C)c2cccc(C(F)(F)F)c2)cc(N2CCCCS2(=O)=O)c1,8.2218485
400,2,CS(=O)(=O)N(c1ccccc1)c1cc(C(=O)NC(Cc2ccccc2)C(O)CNCc2cccc(C(F)(F)F)c2)cc(N2CCCC2=O)c1,8.2218485
401,2,CC(C)(C)c1cccc(CNC2CS(=O)(=O)CC(Cc3cc(F)c(N)c(OCC(F)F)c3)C2O)c1,8.2218485
402,2,CC(C)(C)c1cccc(CNC2CS(=O)(=O)CC(Cc3cc(F)c(N)c(OCC(F)(F)F)c3)C2O)c1,8.2218485
403,2,CC(C)(C)c1cccc(CNC2CS(=O)(=O)CC(Cc3cc(F)c(N)c(CCC(F)(F)F)c3)C2O)c1,6.8860564
404,2,CC1(C)OCc2ccc(CNC3CS(=O)(=O)CC(Cc4cc(F)c(N)c(OC(C(F)(F)F)C(F)(F)F)c4)C3O)cc21,8.2218485
405,2,CC#CCOc1cnc(C(=O)Nc2ccc(F)c(C3(C)N=C(N)OCC3(F)F)c2)cn1,8.2218485
406,2,Cc1cc(C2(c3cccc(C#CC4CC4)c3)N=C(N)c3c(F)cccc32)cn(C)c1=O,8.2160969
407,2,CCC(C)C1(NC(C)=O)CCN(C(CCc2ccccc2)C(=O)NC(Cc2cc(F)cc(F)c2)C(O)CNCc2cccc(OC)c2)C1=O,8.2146702
408,2,COCC(=O)NC(Cc1ccc(F)c(-c2nccs2)c1)C(O)CNC1CC2(CCC2)Oc2ncc(CC(C)(C)C)cc21,8.2146702
409,2,CC(C)(C)Cc1cnc2c(c1)C(NCC(O)C(Cc1cccc(-c3nccs3)c1)NC(=O)C1CCCO1)CC1(CCC1)O2,8.2006598
410,2,CC(C)(C)Cc1cnc2c(c1)C(NCC(O)C(Cc1cccc(-c3nccs3)c1)NC(=O)[C@@H]1CCCO1)CC1(CCC1)O2,8.036212
411,2,CC#Cc1cncc(-c2cccc(C3(c4ccnc(C(F)F)c4)N=C(N)c4c(F)cccc43)c2)c1,8.1877556
412,2,CC(=O)NC(Cc1ccc(F)cc1F)C(O)CNC1CC2(CCC2)Oc2ncc(CC(C)(C)C)cc21,8.1870871
413,2,CC(=O)NC(Cc1cc(F)cc(F)c1)C(O)CNC1CC2(CCC2)Oc2ncc(CC(C)(C)C)cc21,8.1611509
414,2,CC(C)(C)Cc1cc(CNC2CS(=O)(=O)CC(Cc3cc(F)c(N)c(OC(C(F)(F)F)C(F)(F)F)c3)C2O)no1,8.1549015
415,2,CC(C)(C)Cn1cc(CNC2CS(=O)(=O)CC(Cc3cc(F)c(N)c(OC(C(F)(F)F)C(F)(F)F)c3)C2O)cn1,7.4436975
416,2,CC(C)(C)c1cccc(CNC2CS(=O)CC(Cc3cc(F)c(N)c(OC(CO)C(F)(F)F)c3)C2O)c1,8.1549015
417,2,CCCCN(C)C(=O)n1cc(C(=O)NC(Cc2cc(F)cc(F)c2)C(O)CNCc2cccc(OC)c2)c2ccccc21,8.1307678
418,2,CCCCN(C)C(=O)n1cc(C(=O)NC(Cc2cc(F)cc(F)c2)C(O)CNCc2cccc(CC)c2)c2cccnc21,8.0655012
419,2,CCCCN(C)C(=O)n1cc(C(=O)NC(Cc2cc(F)cc(F)c2)C(O)CNCc2cccc(OC)c2)c2cccnc21,7.4814858
420,2,COCCN(C)C(=O)n1cc(C(=O)NC(Cc2cc(F)cc(F)c2)C(O)CNCc2cccc(OC)c2)c2cccnc21,7.1366773
421,2,CC(C)c1cccc(CNCC(O)C2COC/C=C\CCN(C)C(=O)c3cc(cc(N(C)S(C)(=O)=O)c3)C(=O)N2)c1,8.124939
422,2,CCc1cn2c3c(cc(C(=O)NC(Cc4ccccc4)[C@H](O)CNCc4cccc(C(F)(F)F)c4)cc13)OS(=O)(=O)CC2,8.0969105
423,2,CCCNC[C@@H](O)[C@H](Cc1ccccc1)NC(=O)c1cc2c3c(cn(CC)c3c1)CCS(=O)(=O)N2C,8.0969105
424,2,C#CCNC[C@@H](O)C(Cc1ccccc1)NC(=O)c1cc2c3c(cn(CC)c3c1)CCS(=O)(=O)N2C,7.9586072
425,2,CCn1cc2c3c(cc(C(=O)NC(Cc4ccccc4)[C@H](O)CNCCF)cc31)N(C)S(=O)(=O)CC2,7.3979402
426,2,CCc1cn2c3c(cc(C(=O)NC(Cc4ccccc4)[C@H](O)CNCCF)cc13)N(C)S(=O)(=O)CC2,7.3010302
427,2,C#CCNC[C@@H](O)C(Cc1ccccc1)NC(=O)c1cc2c3c(c1)c(CC)cn3CCS(=O)(=O)N2C,7.1366773
428,2,CCc1cn2c3c(cc(C(=O)NC(Cc4ccccc4)C(O)CNCc4cccc(OC)c4)cc13)N(C)S(=O)(=O)C2,8.0969105
429,2,CC(NCC(O)C(Cc1ccccc1)NC(=O)c1cccc(N(c2cccc(C#N)c2)S(C)(=O)=O)c1)C(=O)NC1CCCCC1,8.0969105
430,2,COc1cccc(N(c2cccc(C(=O)NC(Cc3ccccc3)C(O)CNC(C)C(=O)NC3CCCCC3)c2)S(C)(=O)=O)c1,7.7447276
431,2,CCc1cc(CC2CS(=O)(=O)CC(NCc3cccc(C(C)(C)C)c3)C2O)cc(F)c1NC(C)=O,8.0969105
432,2,CC(=O)NC(Cc1ccc2c(c1)OCO2)C(O)CNC1CC2(CCC2)Oc2ncc(CC(C)(C)C)cc21,8.0969105
433,2,CCCCn1cc(C2(c3cccc(-c4cncnc4)c3)N=C(N)N(C)C2=O)cn1,8.0969095
434,2,CC(C)(C)c1cccc(CNC2CS(=O)CC(Cc3cc(F)c(N)c(OCC(F)(F)F)c3)C2O)c1,8.0969095
435,2,CCn1cc(C2(c3cccc(-c4cncc(C#N)c4)c3)N=C(N)c3c(F)cccc32)cc(C)c1=O,8.0830202
436,2,CC(=O)NC(Cc1cc(F)cc(F)c1)C(O)CNC1(c2cccc(C(C)(C)C)c2)CCC(=NO)CC1,8.0555172
437,2,CC(=O)NC(Cc1cc(F)cc(F)c1)C(O)CNC1(c2cccc(C(C)(C)C)c2)CCC(NO)CC1,7.7212462
438,2,CSC1CCC(NCC(O)C(Cc2cc(F)cc(F)c2)NC(C)=O)(c2cccc(C(C)(C)C)c2)CC1,7.6197886
439,2,CC(=O)NC(Cc1cc(F)cc(F)c1)C(O)CNC1(c2cccc(C(C)(C)C)c2)CCC(CO)CC1,7.4202166
440,2,COC1CCC(NCC(O)C(Cc2cc(F)cc(F)c2)NC(C)=O)(c2cccc(C(C)(C)C)c2)CC1,6.8538718
441,2,CC(=O)NC(Cc1cc(F)cc(F)c1)C(O)CNC1(c2cccc(C(C)(C)C)c2)CCC(C#N)CC1,6.4202166
442,2,COc1cccc(CNC[C@H](O)[C@H](Cc2cc(F)cc(F)c2)NC(=O)c2cc(/C(C)=N\OCc3ccccc3)cc(N(C)S(C)(=O)=O)c2)c1,8.0457573
443,2,COc1cccc(CNC[C@H](O)[C@H](Cc2cc(F)cc(F)c2)NC(=O)c2cc(/C(C)=N\O)cc(N(c3ccccc3)S(C)(=O)=O)c2)c1,8.0457573
444,2,CCn1cc2c3c(cc(C(=O)NC(Cc4ccccc4)[C@H](O)CNC4CC4)cc31)N(C)S(=O)(=O)CC2,8.0457573
445,2,CCc1cn2c3c(cc(C(=O)NC(Cc4ccccc4)C(O)CNC4CC4)cc13)N(C)S(=O)(=O)CC2,7.6989698
446,2,COCC(=O)NC(Cc1cccc(-c2ccccn2)c1)C(O)CNC1CC2(CCC2)Oc2ncc(CC(C)(C)C)cc21,8.031517
447,2,COCC(=O)NC(Cc1cccc(-c2ccncc2)c1)C(O)CNC1CC2(CCC2)Oc2ncc(CC(C)(C)C)cc21,7.4814858
448,2,COCC(=O)NC(Cc1cc(-c2nccs2)ccc1F)C(O)CNC1CC2(CCC2)Oc2ncc(CC(C)(C)C)cc21,8.0222759
449,2,CC(C)(C)Cc1cnc2c(c1)C(NCC(O)C1Cc3cccc(c3)CCCCn3cc(ccc3=O)C(=O)N1)CC1(CCC1)O2,8.0132284
450,2,COC(OC)C(=O)NC(Cc1cccc(-c2nccs2)c1)C(O)CNC1CC2(CCC2)Oc2ncc(CC(C)(C)C)cc21,8.0087738
451,2,C=CCO/N=C(/C)c1cc(C(=O)NC(Cc2cc(F)cc(F)c2)C(O)CNCc2cccc(OC)c2)cc(C(=O)N(CCC)CCC)c1,8.0
452,2,CCCN(CCC)C(=O)c1cc(CCO)cc(C(=O)NC(Cc2cc(F)cc(F)c2)C(O)CNCc2cccc(OC)c2)c1,8.0
453,2,CO/N=C(\C)c1cc(C(=O)NC(Cc2cc(F)cc(F)c2)[C@@H](O)CNCc2cccc(OC)c2)cc(N(c2ccccc2)S(C)(=O)=O)c1,8.0
454,2,CCCN(CCC)C(=O)c1cc(Oc2ccccc2)cc(C(=O)NC(Cc2cc(F)cc(F)c2)C(O)CNCc2cccc(OC)c2)c1,8.0
455,2,CCCN(CCC)C(=O)c1cc(Sc2ccccc2)cc(C(=O)NC(Cc2cc(F)cc(F)c2)C(O)CNCc2cccc(OC)c2)c1,7.8860564
456,2,CCCN(CCC)C(=O)c1cc(Oc2ccc(OC)cc2)cc(C(=O)NC(Cc2cc(F)cc(F)c2)C(O)CNCc2cccc(OC)c2)c1,8.0
457,2,CCCN(CCC)C(=O)c1cc(Sc2ccc(OC)cc2)cc(C(=O)NC(Cc2cc(F)cc(F)c2)C(O)CNCc2cccc(OC)c2)c1,7.5686364
458,2,CCC(C)NC[C@@H](O)[C@H](Cc1ccccc1)NC(=O)c1cc2c3c(cn(CC)c3c1)CCS(=O)(=O)N2C,8.0
459,2,CCc1cn2c3c(cc(C(=O)N[C@@H](Cc4ccccc4)[C@H](O)CNC(C)CC)cc13)N(C)S(=O)(=O)CC2,7.6575775
460,2,COc1ccc([C@@]2(c3ccc(F)c(-c4cccnc4F)c3)N=C(N)N(C)C2=O)cc1C,8.0
461,2,CCc1cc(C2(c3cccc(-c4cccnc4F)c3)N=C(N)N(C)C2=O)cc(CC)n1,8.0
462,2,CC(NCC(O)C(Cc1ccccc1)NC(=O)c1cccc(N(c2ccc(Cl)cc2)S(C)(=O)=O)c1)C(=O)NC1CCCCC1,8.0
463,2,CN1C(=O)[C@@](c2ccc(OC(F)F)cc2)(c2cccc(-c3cccnc3F)c2)N=C1N,8.0
464,2,CN1C(=O)[C@@](c2ccc(OC(F)F)cc2)(c2cccc(C#CCF)c2)N=C1N,8.0
465,2,CCCCc1cccc([C@@]2(c3ccc(OC(F)F)cc3)N=C(N)N(C)C2=O)c1,7.5228786
466,2,CCC#Cc1cccc([C@@]2(c3ccc(OC(F)F)cc3)N=C(N)N(C)C2=O)c1,7.3979402
467,2,CN1C(=O)[C@@](c2ccc(OC(F)F)cc2)(c2cccc(C#CCCF)c2)N=C1N,8.0
468,2,CN1C(=O)[C@@](c2ccc(OC(F)F)cc2)(c2cccc(C#CCCO)c2)N=C1N,8.0
469,2,COC/C=C/c1cccc([C@@]2(c3ccc(OC(F)F)cc3)N=C(N)N(C)C2=O)c1,7.6989698
470,2,COCC#Cc1cccc([C@@]2(c3ccc(OC(F)F)cc3)N=C(N)N(C)C2=O)c1,7.6989698
471,2,CCCC#Cc1cccc([C@@]2(c3ccc(OC(F)F)cc3)N=C(N)N(C)C2=O)c1,7.5228786
472,2,CN1C(=O)[C@@](c2ccc(OC(F)F)cc2)(c2cccc(/C=C/CCF)c2)N=C1N,7.3979402
473,2,CN1C(=O)[C@@](c2ccc(OC(F)F)cc2)(c2cccc(CCCC#N)c2)N=C1N,7.3010302
474,2,CN1C(=O)[C@@](c2ccc(OC(F)F)cc2)(c2cccc(/C=C/CCO)c2)N=C1N,7.3010302
475,2,CCCCCc1cccc([C@@]2(c3ccc(OC(F)F)cc3)N=C(N)N(C)C2=O)c1,7.0457573
476,2,CN1C(=O)[C@@](c2ccc(OC(F)F)cc2)(c2cccc(C#CCCCCO)c2)N=C1N,8.0
477,2,CN1C(=O)[C@@](c2ccc(OC(F)F)cc2)(c2cccc(C#CCCCCF)c2)N=C1N,7.3979402
478,2,COCCC/C=C/c1cccc([C@@]2(c3ccc(OC(F)F)cc3)N=C(N)N(C)C2=O)c1,7.3010302
479,2,CN1C(=O)[C@@](c2ccc(OC(F)F)cc2)(c2ccc(F)c(OCCCF)c2)N=C1N,8.0
480,2,COCC#Cc1cc([C@@]2(c3ccc(OC(F)F)cc3)N=C(N)N(C)C2=O)ccc1F,7.9208188
481,2,CN1C(=O)[C@@](c2ccc(OC(F)F)cc2)(c2cccc(OCCC(F)F)c2)N=C1N,8.0
482,2,CN1C(=O)[C@@](c2ccc(OC(F)F)cc2)(c2cccc(/C=C/CC(F)F)c2)N=C1N,7.5228786
483,2,COC[C@H]1CCCN1C(=O)n1cc(C(=O)N[C@@H](Cc2cc(F)cc(F)c2)[C@H](O)CNCc2cccc(OC)c2)c2cccnc21,8.0
484,2,CCC(C)C1(NC(C)=O)CCN(C(CCc2ccccc2)C(=O)NC(Cc2cc(F)cc(F)c2)C(O)C2CC(OCc3ccc(F)cc3)CN2)C1=O,8.0
485,2,CCn1cc(C2(c3cccc(-c4cccnc4F)c3)N=C(N)N(C)C2=O)cn1,8.0
486,2,CCCCn1cc(C2(c3cccc(-c4cccnc4F)c3)N=C(N)N(C)C2=O)cn1,8.0
487,2,CCC(=O)c1cc(C2(c3cccc(-c4cccnc4F)c3)N=C(N)N(C)C2=O)cs1,8.0
488,2,CC#Cc1cncc(-c2ccc3c(c2)C2(CC(C)(C)O3)N=C(N)N(C)C2=O)c1,8.0
489,2,CCOc1cccc(-c2ccc3c(c2)C2(CC(C)(C)O3)N=C(N)N(C)C2=O)c1,7.154902
490,2,COCC(Oc1cc(CC2CS(=O)CC(NC(C)c3cccc(C(C)(C)C)c3)C2O)cc(F)c1N)C(F)(F)F,8.0
491,2,COCC(Oc1cc(CC2CS(=O)CC(NCc3cc(C(C)(C)C)ccc3F)C2O)cc(F)c1N)C(F)(F)F,8.0
492,2,CC(=O)NC(Cc1ccc(F)c(C(F)(F)F)c1)C(O)CNC1CC2(CCC2)Oc2ncc(CC(C)(C)C)cc21,7.9586072
493,2,COc1cccc(CNC[C@H](O)[C@H](Cc2cc(F)cc(F)c2)NC(=O)c2cccc(N(c3ccccc3)S(C)(=O)=O)c2)c1,7.9586072
494,2,CCCN(CCC)C(=O)c1cc(C(=O)NC(Cc2cc(F)cc(F)c2)C(O)CNCc2cccc(OC)c2)cc(S(=O)(=O)c2ccccc2)c1,7.9586072
495,2,COc1ccc(N(c2cccc(C(=O)NC(Cc3ccccc3)C(O)CNC(C)C(=O)NC3CCCCC3)c2)S(C)(=O)=O)cc1,7.9586072
496,2,CC(NCC(O)C(Cc1ccccc1)NC(=O)c1cccc(N(c2ccc(C#N)cc2)S(C)(=O)=O)c1)C(=O)NC1CCCCC1,6.7212462
497,2,CC(NCC(O)C(Cc1ccccc1)NC(=O)c1cccc(N(c2cc(Cl)cc(Cl)c2)S(C)(=O)=O)c1)C(=O)NC1CCCCC1,7.9586072
498,2,COc1cccc(CNCC(O)C(Cc2ccccc2)NC(=O)C(CCc2ccccc2)N2CCC(CC3CC3)(NC(C)=O)C2=O)c1,7.9586072
499,2,CC(C)(C)c1cccc(CNC2CS(=O)(=O)CC(Cc3cc(F)c(N)c(OC4CCC4)c3)C2O)c1,7.9586072
500,2,CC(C)(C)c1cccc(CNC2CS(=O)(=O)CC(Cc3cc(F)c(N)c(OC4COC4)c3)C2O)c1,7.6020598
501,2,C#Cc1cccc(CC(NC(=O)COC)C(O)CNC2CC3(CCC3)Oc3ncc(CC(C)(C)C)cc32)c1F,7.9586072
502,2,CCC(=O)NC(Cc1cccc(-c2nccs2)c1)C(O)CNC1CC2(CCC2)Oc2ncc(CC(C)(C)C)cc21,7.9586072
503,2,COc1cccc(CNC[C@H](O)[C@H](Cc2cc(F)cc(F)c2)NC(=O)c2cc(/C(C)=N\OCc3ccccc3)cc(N(c3ccccc3)S(C)(=O)=O)c2)c1,7.9208188
504,2,CCCN(CCC)C(=O)c1cc(C(=O)NC(Cc2cc(F)cc(F)c2)C(O)CNCc2cccc(OC)c2)cc(S(=O)(=O)c2ccc(OC)cc2)c1,7.9208188
505,2,CCOC[C@H]1CCCN1C(=O)n1cc(C(=O)N[C@@H](Cc2cc(F)cc(F)c2)[C@H](O)CNCc2cccc(OC)c2)c2cccnc21,7.9208188
506,2,CN1CCC(C)(c2cc(NC(=O)c3ccc(Cl)cn3)ccc2F)N=C1N,7.9208188
507,2,COCC(Oc1cc(CC2CS(=O)CC(NCc3cccc(C(C)(C)CO)c3)C2O)cc(F)c1N)C(F)(F)F,7.9208188
508,2,CCn1cc(C2(c3cccc(-c4cncc(F)c4)c3)N=C(N)c3c(F)cccc32)cc(C)c1=O,7.8894105
509,2,CS(=O)(=O)N(c1ccccc1)c1cc(C(=O)NC(Cc2ccccc2)C(O)CNCc2cccc(C(F)(F)F)c2)cc(-c2ccccc2)c1,7.8860564
510,2,COCC#Cc1cc([C@@]2(c3ccc(OC(F)F)c(C)c3)N=C(N)N(C)C2=O)ccc1F,7.8860564
511,2,CCCC#Cc1cc([C@@]2(c3ccc(OC(F)F)c(C)c3)N=C(N)N(C)C2=O)ccc1F,7.5228786
512,2,CCCCN(C)C(=O)n1cc(C(=O)NC(Cc2cc(F)cc(F)c2)C(O)CNCc2cccc(OC)c2)c2cc(F)ccc21,7.8860564
513,2,CCCCN(C)C(=O)n1cc(C(=O)NC(Cc2cc(F)cc(F)c2)C(O)CNCc2cccc(OC)c2)c2cc(Cl)ccc21,7.5228786
514,2,C#CCOc1cnc(C(=O)Nc2ccc(F)c(C3(C)N=C(N)OCC3(F)F)c2)cn1,7.8860564
515,2,COc1cncc(-c2cccc(C3(c4ccc(OC(F)F)cc4)N=C(N)N4CC(F)(F)CN=C43)c2)c1,7.8600001
516,2,CC(=O)NC(Cc1ccc(OC(F)(F)F)cc1)C(O)CNC1CC2(CCC2)Oc2ncc(CC(C)(C)C)cc21,7.8538718
517,2,CCc1cn2c3c(cc(C(=O)NC(Cc4ccccc4)[C@H](O)CNCc4cccc(OC)c4)cc13)NS(=O)(=O)CC2,7.8538718
518,2,CC(=O)NC(Cc1cc(F)cc(F)c1)C(O)CNC1(c2cccc(C(C)(C)C)c2)CCc2nc(N)ncc2C1,7.8538718
519,2,CC(=O)NC(Cc1cc(F)cc(F)c1)C(O)CNC1(c2cccc(C(C)(C)C)c2)CCc2nc(C)ncc2C1,7.031517
520,2,CCS(=O)(=O)c1cc(C(=O)NC(Cc2ccccc2)C(O)CNCc2cccc(C(F)(F)F)c2)cc(N(c2ccccc2)S(C)(=O)=O)c1,7.8538718
521,2,CC(C)c1cccc(CNCC(O)C2COC/C=C/CCNC(=O)c3cc(cc(N(C)S(C)(=O)=O)c3)C(=O)N2)c1,7.8538718
522,2,CC(C)c1cccc(CNCC(O)C2COCCCCCNC(=O)c3cc(cc(N(C)S(C)(=O)=O)c3)C(=O)N2)c1,7.7958798
523,2,CC1(c2cc(NC(=O)c3ccc(Cl)cn3)ccc2F)CCCOC(N)=N1,7.8538718
524,2,CC1(c2cc(NC(=O)c3ccc(Cl)cn3)ccc2F)CCOCC(N)=N1,7.6382723
525,2,CC1(c2cc(NC(=O)c3ccc(Cl)cn3)ccc2F)COCCC(N)=N1,7.3372421
526,2,CCc1cn2c3c(cc(C(=O)NC(Cc4ccccc4)C(O)CNC)cc13)N(C)S(=O)(=O)CC2,7.8239088
527,2,CS(=O)(=O)N(c1ccccc1)c1cc(C(=O)NC(Cc2ccccc2)C(O)CNCc2cccc(C(F)(F)F)c2)ccn1,7.8239088
528,2,CS(=O)(=O)N(c1ccccc1)c1cncc(C(=O)NC(Cc2ccccc2)C(O)CNCc2cccc(C(F)(F)F)c2)c1,7.6777806
529,2,CS(=O)(=O)N(c1ccccc1)c1cccc(C(=O)NC(Cc2ccccc2)C(O)CNCc2cccc(C(F)(F)F)c2)c1,7.6382723
530,2,CS(=O)(=O)N(c1cccnc1)c1cccc(C(=O)NC(Cc2ccccc2)C(O)CNCc2cccc(C(F)(F)F)c2)c1,7.6020598
531,2,CS(=O)(=O)N(c1ccncc1)c1cccc(C(=O)NC(Cc2ccccc2)C(O)CNCc2cccc(C(F)(F)F)c2)c1,6.6777806
532,2,CS(=O)(=O)N(c1cccc(C(=O)NC(Cc2ccccc2)C(O)CNCc2cccc(C(F)(F)F)c2)c1)c1ccccn1,6.5376019
533,2,CC(=O)c1ccccc1-c1ccc2nc(N)c(CC(C)C(=O)NCCC(C)(C)C)cc2c1,7.8239088
534,2,CCC(=O)c1cc(C2(c3cccc(-c4cncnc4)c3)N=C(N)N(C)C2=O)cs1,7.8239088
535,2,CC#Cc1cccc(CC(NC(=O)COC)C(O)CNC2CC3(CCC3)Oc3ncc(CC(C)(C)C)cc32)c1,7.8239088
536,2,CN(c1cc2cc(c1)C(=O)NC(C(O)CNCc1cccc(C(C)(C)C)c1)COC/C=C/CCNC2=O)S(C)(=O)=O,7.8239088
537,2,CN1C(=O)CC(C)(c2cccc(NC(=O)c3ccc(Cl)cn3)c2)N=C1N,7.8239088
538,2,CN1CC(C)(c2cccc(NC(=O)c3ccc(Cl)cn3)c2)N=C(N)C1=O,6.5301781
539,2,CCn1cc(C2(c3cccc(-c4cncnc4)c3)N=C(N)c3c(F)cccc32)cc(C)c1=O,7.8096681
540,2,CCCN(CCC)C(=O)c1cc(CC(C)O)cc(C(=O)NC(Cc2cc(F)cc(F)c2)C(O)CNCc2cccc(OC)c2)c1,7.7958798
541,2,CCC(Cc1cc2cc(-c3ccccc3C)ccc2nc1N)C(=O)NCC1CCCCC1,7.7958798
542,2,CCCC(O)C1CCN(C(CCc2ccccc2)C(=O)NC(Cc2cc(F)cc(F)c2)C(O)C2CC(O)CN2)C1=O,7.7958798
543,2,CC(C)CCn1cc(C2(c3cccc(-c4cccnc4F)c3)N=C(N)N(C)C2=O)cn1,7.7958798
544,2,CCOC(C)C(=O)NC(Cc1cccc(-c2nccs2)c1)C(O)CNC1CC2(CCC2)Oc2ncc(CC(C)(C)C)cc21,7.7958798
545,2,CCCc1ccc2c(c1)C1(COC(N)=N1)c1cc(-c3cncnc3)ccc1O2,7.7958798
546,2,COc1cccc(CNC[C@H](O)[C@H](Cc2cc(F)cc(F)c2)NC(=O)c2cc(C(C)=O)cc(N(c3ccccc3)S(C)(=O)=O)c2)c1,7.7695513
547,2,Cc1cc2cc(n1)OCCCCOc1cccc(c1)CC(C(O)CNC1(c3cccc(C(C)C)c3)CC1)NC2=O,7.7695513
548,2,CCCOc1cccc2c1CNC(C(O)C(Cc1cc(F)cc(F)c1)NC(=O)C(CCc1ccccc1)N1CCC(NC(C)=O)(C(C)CC)C1=O)C2,7.7695513
549,2,Cc1cc(Cl)cnc1C(=O)Nc1ccc(F)c(C2(C)N=C(N)OCC2(F)F)c1,7.7695513
550,2,CC1(c2cc(NC(=O)c3ncc(Cl)cc3Cl)ccc2F)N=C(N)OCC1(F)F,7.5850267
551,2,CCNc1cc(C(=O)NC(Cc2ccccc2)C(O)CNCc2cccc(C(F)(F)F)c2)cc(N2CCCCS2(=O)=O)c1OC,7.7447276
552,2,CCNc1cc(C(=O)NC(Cc2ccccc2)C(O)CNC2CCc3ccc(OC)cc32)cc(N2CCCCS2(=O)=O)c1,7.7447276
553,2,CC(=O)NC(Cc1cc(F)cc(F)c1)C(O)CNC1(c2cccc(C(C)(C)C)c2)CCNC(=O)C1,7.7447276
554,2,CC(=O)NC(Cc1cc(F)cc(F)c1)C(O)CNC1(c2cccc(C(C)(C)C)c2)CCCN(O)C1,6.3979402
555,2,CC(C)c1cccc(CNCC(O)C2COCCCCCCNC(=O)c3cc(cc(N(C)S(C)(=O)=O)c3)C(=O)N2)c1,7.7447276
556,2,CC(C)c1cccc(CNCC(O)C2COC/C=C/CCCNC(=O)c3cc(cc(N(C)S(C)(=O)=O)c3)C(=O)N2)c1,6.7447276
557,2,COCC(Oc1cc(CC2CS(=O)CC(NCc3cccc(C(C)C)c3)C2O)cc(F)c1N)C(F)(F)F,7.7447276
558,2,COc1ccc(CC(NC(C)=O)C(O)CNC2CC3(CCC3)Oc3ncc(CC(C)(C)C)cc32)cc1OC,7.7399287
559,2,CCn1cnc2c(N3CCCC3=O)cc(C(=O)NC(Cc3ccccc3)C(O)CNCc3cccc(C(F)(F)F)c3)cc21,7.7212462
560,2,CCn1ccc2c(N3CCCC3=O)cc(C(=O)NC(Cc3ccccc3)C(O)CNCc3cccc(C(F)(F)F)c3)cc21,7.6382723
561,2,CCc1c[nH]c2c(N3CCCC3=O)cc(C(=O)NC(Cc3ccccc3)C(O)CNCc3cccc(C(F)(F)F)c3)cc12,7.5850267
562,2,CCn1ncc2c(N3CCCC3=O)cc(C(=O)NC(Cc3ccccc3)C(O)CNCc3cccc(C(F)(F)F)c3)cc21,7.5528421
563,2,CCn1nnc2c(N3CCCC3=O)cc(C(=O)NC(Cc3ccccc3)C(O)CNCc3cccc(C(F)(F)F)c3)cc21,7.4685211
564,2,CCc1coc2c(N3CCCC3=O)cc(C(=O)NC(Cc3ccccc3)C(O)CNCc3cccc(C(F)(F)F)c3)cc12,7.0604806
565,2,CCNc1cc(C(=O)NC(Cc2ccccc2)C(O)CNCc2cccc(C(F)(F)F)c2)cc2c1CCCS(=O)(=O)N2C,7.7212462
566,2,CC(C)c1cccc(CNCC(O)C2Cc3cccc(c3)OCCCCNc3cc(cc(N4C=COC4)c3)C(=O)N2)c1,7.7212462
567,2,CCCCC1CCN(C(CCc2ccccc2)C(=O)NC(Cc2cc(F)cc(F)c2)C(O)C2CC(OCCC)CN2)C1=O,7.7212462
568,2,CC1(c2cc(NC(=O)c3nn(C(F)F)cc3Cl)ccc2F)N=C(N)OCC1(F)F,7.7212462
569,2,COCC(Oc1cc(CC2CS(=O)CC(NCc3cc(CC(C)(C)C)on3)C2O)cc(F)c1N)C(F)(F)F,7.7212462
570,2,COCC(Oc1cc(CC2CS(=O)CC(NCc3cnn(CC(C)(C)C)c3)C2O)cc(F)c1N)C(F)(F)F,7.6777806
571,2,CCCN(CCC)C(=O)c1cc(C(=O)NC(Cc2cc(F)cc(F)c2)C(O)CNCc2cccc(OC)c2)cc(C(C)NC(C)=O)c1,7.6989698
572,2,CCn1cc2c3c(cc(C(=O)NC(Cc4ccccc4)[C@H](O)CNCC(F)F)cc31)N(C)S(=O)(=O)CC2,7.6989698
573,2,CCc1cn2c3c(cc(C(=O)NC(Cc4ccccc4)C(O)CNC4CC4)cc13)N(CC)S(=O)(=O)CC2,7.6989698
574,2,NC1=N[C@](c2ccc(OC(F)(F)F)cc2)(c2cccc(-c3cccnc3F)c2)C2=NCCCN12,7.6989698
575,2,NC1=NC(c2ccc(OC(F)(F)F)cc2)(c2cccc(-c3cccnc3F)c2)C2=NOCCN12,7.5228786
576,2,NC1=NC(c2ccc(OC(F)(F)F)cc2)(c2cccc(-c3cccnc3F)c2)C2=NCCCN12,7.221849
577,2,NC1=N[C@@](c2ccc(OC(F)(F)F)cc2)(c2cccc(-c3cccnc3F)c2)C2=NCCCN12,6.4317985
578,2,COc1ccc(C2(c3ccc(F)c(-c4cncnc4)c3)N=C(N)N(C)C2=O)cc1C,7.6989698
579,2,COc1ccc(C2(c3ccc(C)c(-c4cccnc4)c3)N=C(N)N(C)C2=O)cc1C,6.8860564
580,2,COc1ccc(C2(c3cccc(-c4cccnc4F)c3)N=C(N)N(C)C2=O)cc1C,7.6989698
581,2,CC(NCC(O)C(Cc1ccccc1)NC(=O)c1cccc(N(c2ccc(C(F)(F)F)cc2)S(C)(=O)=O)c1)C(=O)NC1CCCCC1,7.6989698
582,2,CN1C(=O)[C@@](c2ccc(OC(F)F)cc2)(c2cccc(/C(F)=C\C3CC3)c2)N=C1N,7.6989698
583,2,COCC/C=C/c1cccc([C@@]2(c3ccc(OC(F)F)cc3)N=C(N)N(C)C2=O)c1,7.6989698
584,2,COCCC#Cc1cccc([C@@]2(c3ccc(OC(F)F)cc3)N=C(N)N(C)C2=O)c1,7.6989698
585,2,CN1C(=O)[C@@](c2ccc(OC(F)F)cc2)(c2cccc(/C=C/CCCO)c2)N=C1N,7.3979402
586,2,CC#Cc1cccc([C@@]2(c3ccc(OC(F)F)cc3)N=C(N)N(C)C2=O)c1,7.6989698
587,2,CCCc1cccc([C@@]2(c3ccc(OC(F)F)cc3)N=C(N)N(C)C2=O)c1,7.0457573
588,2,CC(C)C#Cc1cccc([C@@]2(c3ccc(OC(F)F)cc3)N=C(N)N(C)C2=O)c1,7.6989698
589,2,C[C@@H](O)C#Cc1cccc([C@@]2(c3ccc(OC(F)F)cc3)N=C(N)N(C)C2=O)c1,7.6989698
590,2,CN1C(=O)[C@@](c2ccc(OC(F)F)cc2)(c2cccc(OCC(F)F)c2)N=C1N,7.5228786
591,2,CN1C(=O)[C@@](c2ccc(OC(F)F)cc2)(c2cccc(C#CC3CC3)c2)N=C1N,7.6989698
592,2,CN1C(=O)[C@@](c2ccc(OC(F)F)cc2)(c2cccc(OCC3CC3)c2)N=C1N,7.6989698
593,2,CN1C(=O)[C@@](c2ccc(OC(F)F)cc2)(c2cccc(/C=C/C3CC3)c2)N=C1N,7.0457573
594,2,CN1C(=O)[C@@](c2ccc(OC(F)F)cc2)(c2ccc(F)c(C#CC3CC3)c2)N=C1N,7.6989698
595,2,Cc1cc([C@]2(c3ccc(F)c(C#CC4CC4)c3)N=C(N)N(C)C2=O)ccc1OC(F)F,7.6989698
596,2,Cc1cc([C@]2(c3ccc(F)c(C#CCF)c3)N=C(N)N(C)C2=O)ccc1OC(F)F,7.6989698
597,2,COc1cccc(CNCC(O)C(Cc2cc(F)cc(F)c2)NC(=O)C(CCc2ccccc2)N2CCC(CC(C)C)C2=O)c1,7.6989698
598,2,CN1C(=O)C(c2cccc(-c3cncnc3)c2)(c2cnn(CCC(C)(C)C)c2)N=C1N,7.6989698
599,2,CN1C(=O)C(c2cccc(-c3cncnc3)c2)(c2cnn(CCC3CCCCC3)c2)N=C1N,7.6989698
600,2,CC(C)Cn1cc(C2(c3cccc(-c4cccnc4F)c3)N=C(N)N(C)C2=O)cn1,7.6989698
601,2,CN1C(=O)C(c2cccc(-c3cccnc3F)c2)(c2cnn(CCC(C)(C)C)c2)N=C1N,7.6989698
602,2,CCC(CC)Cn1cc(C2(c3cccc(-c4cccnc4F)c3)N=C(N)N(C)C2=O)cn1,7.6989698
603,2,CN1C(=O)C(c2cccc(-c3cccnc3F)c2)(c2cnn(C3CCCC3)c2)N=C1N,7.6989698
604,2,CC(C)(C)Cc1cnc2c(c1)C(NCC(O)C(Cc1ccc3c(c1)OCO3)NC(=O)C1CCCO1)CC1(CCC1)O2,7.6903696
605,2,CCCOC1CNC(C(O)C(Cc2cc(F)cc(F)c2)NC(=O)C(CCc2ccccc2)N2CCC(C(C)C)C2=O)C1,7.6777806
606,2,CCCN(CCC)C(=O)c1cc(Oc2ccc(F)cc2)cc(C(=O)NC(Cc2cc(F)cc(F)c2)C(O)CNCc2cccc(OC)c2)c1,7.6575775
607,2,Cc1cc([C@]2(c3cccc(C#CC4CC4)c3)N=C(N)N(C)C2=O)ccc1OC(F)F,7.6575775
608,2,COc1ccc(C2(c3cccc(-c4cc(Cl)cc(Cl)c4)c3)N=C(N)N3CCCN=C32)cc1,7.6500001
609,2,CC(=O)NC(Cc1ccc2c(c1)OCCO2)C(O)CNC1CC2(CCC2)Oc2ncc(CC(C)(C)C)cc21,7.642065
610,2,CCNC[C@@H](O)[C@H](Cc1ccccc1)NC(=O)c1cc2c3c(cn(CC)c3c1)CCS(=O)(=O)N2C,7.6382723
611,2,CCNCC(O)C(Cc1ccccc1)NC(=O)c1cc2c3c(c1)c(CC)cn3CCS(=O)(=O)N2C,7.318759
612,2,CCNc1cc(C(=O)NC(Cc2ccccc2)C(O)CNCc2cccc(C(F)(F)F)c2)cc(N2CCCCS2(=O)=O)c1C,7.6382723
613,2,CCc1cn2c3c(cc(C(=O)NC(Cc4ccccc4)C(O)CNC(C)(C)CCCC(C)C)cc13)N(C)S(=O)(=O)C2,7.6382723
614,2,CCc1cn2c3c(cc(C(=O)NC(Cc4ccccc4)C(O)CNC4CCOCC4)cc13)N(C(C)C)S(=O)(=O)CC2,7.6382723
615,2,CCCCN(C)C(=O)n1cc(C(=O)NC(Cc2ccccc2)C(O)CNCc2cccc(Br)c2)c2cccnc21,7.6382723
616,2,CCCOC1CNC(C(O)C(Cc2cc(F)cc(F)c2)NC(=O)C(CCc2ccccc2)N2CCC(COC)C2=O)C1,7.6382723
617,2,CN1C(=O)C2(CC(C)(C)Sc3ccc(-c4cc(F)cc(Cl)c4)cc32)N=C1N,7.6382723
618,2,CN1C(=O)C2(CC(C)(C)Cc3ccc(-c4cc(F)cc(Cl)c4)cc32)N=C1N,7.6197886
619,2,CN1C(=O)C2(CC(C)(C)Oc3ccc(-c4cc(Cl)cc(Cl)c4)cc32)N=C1N,7.5528421
620,2,CN1C(=O)C2(CC(C)(C)Oc3ccc(-c4cc(F)cc(Cl)c4)cc32)N=C1N,7.4089355
621,2,NC1=NC(c2ccc(OC(F)F)cc2)(c2cccc(-c3cncnc3)c2)C2=NCC(F)(F)CN12,7.6300001
622,2,CC(=O)NC(Cc1cc(F)cc(F)c1)C(O)CNC1(c2cccc(C(C)(C)C)c2)CCC(O)CC1,7.6197886
623,2,CC(=O)NC(Cc1cc(F)cc(F)c1)C(O)CNC1(c2cccc(C(C)(C)C)c2)CCC(=O)NC1,7.3279023
624,2,C=C1CCC(NCC(O)C(Cc2cc(F)cc(F)c2)NC(C)=O)(c2cccc(C(C)(C)C)c2)CC1,7.318759
625,2,CC(=O)NC(Cc1cc(F)cc(F)c1)C(O)CNC1(c2cccc(C(C)(C)C)c2)CCC(C)CC1,7.309804
626,2,CC(=O)NC(Cc1cc(F)cc(F)c1)C(O)CNC1(c2cccc(C(C)(C)C)c2)CCC(=O)CC1,6.9208188
627,2,O=C(C1CNCC12CCCc1cc(Br)ccc12)N1CCC(c2ccccc2)CC1C1CCCCC1,7.6197886
628,2,O=C(C1CNCC12CCCc1nc(Cl)ccc12)N1CCC(c2ccccc2)CC1C1CCCCC1,7.5376019
629,2,Cc1ccc2c(n1)CCCC21CNCC1C(=O)N1CCC(c2ccccc2)CC1C1CCCCC1,7.4436975
630,2,O=C(C1CNCC12CCCc1cc(Br)ccc12)N1CCC(c2ccccc2)CC1c1ccccc1,7.154902
631,2,CCOc1cc(CC2CS(=O)(=O)CC(NCc3cccc(C(C)(C)C)c3)C2O)cc(F)c1N,7.6197886
632,2,CCCc1cc(CC2CS(=O)(=O)CC(NCc3cccc(C(C)(C)C)c3)C2O)cc(F)c1N,6.8860564
633,2,CCCO/N=C(/C)c1cc(C(=O)NC(Cc2cc(F)cc(F)c2)[C@@H](O)CNCc2cccc(OC)c2)cc(N2CCCCS2(=O)=O)c1,7.6020598
634,2,C=CCO/N=C(/C)c1cc(C(=O)N[C@@H](Cc2cc(F)cc(F)c2)[C@@H](O)CNCc2cccc(OC)c2)cc(N2CCCCS2(=O)=O)c1,6.9546771
635,2,CC(C)c1cccc(CNCC(O)C(Cc2ccccc2)NC(=O)C2CCCC(C(C)(C)N3CCCC3=O)C2)c1,7.6020598
636,2,CCCCC1CCN(C(CCc2ccccc2)C(=O)NC(Cc2cc(F)cc(F)c2)C(O)C2CC(O)CN2)C1=O,7.6020598
637,2,CC1(c2cc(NC(=O)c3cnc(OCC(F)(F)F)cn3)ccc2F)N=C(N)OCC1(F)F,7.6020598
638,2,CC1(c2cc(NC(=O)c3ccc(OCC(F)(F)F)cn3)ccc2F)N=C(N)OCC1(F)F,6.9665761
639,2,CCN1CCN2CCS(=O)(=O)N(C)C3C=C(C(=O)NC(Cc4ccccc4)C(O)CNCc4cccc(C(F)(F)F)c4)C=C1C32,7.5850267
640,2,CCNc1cc(C(=O)NC(Cc2ccccc2)C(O)CNCCC(F)(F)F)cc2c1CCCS(=O)(=O)N2C,7.5850267
641,2,Cc1c(C(=O)NC(Cc2ccccc2)C(O)CNCc2cccc(C(F)(F)F)c2)cccc1N(c1ccccc1)S(C)(=O)=O,7.5850267
642,2,CCOC[C@H]1CCCCN1C(=O)n1cc(C(=O)N[C@@H](Cc2cc(F)cc(F)c2)[C@H](O)CNCc2cccc(OC)c2)c2cccnc21,7.5850267
643,2,CC#Cc1cncc(-c2cccc(C3(c4cc(C)c(OC)c(C)c4)N=C(C)C(N)=N3)c2)c1,7.5850267
644,2,CC1(c2cc(NC(=O)c3ccc(Cl)cn3)ccc2F)N=C(N)OCC1(F)F,7.5850267
645,2,CC1(c2cc(NC(=O)c3ccc(F)cn3)ccc2F)N=C(N)OCC1(F)F,7.1804562
646,2,CC1(c2cc(NC(=O)c3ncc(Cl)cn3)ccc2F)N=C(N)OCC1(F)F,7.1739254
647,2,Cc1ccc(C(=O)Nc2ccc(F)c(C3(C)N=C(N)OCC3(F)F)c2)nc1,7.0604806
648,2,CC(C)(C)Cc1cnc2c(c1)C(NCC(O)C(Cc1ccc3c(c1)OCO3)NC(=O)c1cccnc1)CC1(CCC1)O2,7.5833597
649,2,Cc1cc2cc(n1)NCCCCOc1cccc(c1)CC(C(O)CNCc1cccc(C(C)C)c1)NC2=O,7.5686364
650,2,Cc1cc2cc(n1)OCCCCOc1cccc(c1)CC(C(O)CNCc1cccc(C(C)C)c1)NC2=O,7.3767509
651,2,Cc1ccccc1-c1ccc2nc(N)c(CC(C(=O)NCC3CCCCC3)C(C)C)cc2c1,7.5686364
652,2,NC1=NC2(c3cc(NC(=O)c4ccc(Cl)cn4)ccc3F)CC2COC1,7.5686364
653,2,CCc1cn2c3c(cc(C(=O)NC(Cc4ccccc4)C(O)CNc4ccc(OC)cc4)cc13)NS(=O)(=O)CCC2,7.5528421
654,2,COc1cccc(CNCC(O)C(Cc2cc(F)cc(F)c2)NC(=O)c2cn(C(=O)N(C)CCC(C)C)c3ncccc23)c1,7.5528421
655,2,CC(C)(C)c1cccc(CNC2CS(=O)(=O)CC(Cc3cc(F)c(N)c(-c4cc[nH]n4)c3)C2O)c1,7.5528421
656,2,CC(C)(C)c1cccc(CNC2CS(=O)(=O)CC(Cc3cc(F)c(N)c(-c4ccco4)c3)C2O)c1,7.1023731
657,2,CC(C)(C)c1cccc(CNC2CS(=O)(=O)CC(Cc3cc(F)c(N)c(-c4ccoc4)c3)C2O)c1,6.8239088
658,2,CN1C(=O)C2(CC(C)(C)Oc3ccc(-c4cccc(OC(F)F)c4)cc32)N=C1N,7.5528421
659,2,COc1ccc(F)c(-c2cccc(C3(c4ccncc4)N=C(N)N4CC(F)(F)CN=C43)c2)c1,7.54
660,2,CC(F)C(=O)NC(Cc1ccc2c(c1)OCO2)C(O)CNC1CC2(CCC2)Oc2ncc(CC(C)(C)C)cc21,7.5391021
661,2,CC(C)C(=O)NC(Cc1ccc2c(c1)OCO2)C(O)CNC1CC2(CCC2)Oc2ncc(CC(C)(C)C)cc21,6.8416376
662,2,CCc1cn2c3c(cc(C(=O)NC(Cc4ccccc4)C(O)CNC4CCOCC4)cc13)N(CC(F)(F)F)S(=O)(=O)CC2,7.5376019
663,2,COCC(=O)NC(Cc1ccc(-c2nccs2)cc1)C(O)CNC1CC2(CCC2)Oc2ncc(CC(C)(C)C)cc21,7.5376019
664,2,CCc1cc([C@]2(c3cccc(-c4cncnc4)c3)N=C(N)N(C)C2=O)ccn1,7.5228786
665,2,CN1C(=O)C(c2ccncc2)(c2cccc(-c3cccnc3F)c2)N=C1N,7.5228786
666,2,COc1ccc([C@]2(c3cccc(-c4cccnc4F)c3)N=C(N)N(C)C2=O)cc1,7.5228786
667,2,CN1C(=O)[C@@](c2ccc(OCCF)cc2)(c2cccc(-c3cccnc3F)c2)N=C1N,7.5228786
668,2,CN1C(=O)[C@@](c2ccc(OC(F)F)cc2)(c2ccc(F)c(OCCC=C(F)F)c2)N=C1N,7.5228786
669,2,CN1C(=O)[C@@](c2ccc(OC(F)F)cc2)(c2cccc(OCCC=C(F)F)c2)N=C1N,7.5228786
670,2,COC[C@H]1CCCCN1C(=O)n1cc(C(=O)N[C@@H](Cc2cc(F)cc(F)c2)[C@H](O)CNCc2cccc(OC)c2)c2cccnc21,7.5228786
671,3,CC(C)Cn1cc(C2(c3cccc(-c4cncnc4)c3)N=C(N)N(C)C2=O)cn1,7.5228786
672,3,CC(C)CCn1cc(C2(c3cccc(-c4cncnc4)c3)N=C(N)N(C)C2=O)cn1,7.5228786
673,3,CCn1cc(C2(c3ccc(F)c(-c4cccnc4F)c3)N=C(N)N(C)C2=O)cn1,7.5228786
674,3,CN1C(=O)C(c2cccc(-c3cccnc3F)c2)(c2cnn(CC(F)(F)F)c2)N=C1N,7.5228786
675,3,CN1C(=O)C(c2ccsc2)(c2ccc(F)c(-c3cccnc3F)c2)N=C1N,7.5228786
676,3,CN1C(=O)C2(CC(C)(C)Cc3ccc(-c4cccnc4F)cc32)N=C1N,7.5228786
677,3,CN1C(=O)C2(CC(C)(C)Oc3ccc(-c4cccnc4F)cc32)N=C1N,6.8860569
678,3,NC1=NC(c2ccc(OC(F)F)cc2)(c2cccc(-c3cccnc3F)c2)C2=NCC(F)(F)CN12,7.52
679,3,CCCN(CCC)C(=O)c1cccc(C(=O)NC(Cc2cc(F)cc(F)c2)C(O)CNCc2cccc(OC)c2)c1,7.5086384
680,3,COc1cccc(CNC[C@H](O)[C@H](Cc2cc(F)cc(F)c2)NC(=O)c2cc(/C(C)=N\OCc3ccccc3)cc(N3CCCCS3(=O)=O)c2)c1,7.5086384
681,3,Cc1ccccc1-c1ccc2nc(N)c(CC(C)C(=O)NCc3cncs3)cc2c1,7.5086384
682,3,CCC(C)C1(NC(C)=O)CCN(C(C)C(=O)NC(Cc2cc(F)cc(F)c2)C(O)C2CC(O)CN2)C1=O,7.5086384
683,3,CC1(c2cc(NC(=O)c3ccc(Cl)cn3)ccc2F)COCC(N)=N1,7.5086384
684,3,CC1(c2cc(NC(=O)c3ccc(Cl)cn3)ccc2F)CCOC(N)=N1,6.8632793
685,3,CC1(c2cc(NC(=O)c3ccc(Cl)cn3)ccc2F)CCC2(CC2)C(N)=N1,7.5086384
686,3,CCn1cc2c3c(cc(C(=O)NC(Cc4ccccc4)[C@H](O)CNCC(F)(F)C(F)(F)F)cc31)N(C)S(=O)(=O)CC2,7.4948502
687,3,CC(C)CCCC(C)NCC(O)C(Cc1ccccc1)NC(=O)c1cccc(N(c2ccccc2)S(C)(=O)=O)c1,7.4948502
688,3,CCCCCN(C)C(=O)n1cc(C(=O)NC(Cc2cc(F)cc(F)c2)C(O)CNCc2cccc(OC)c2)c2cccnc21,7.4948502
689,3,COCC1CCN(C(CCc2ccccc2)C(=O)NC(Cc2cc(F)cc(F)c2)C(O)CNCc2cccc(OC)c2)C1=O,7.4948502
690,3,CN1CC(N)=NC(C)(c2cccc(NC(=O)c3ccc(Cl)cn3)c2)C1,7.4948502
691,3,CC(=O)NC(Cc1cc(F)cc(F)c1)C(O)CNC1(c2cccc(C(C)(C)C)c2)CCC(C(F)(F)F)CC1,7.4814858
692,3,CC(=O)NC(Cc1cc(F)cc(F)c1)C(O)CNC1(c2cccc(C(C)(C)C)c2)CCC(S(C)(=O)=O)CC1,6.6777806
693,3,COc1cc(CC2CS(=O)CC(NCc3cccc(C(C)(C)C)c3)C2O)cc(F)c1N,7.4814858
694,3,CC(C)(C)Cc1cnc2c(c1)C(NCC(O)C(Cc1ccc3c(c1)OCO3)NC(=O)c1cccnc1F)CC1(CCC1)O2,7.4788618
695,3,CC(C)(C)Cc1cnc2c(c1)C(NCC(O)C(Cc1ccc3c(c1)OCO3)NC(=O)c1ccccc1F)CC1(CCC1)O2,7.1157713
696,3,NC1=NC(c2ccc(OC(F)(F)F)cc2)(c2cccc(-c3cncnc3)c2)C2=NCCCN12,7.4685211
697,3,Cc1ccccc1-c1ccc2nc(N)c(CCC(=O)NCC3CCCCC3)cc2c1,7.4685211
698,3,CCCOC1CNC(C(O)C(Cc2cc(F)cc(F)c2)NC(=O)C(C)N2CCC(CC(C)C)C2=O)C1,7.4559321
699,3,NC1=NC(c2ccnc(C(F)F)c2)(c2ccc(F)c(-c3cncnc3)c2)c2cccc(F)c21,7.4546928
700,3,CC(=O)NC(Cc1ccc(OC(F)F)c(OC(F)F)c1)C(O)CNC1CC2(CCC2)Oc2ncc(CC(C)(C)C)cc21,7.4534574
701,3,CC(C)(C)c1cccc(CNC2CS(=O)(=O)CC(Cc3ccc(N)c(OCC(F)(F)F)c3)C2O)c1,7.4436975
702,3,CN1C(=O)C2(CC(C)(C)Oc3ccc(-c4cc(Cl)ccc4F)cc32)N=C1N,7.4436975
703,3,CC1(c2cc(NC(=O)c3ccn(C(F)F)n3)ccc2F)N=C(N)OCC1(F)F,7.4436975
704,3,NC1=NC(c2ccnc(C(F)F)c2)(c2ccc(F)c(-c3cncnc3)c2)c2cc(F)cc(F)c21,7.4412913
705,3,COc1ccc(C2(c3ccc(F)c(-c4cccnc4)c3)N=C(N)N3CC(F)(F)CN=C32)cc1C,7.4299998
706,3,COc1cccc(CNC[C@H](O)[C@H](Cc2cc(F)cc(F)c2)NC(=O)c2cc(/C(C)=N\O)cc(N3CCCCS3(=O)=O)c2)c1,7.4202166
707,3,CCCCC1CCN(C(CCc2ccccc2)C(=O)NC(Cc2cc(F)cc(F)c2)C(O)CNCc2cccc(OC)c2)C1=O,7.4202166
708,3,CC1(c2cc(NC(=O)c3ncc(Cl)cc3Cl)ccc2F)CCOC(N)=N1,7.4089355
709,3,CC1(c2cc(NC(=O)c3ncc(Cl)cc3Cl)ccc2F)COCC(N)=N1,7.3467875
710,3,CCc1cn(C)c2c(N3CCCC3=O)cc(C(=O)NC(Cc3ccccc3)C(O)CNCc3cccc(C(F)(F)F)c3)cc12,7.3979402
711,3,CCNc1cc(C(=O)NC(Cc2ccccc2)C(O)CNCc2cncc(C#N)c2)cc(N2CCCCS2(=O)=O)c1,7.3979402
712,3,Cc1ccoc1C(=O)Nc1cccc(C2(C3CCCCC3)N=C(N)N(C)C2=O)c1,7.3979402
713,3,COc1ccc(C2(c3cccc(-c4cccnc4)c3)N=C(N)N(C)C2=O)cc1C(F)(F)F,7.3979402
714,3,CN1C(=O)C(c2ccncc2)(c2cccc(-c3cccc(F)c3F)c2)N=C1N,7.3979402
715,3,Nc1nc(Cn2c(-c3ccc(Oc4cncnc4)cc3)ccc2-c2ccccc2Cl)ccc1OCCO,7.3979402
716,3,Nc1nc(Cn2c(-c3ccc(Oc4cncnc4)cc3)ccc2-c2ccccc2Cl)ccc1NCCO,7.154902
717,3,CCCC(O)C1CCN(C(C)C(=O)NC(Cc2cc(F)cc(F)c2)C(O)C2CC(O)CN2)C1=O,7.3979402
718,3,CCn1cc(C2(c3ccc(F)c(-c4cncnc4)c3)N=C(N)N(C)C2=O)cn1,7.3979402
719,3,CC(C)n1cc(C2(c3ccc(F)c(-c4cccnc4F)c3)N=C(N)N(C)C2=O)cn1,7.3979402
720,3,CN1C(=O)C(c2ccsc2)(c2cccc(-c3cccnc3F)c2)N=C1N,7.3979402
721,3,COc1cncc(-c2cccc(C3(c4ccsc4)N=C(N)N(C)C3=O)c2)c1,7.3979402
722,3,CN1CC(C)(c2cc(NC(=O)c3ccc(Cl)cn3)ccc2F)N=C(N)C1=O,7.3979402
723,3,CC#Cc1cc([C@@]2(c3ccc(OC(F)F)cc3)N=C(N)N(C)C2=O)ccc1F,7.3872161
724,3,COc1c(C)cc(C2(c3cccc(-c4cncnc4)c3)N=C(N)c3c(F)cccc32)cc1C#N,7.3798637
725,3,CC1(c2cc(NC(=O)c3ccc(OC(F)(F)C(F)F)cn3)ccc2F)N=C(N)OCC1(F)F,7.3767509
726,3,COc1cccc(CNC[C@H](O)[C@H](Cc2cc(F)cc(F)c2)NC(=O)c2cc(C(C)O)cc(N3CCCCS3(=O)=O)c2)c1,7.3665314
727,3,COc1cccc(CNC[C@H](O)[C@H](Cc2cc(F)cc(F)c2)NC(=O)c2cc(C(C)=O)cc(N3CCCCS3(=O)=O)c2)c1,7.0457573
728,3,COc1cccc(CNC[C@H](O)[C@H](Cc2cc(F)cc(F)c2)NC(=O)c2cc(C(C)O)cc(N(C)S(C)(=O)=O)c2)c1,7.3665314
729,3,COc1cccc(CNC[C@H](O)[C@H](Cc2cc(F)cc(F)c2)NC(=O)c2cc(C(C)=O)cc(N(C)S(C)(=O)=O)c2)c1,6.9065785
730,3,CC(C)(C)c1cccc(CNC2CS(=O)(=O)CC(Cc3cc(F)c(N)c(OCCF)c3)C2O)c1,7.3665314
731,3,CCCOc1cc(CC2CS(=O)(=O)CC(NCc3cccc(C(C)(C)C)c3)C2O)cc(F)c1N,7.251812
732,3,CC(C)Oc1cc(CC2CS(=O)(=O)CC(NCc3cccc(C(C)(C)C)c3)C2O)cc(F)c1N,7.3665314
733,3,CC(=O)NC(Cc1ccc(C(F)(F)F)c(F)c1)C(O)CNC1CC2(CCC2)Oc2ncc(CC(C)(C)C)cc21,7.3565474
734,3,Nc1c(F)cc(CC2CS(=O)(=O)CC(NCc3cccc(OC(F)(F)F)c3)C2O)cc1OC(C(F)(F)F)C(F)(F)F,7.3565474
735,3,CCCCN(CCCC)C(=O)n1cc(C(=O)NC(Cc2cc(F)cc(F)c2)C(O)CNCc2cccc(OC)c2)c2ccccc21,7.3467875
736,3,CCCOc1cc(CC2CS(=O)(=O)CC(NCc3cccc(C(C)(C)C)c3)C2O)ccc1N,7.3467875
737,3,CC(=O)NC(Cc1cc(F)cc(F)c1)C(O)CNC1(c2cc(F)cc(C(C)(C)C)c2)CCCCC1,7.3372421
738,3,CC(=O)NC(Cc1cc(F)cc(F)c1)C(O)CNC1(c2cc(O)cc(C(C)(C)C)c2)CCCCC1,6.7695513
739,3,CC(=O)NC(Cc1cc(F)cc(F)c1)C(O)CNC1(c2cc(Br)cc(C(C)(C)C)c2)CCCCC1,6.7594509
740,3,CC(=O)NC(Cc1cc(F)cc(F)c1)C(O)CNC1(c2cc(C)cc(C(C)(C)C)c2)CCCCC1,6.7447276
741,3,CC(=O)NC(Cc1cc(F)cc(F)c1)C(O)CNC1(c2cc(I)cc(C(C)(C)C)c2)CCCCC1,6.6516953
742,3,CC(=O)NC(Cc1cc(F)cc(F)c1)C(O)CNC1(c2cc(N)cc(C(C)(C)C)c2)CCCCC1,6.4975729
743,3,COc1cccc(CNCC(O)C(Cc2cc(F)cc(F)c2)NC(=O)C(C)N2CCC(CC3CC3)(NC(C)=O)C2=O)c1,7.3372421
744,3,CC(=O)NC(Cc1cc(F)cc(F)c1)C(O)CNC1(c2cccc(C(C)C)c2)CCCCC1,7.3279023
745,3,C=C(C)c1cccc(C2(NCC(O)C(Cc3cc(F)cc(F)c3)NC(C)=O)CCCCC2)c1,7.0
746,3,CC(=O)NC(Cc1cc(F)cc(F)c1)C(O)CNC1(c2cccc(N(C)C)c2)CCCCC1,6.3872161
747,3,C#Cc1ccc(CC(NC(=O)COC)C(O)CNC2CC3(CCC3)Oc3ncc(CC(C)(C)C)cc32)cc1,7.3279023
748,3,CC(C)(C)Cc1cnc2c(c1)C(NCC(O)C(Cc1ccc3c(c1)OCO3)NC(=O)c1ccc(F)nc1)CC1(CCC1)O2,7.3151546
749,3,COCc1cc2cc(c1)C(=O)NC(C(O)CNC(C)(C)c1cccc(C(C)C)c1)Cc1cccc(c1)OCCCCN2,7.3010302
750,3,COCc1cc2cc(c1)C(=O)NC(C(O)CNC1(c3cccc(C(C)(C)C)c3)CCCC1)Cc1cccc(c1)OCCCCN2,7.3010302
751,3,CCOc1cc(C2(c3cccc(-c4cccnc4)c3)N=C(N)N(C)C2=O)ccc1OC,7.3010302
752,3,CCCOc1cc(C2(c3cccc(-c4cccnc4)c3)N=C(N)N(C)C2=O)ccc1OC,7.3010302
753,3,CCCCOc1cc(C2(c3cccc(-c4cccnc4)c3)N=C(N)N(C)C2=O)ccc1OC,7.3010302
754,3,CN1C(=O)C(c2ccncc2)(c2cccc(-c3cccc(F)c3)c2)N=C1N,7.3010302
755,3,CC(C)SC(NC(=O)C(CC(O)C1COCc2cccc(c2)C(C)NC(=O)c2cc(cc(N(C)S(C)(=O)=O)c2)C(=O)N1)C(C)C)C(=O)NCc1ccccc1,7.3010302
756,3,CN1C(=O)C(c2cccc(-c3cccnc3F)c2)(c2cnn(CCF)c2)N=C1N,7.3010302
757,3,CO/N=C(/C)c1cc(C(=O)NC(Cc2cc(F)cc(F)c2)[C@@H](O)CNCc2cccc(OC)c2)cc(N2CCCCS2(=O)=O)c1,7.2839966
758,3,CCc1cc(CC2CS(=O)(=O)CC(NCc3cccc(C(C)(C)C)c3)C2O)cc(F)c1NC(=O)CN(C)C,7.2839966
759,3,CCCN(CCC)C(=O)c1cc(Oc2ccccc2OC)cc(C(=O)NC(Cc2cc(F)cc(F)c2)C(O)CNCc2cccc(OC)c2)c1,7.2676063
760,3,CCC(C)C1(NC(C)=O)CCN(C(CCc2ccccc2)C(=O)NC(Cc2cc(F)cc(F)c2)C(O)C2Cc3ccccc3CN2)C1=O,7.2676063
761,3,CCCN(CCC)C(=O)c1cc(C(=O)NC(Cc2cc(F)cc(F)c2)C(O)CNCc2cccc(OC)c2)cc(/C(C)=N\OCC(C)C)c1,7.2596374
762,3,CC(C)(C)c1cccc(CNC2CS(=O)(=O)CC(Cc3ccc(O)c(Br)c3)C2O)c1,7.2596374
763,3,CC(C)(C)c1cccc(CNC2CS(=O)(=O)CC(Cc3ccc(N)c(Br)c3)C2O)c1,6.8538718
764,3,CC(C)(C)c1cccc(CNC2CS(=O)(=O)CC(Cc3ccc(N)c(F)c3)C2O)c1,6.4559321
765,3,COCCC#Cc1cccc(C2(c3ccc(OC(F)F)cc3)N=C(N)N3CC(F)(F)CN=C32)c1,7.25
766,3,CC1(c2cc(NC(=O)c3ccc(OC(F)(F)F)cn3)ccc2F)N=C(N)OCC1(F)F,7.2441254
767,3,CC(=O)Nc1c(Cl)cc(CNC(=N)NC(=O)Cn2ccc3cc(C#N)ccc32)cc1Cl,7.2441254
768,3,COc1ccc2c(ccn2CC(=O)NC(=N)NCc2cc(Cl)c(NC(C)=O)c(Cl)c2)c1,6.3467875
769,3,NC1=NC(c2ccc(OC(F)F)cc2)(c2cccc(C#COCCCF)c2)C2=NCC(F)(F)CN12,7.23
770,3,CCCO/N=C(/C)c1cc(C(=O)NC(Cc2cc(F)cc(F)c2)[C@@H](O)CNCc2cccc(OC)c2)cc(N(C)S(C)(=O)=O)c1,7.2291479
771,3,C=CCO/N=C(/C)c1cc(C(=O)N[C@@H](Cc2cc(F)cc(F)c2)[C@@H](O)CNCc2cccc(OC)c2)cc(N(C)S(C)(=O)=O)c1,6.821023
772,3,CO/N=C(\C)c1cc(C(=O)NC(Cc2cc(F)cc(F)c2)[C@@H](O)CNCc2cccc(OC)c2)cc(N(C)S(C)(=O)=O)c1,7.221849
773,3,CCc1cn2c3c(cc(C(=O)NC(Cc4ccccc4)C(O)CNC4CCCCC4)cc13)N(C)S(=O)(=O)C2,7.221849
774,3,COCc1cc2cc(c1)C(=O)NC(C(O)CNCc1cccc(C(C)C)c1)Cc1cccc(c1)OCCCCN2,7.221849
775,3,COc1ccc(C2(c3cccc(-c4cccnc4)c3)N=C(N)N(C)C2=O)cc1OC(C)C,7.221849
776,3,CN1C(=O)C(c2ccc(OC(F)(F)F)cc2)(c2cccc(-c3cccnc3F)c2)N=C1N,7.221849
777,3,CN1C(=O)[C@@](c2ccc(OC(F)(F)F)cc2)(c2cccc(-c3cccnc3F)c2)N=C1N,7.221849
778,3,CN1C(=O)C(c2ccncc2)(c2cccc(-c3cc(F)cc(F)c3)c2)N=C1N,7.221849
779,3,CN1C(=O)[C@@](c2ccc(OC(F)F)cc2)(c2cccc(CCCC(F)(F)F)c2)N=C1N,7.221849
780,3,CN1C(=O)[C@@](c2ccc(OC(F)F)cc2)(c2cccc(OCCC(F)(F)F)c2)N=C1N,6.6989698
781,3,CNC(=O)Oc1ccc(CC2CS(=O)(=O)CC(NCc3cccc(C(C)C)c3)C2O)cc1Br,7.221849
782,3,CCCCC1CCN(C(C)C(=O)NC(Cc2cc(F)cc(F)c2)C(O)CNCc2cccc(OC)c2)C1=O,7.221849
783,3,COc1ccc(F)c(-c2ccc3c(c2)C2(CC(C)(C)O3)N=C(N)N(C)C2=O)c1,7.221849
784,3,Cc1cc(C2(c3cccc(-c4cncnc4)c3)N=C(N)c3c(F)cccc32)cn(C)c1=O,7.2160964
785,3,CN(C)CC(=O)Nc1ccc(CC2CS(=O)(=O)CC(NCc3cccc(C(C)(C)C)c3)C2O)cc1F,7.2146702
786,3,CC#Cc1cncc(-c2cc(C3(C4CC4)N=C(C)C(N)=N3)ccc2O)c1,7.2146702
787,3,CC#Cc1ccnc(-c2cc(C3(C4CC4)N=C(C)C(N)=N3)ccc2O)c1,6.8860569
788,3,COc1cc(F)cc(-c2ccc3c(c2)C2(CC(C)(C)O3)N=C(N)N(C)C2=O)c1,7.2146702
789,3,CC1(c2cc(NC(=O)c3ccc(Cl)cn3)ccc2F)Cc2ccccc2C(N)=N1,7.2146702
790,3,CC1(c2cc(NC(=O)c3ccc(Cl)cn3)ccc2F)N=C(N)c2ccccc2O1,6.9208188
791,3,CCNc1cc(C(=O)NC(Cc2ccccc2)C(O)CNCc2cccc(C(F)(F)F)c2)cc(N2CCCC2=O)c1C,7.2006593
792,3,CN1C(=O)C2(CC(C)(C)Oc3ccc(-c4cncc(C(F)(F)F)c4)cc32)N=C1N,7.2006593
793,3,CN1C(=O)C2(CC(C)(C)Oc3ccc(-c4cccc(C(F)(F)F)c4)cc32)N=C1N,7.1307683
794,3,COCC(=O)NC(Cc1cccc(-c2nccn2C)c1)C(O)CNC1CC2(CCC2)Oc2ncc(CC(C)(C)C)cc21,7.19382
795,3,CCCCN(C)C(=O)n1cc(C(=O)NC(Cc2cc(F)cc(F)c2)C(O)CNCc2cccc(OC)c2)c2ccc(F)cc21,7.1804562
796,3,CCCN(CCC)C(=O)c1cc(C(=O)NC(Cc2cc(F)cc(F)c2)C(O)CNCc2cccc(OC)c2)cc(/C(C)=N\OCc2ccccc2)c1,7.1739254
797,3,COCc1cc2cc(c1)C(=O)NC(C(O)CNC1(c3cccc(C(C)(C)C)c3)CCC1)Cc1cccc(c1)OCCCCN2,7.1739254
798,3,CCCC(O)C1CCN(C(C)C(=O)NC(Cc2cc(F)cc(F)c2)C(O)CNCc2cccc(OC)c2)C1=O,7.167491
799,3,COc1ccc(C2(c3cccc(-c4cccnc4F)c3)N=C(N)N3CCCN=C32)cc1,7.154902
800,3,COc1ccc(C2(C34CC5CC(CC(C5)C3)C4)N=C(N)N(C)C2=O)cc1,7.154902
801,3,COc1ccc(C2(c3cccc(-c4cccnc4)c3)N=C(N)N(C)C2=O)cc1OC1CCCC1,7.154902
802,3,CC(C)c1cc(C2(c3cccc(-c4cncnc4)c3)N=C(N)N(C)C2=O)ccn1,7.154902
803,3,CN1C(=O)[C@@](c2ccc(OC(F)F)cc2)(c2ccc(F)c(OCC(F)F)c2)N=C1N,7.154902
804,3,Cc1cc([C@]2(c3ccc(F)c(OCC(F)F)c3)N=C(N)N(C)C2=O)ccc1OC(F)F,7.154902
805,3,CCCCN(C)C(=O)n1cc(C(=O)NC(Cc2cc(F)cc(F)c2)C(O)CNCc2cccc(OC)c2)c2cc(C(=O)O)ccc21,7.154902
806,3,CCCOC1CNC(C(O)C(Cc2cc(F)cc(F)c2)NC(=O)C(C)N2CCC(C(O)CCC)C2=O)C1,7.154902
807,3,CN1C(=O)C(c2cccc(-c3cncnc3)c2)(c2cnn(C3CCCC3)c2)N=C1N,7.154902
808,3,COCC(=O)NC(Cc1cccc(-c2nccs2)c1F)C(O)CNC1CC2(CCC2)Oc2ncc(CC(C)(C)C)cc21,7.1487417
809,3,CC(=O)NC(Cc1cc(F)cc(F)c1)C(O)CNC1(c2cccc(C(C)(C)C)c2)CCC(Nc2ccccn2)CC1,7.1366773
810,3,CC(=O)NC(Cc1cc(F)cc(F)c1)C(O)CNC1(c2cccc(C(C)(C)C)c2)CCC(Nc2cccnc2)CC1,6.3010302
811,3,COc1cccc(CNCC(O)C(Cc2cc(F)cc(F)c2)NC(=O)c2cccc(N3CCCCS3(=O)=O)c2)c1,7.1307683
812,3,COc1cccc(CNC[C@H](O)[C@H](Cc2cc(F)cc(F)c2)NC(=O)c2cccc(N(C)S(C)(=O)=O)c2)c1,7.124939
813,3,CC(C)(C)c1cccc(CNC2CS(=O)(=O)CC(Cc3cc(F)c(N)c(OCCC(F)(F)F)c3)C2O)c1,7.124939
814,3,COc1cccc(CNCC(O)C(Cc2cc(F)cc(F)c2)NC(=O)C(CCc2ccccc2)N2CCC(C(C)C)C2=O)c1,7.1249385
815,3,COc1cccc(CNC[C@H](O)[C@H](Cc2cc(F)cc(F)c2)NC(=O)c2cc(/C(C)=N\O)cc(N(C)S(C)(=O)=O)c2)c1,7.1191864
816,3,COc1cc(C(C)(C)C)cc(C2(NCC(O)C(Cc3cc(F)cc(F)c3)NC(C)=O)CCCCC2)c1,7.1135092
817,3,COC(Cc1cc(CC2CS(=O)(=O)CC(NCc3cccc(C(C)(C)C)c3)C2O)cc(F)c1N)C(F)(F)F,7.1079054
818,3,COc1c(C)cc(C2(c3cccc(-c4cncnc4)c3)N=C(N)c3c(F)cccc32)nc1C,7.1051302
819,3,CCn1cc2c3c(cc(C(=O)NC(Cc4ccccc4)[C@H](O)CNCC(F)(F)F)cc31)N(C)S(=O)(=O)CC2,7.1023731
820,3,CC(=O)Nc1c(Cl)cc(CNC(=N)NC(=O)Cn2ccc3ccc(Br)cc32)cc1Cl,7.1023731
821,3,CCOc1ccc(C2(c3cccc(-c4cccnc4F)c3)N=C(N)N3CCCN=C32)cc1OCC,7.09691
822,3,NC1=NC(c2ccc(OC(F)(F)F)cc2)(c2cccc(-c3cccnc3F)c2)C2=NCCN12,7.09691
823,3,NC1=NC(c2ccc(OC(F)(F)F)cc2)(c2cccc(-c3cccnc3F)c2)C2=NCCCCN12,7.09691
824,3,Cc1cc([C@]2(c3cccc(-c4cncnc4)c3)N=C(N)N(C)C2=O)ccn1,7.09691
825,3,Cc1cc([C@]2(c3cccc(-c4cccnc4)c3)N=C(N)N(C)C2=O)ccn1,7.0
826,3,CN1C(=O)[C@@](c2ccc(OC(F)F)cc2)(c2cccc(C(=O)CCCF)c2)N=C1N,7.09691
827,3,CN1C(=O)[C@@](c2ccc(OC(F)F)cc2)(c2cccc([C@H](F)CCCF)c2)N=C1N,7.09691
828,3,Cc1cc([C@]2(c3ccccc3)N=C(N)N(C)C2=O)ccc1OC(F)F,7.09691
829,3,CC(C)n1cc(C2(c3ccc(F)c(-c4cncnc4)c3)N=C(N)N(C)C2=O)cn1,7.09691
830,3,CN1C(=O)C(c2cccc(-c3cncnc3)c2)(c2csc(Cl)c2)N=C1N,7.09691
831,3,CN1C(=O)C(c2cccc(-c3cncnc3)c2)(c2cnn(C)c2)N=C1N,7.0
832,3,Cc1cc(C2(c3cccc(-c4cncnc4)c3)N=C(N)N(C)C2=O)cs1,6.8538718
833,3,COCC(Oc1cc(CC2CS(=O)CC(NCc3cccc(OC(C)C)c3)C2O)cc(F)c1N)C(F)(F)F,7.09691
834,3,CCCCN(C)C(=O)n1cc(C(=O)NC(Cc2cc(F)cc(F)c2)C(O)CNC2(c3cccc(CC)c3)CC2)c2cccnc21,7.0915151
835,3,Cc1cc2cc(n1)OCCCCOc1cccc(c1)CC(C(O)CNC(C)c1cccc(C(C)C)c1)NC2=O,7.0809221
836,3,CC(=O)NC(Cc1cc(F)cc(F)c1)C(O)CNC1(c2cccc(C(C)(C)C)c2)CCC(Nc2nccs2)CC1,7.070581
837,3,CCc1cn2c3c(cc(C(=O)NC(Cc4ccccc4)[C@H](O)CNCC4CCOCC4)cc13)OS(=O)(=O)CC2,7.0655017
838,3,NC1=NC(c2cccc(-c3cncnc3)c2)(c2ccnc(C3CC3)c2)c2cccc(F)c21,7.0634861
839,3,CCCCC1CCN(C(C)C(=O)NC(Cc2cc(F)cc(F)c2)C(O)C2CC(OCCC)CN2)C1=O,7.0604806
840,3,COc1cccc(CNCC(O)C(Cc2cc(F)cc(F)c2)NC(=O)C(C)N2CCC(CC(C)C)C2=O)c1,7.0506101
841,3,COc1cccc(-c2cccc(C3(c4ccncc4)N=C(N)N4CCCN=C43)c2)c1F,7.0500002
842,3,COc1ccc(C2(c3cccc(-c4cccnc4)c3)N=C(N)N(C)C2=O)cc1OC,7.0457573
843,3,COc1ccc(C2(c3cccc(-c4cccnc4)c3)N=C(N)N(C)C2=O)cc1C#N,6.8239088
844,3,CN1C(=O)C(c2cccc(-c3cccnc3)c2)(c2ccc3c(c2)OCCO3)N=C1N,7.0457573
845,3,CN1C(=O)C(c2ccsc2)(c2ccc(F)c(-c3cccnc3)c2)N=C1N,7.0457573
846,3,CCNc1cc(C(=O)NC(Cc2ccccc2)C(O)CNC2CCOCC2)cc(N2CCCCS2(=O)=O)c1,7.0409584
847,3,CCc1cn2c3c(cc(C(=O)NC(Cc4ccccc4)C(O)CNC)cc13)N(C)S(=O)(=O)C2,7.0409584
848,3,CCc1cnc2c(c1)C(NCC(O)C(Cc1ccccc1)NC(C)=O)CC1(CCC1)O2,7.0409584
849,3,COc1ccc(C2(c3cccc(-c4cccnc4)c3)N=C(N)N3CCCN=C32)cc1,7.04
850,3,COc1ccc([C@]2(c3cccc(-c4cncnc4)c3)N=C(N)N3CCCN=C32)cc1,7.0
851,3,CC(=O)NC(Cc1cc(F)cc(F)c1)C(O)CNC1(c2cc(NS(C)(=O)=O)cc(C(C)(C)C)c2)CCCCC1,7.031517
852,3,CC(C)(C)c1cccc(CNC2CS(=O)(=O)CC(Cc3cc(F)c(N)c(C4CC4)c3)C2O)c1,7.0268722
853,3,CCCCC1CCN(C(C)C(=O)NC(Cc2cc(F)cc(F)c2)C(O)C2CC(O)CN2)C1=O,7.0177288
854,3,COc1cccnc1-c1ccc2nc(N)c(CC(C)C(=O)NCCC(C)(C)C)cc2c1,7.0132284
855,3,CC(Cc1cc2cc(-c3ncccc3C#N)ccc2nc1N)C(=O)NCCC(C)(C)C,6.4089355
856,3,COc1ccc(C2(c3cccc(-c4cncnc4)c3)N=C(C)C(N)=N2)cc1C,7.0132284
857,3,CONC1CCC(NCC(O)C(Cc2cc(F)cc(F)c2)NC(C)=O)(c2cccc(C(C)(C)C)c2)CC1,7.0
858,3,CC(=O)NC(Cc1cc(F)cc(F)c1)C(O)CNC1(c2cccc(C(C)(C)C)c2)CCC(NC=O)CC1,6.6777806
859,3,CN1C(=O)C(c2cccc(NC(=O)c3ccco3)c2)(C2CCCCC2)N=C1N,7.0
860,3,COc1ccc(C2(c3cccc(-c4cncnc4)c3)N=C(N)N3CC(F)(F)CN=C32)cc1,7.0
861,3,COCCOc1cc(CC2CS(=O)(=O)CC(NCc3cccc(C(C)(C)C)c3)C2O)cc(F)c1N,7.0
862,3,CC(=O)NC(Cc1cc(F)cc(F)c1)C(O)CNC1(c2cc(C(C)(C)C)cs2)CCCCC1,6.9829664
863,3,CC(=O)Nc1c(Cl)cc(CNC(=N)NC(=O)Cn2ccc3cc(Br)ccc32)cc1Cl,6.9746943
864,3,COc1ccc2c(c1)C1(COC(N)=N1)c1cc(-c3cncnc3)ccc1O2,6.9706163
865,3,NC1=NC(c2ccncc2)(c2cccc(-c3cncnc3)c2)C2=NCC(F)(F)CN12,6.9699998
866,3,CCNc1cc(C(=O)NC(Cc2ccccc2)C(O)CNCc2cccc(C(F)(F)F)c2)cc(N2CCCC2=O)c1OC,6.9586072
867,3,CCCCCOc1ccc(-c2ccc(-c3ccccc3Cl)n2Cc2ccc(OCCO)c(N)n2)cc1,6.9586072
868,3,CCCCCOc1ccc(-c2ccc(-c3ccccc3Cl)n2Cc2ccc(NCCO)c(N)n2)cc1,6.7695513
869,3,CC[C@@H](C)Cc1cccc([C@@]2(c3ccc(OC(F)F)cc3)N=C(N)N(C)C2=O)c1,6.9586072
870,3,CCNc1cc(C(=O)NC(Cc2ccccc2)C(O)CNC2CC2)cc(N2CCCCS2(=O)=O)c1,6.9208188
871,3,COc1ccc(C2(c3cccc(-c4cccnc4)c3)N=C(N)N(C)C2=O)cc1C1CCCC1,6.9208188
872,3,CN1C(=O)C(c2cccc(-c3cccnc3)c2)(c2ccc3c(c2)CCO3)N=C1N,6.9208188
873,3,CN1C(=O)C(c2cccc(-c3cccnc3)c2)(c2ccc3c(c2)OCO3)N=C1N,6.6020598
874,3,CCCCNC(=O)C(C)CC(O)C(CC(C)C)NC(=O)C(C)NC(=O)C(CC(C)C)NC(C)=O,6.9208188
875,3,CN1C(=O)[C@@](c2ccc(OC(F)F)cc2)(c2ccc(F)c(OCCF)c2)N=C1N,6.9208188
876,3,CCCCN(C)C(=O)n1cc(C(=O)NC(Cc2cc(F)cc(F)c2)C(O)CNCc2cccc(OC)c2)c2ccc(C#N)cc21,6.9208188
877,3,CN1C(=O)C(c2ccc(F)c(-c3cncnc3)c2)(c2cnn(CC(F)(F)F)c2)N=C1N,6.9208188
878,3,CC(C)(C)c1cccc(CNC2CS(=O)(=O)CC(Cc3ccc4[nH]cc(CC(F)(F)F)c4c3)C2O)c1,6.9208188
879,3,NC1=NC(c2ccncc2)(c2cccc(-c3cncnc3)c2)c2cccc(F)c21,6.9065785
880,3,COc1ccccc1N(c1cccc(C(=O)NC(Cc2ccccc2)C(O)CNC(C)C(=O)NC2CCCCC2)c1)S(C)(=O)=O,6.8996296
881,3,CC(NCC(O)C(Cc1ccccc1)NC(=O)c1cccc(N(c2ccccc2C#N)S(C)(=O)=O)c1)C(=O)NC1CCCCC1,6.5086384
882,3,NC1=N[C@](c2ccc(OC(F)(F)F)cc2)(c2cccc(-c3cccnc3F)c2)C2=NCCCCCN12,6.8860564
883,3,CCC(C)(C)c1cccc(C2(NCC(O)C(Cc3cc(F)cc(F)c3)NC(C)=O)CCCCC2)c1,6.8860564
884,3,CC(=O)NC(Cc1cc(F)cc(F)c1)C(O)CNC1(c2cccc(C(C)(C)C#N)c2)CCCCC1,6.779892
885,3,CC(=O)NC(Cc1cc(F)cc(F)c1)C(O)CNC1(c2cccc(C(C)(C)CO)c2)CCCCC1,6.5850267
886,3,CC(C)(C)c1cccc(CNC2CS(=O)(=O)CC(Cc3ccc(N)c(OC(F)(F)F)c3)C2O)c1,6.8860564
887,3,COc1ccc2c(c1)C1(COC(N)=N1)c1cc(-c3cccc(Cl)c3)ccc1O2,6.8860564
888,3,CC(=O)NC(Cc1cc(F)cc(F)c1)C(O)CNC1(c2cc(CC(C)(C)C)cs2)CCCCC1,6.8827286
889,3,CC(=O)NC(Cc1cc(F)cc(F)c1)C(O)CNC1(c2cc(CC(C)(C)C)no2)CCCCC1,6.8569851
890,3,CC(=O)NC(Cc1cc(F)cc(F)c1)C(O)CNC1(c2ccn(CC(C)(C)C)n2)CCCCC1,6.6777806
891,3,NC1=NC(c2cccc(-c3cncnc3)c2)(c2ccnc(C(F)(F)F)c2)c2ccccc21,6.8728952
892,3,COc1ccc(C2(c3cccc(-c4cncnc4)c3)N=C(N)c3c(F)cccc32)cc1,6.8696661
893,3,NC1=NC(c2ccncc2)(c2cccc(-c3cncc(F)c3)c2)c2cccc(F)c21,6.8632793
894,3,COc1ccc(COCC(CC(O)C(COc2cc(F)cc(F)c2)NC(=O)c2cc(C(=O)NC(C)c3ccccc3)cc(N(C)S(C)(=O)=O)c2)OC)cc1,6.8538718
895,3,Cc1cc([C@]2(c3cccc(-c4cncnc4)c3)N=C(N)N(C)C2=O)cc(C)n1,6.8538718
896,3,CC(=O)NC(Cc1cc(F)cc(F)c1)C(O)CNC1(c2cccc(C(C)(C)C)c2)CC1,6.8538718
897,3,CCNc1cc(C(=O)NC(Cc2ccccc2)C(O)CNC2CC2)cc2c1CCCS(=O)(=O)N2C,6.8239088
898,3,CCc1cc([C@]2(c3cccc(-c4cncnc4)c3)N=C(N)N(C)C2=O)cc(C)n1,6.8239088
899,3,CCC(=O)N(C)C(C)(C)C1CCCC(C(=O)NC(Cc2ccccc2)C(O)CNCc2cccc(C(C)C)c2)C1,6.8239088
900,3,CCCCc1cc(CC2CS(=O)(=O)CC(NCc3cccc(C(C)C)c3)C2O)ccc1O,6.8239088
901,3,Cn1cc(Cl)c(C(=O)Nc2ccc(F)c(C3(C)N=C(N)OCC3(F)F)c2)n1,6.821023
902,3,NC1=NC(c2cccc(-c3cccnc3F)c2)(c2ccc3c(c2)OCO3)C2=NCCCN12,6.7958798
903,3,CC(=O)NC(Cc1cc(F)cc(F)c1)C(O)CNC1(c2cc(C(C)=O)cc(C(C)(C)C)c2)CCCCC1,6.7958798
904,3,CCCCN(C)C(=O)n1cc(C(=O)NC(Cc2cc(F)cc(F)c2)C(O)CNCc2cccc(OC)c2)c2cc(C(F)(F)F)ccc21,6.7958798
905,3,CCCOC1CNC(C(O)C(Cc2cc(F)cc(F)c2)NC(=O)C(C)N2CCC(C(C)C)C2=O)C1,6.7958798
906,3,CN1C(=O)[C@](c2ccccc2)(c2ccc(OC(F)F)cc2)N=C1N,6.7695513
907,3,COc1cccc(CNCC(O)C(Cc2cc(F)cc(F)c2)NC(=O)C(C)N2CCC(C(C)C)C2=O)c1,6.7695513
908,3,COc1cccc(-c2cccc(C3(c4ccncc4)N=C(C)C(N)=N3)c2)c1,6.7695513
909,3,COc1cccc(CNC[C@H](O)[C@H](Cc2cc(F)cc(F)c2)NC(=O)c2cc(/C(C)=N\OCC(C)C)cc(N(C)S(C)(=O)=O)c2)c1,6.7619538
910,3,COCc1cc2cc(c1)C(=O)NC(C(O)CNC(CF)c1cccc(C(C)(C)C)c1)Cc1cccc(c1)OCCCCN2,6.7520266
911,4,CC(NCC(O)C(Cc1ccccc1)NC(=O)c1cccc(N(Cc2ccccc2)S(C)(=O)=O)c1)C(=O)NC1CCCCC1,6.7447276
912,4,CCc1cc(C2(c3cccc(-c4cncnc4)c3)N=C(N)N(C)C2=O)c(C)s1,6.7447276
913,4,CCNc1cc(C(=O)NC(Cc2ccccc2)C(O)CNC2CCOCC2)cc2c1CCCS(=O)(=O)N2C,6.7212462
914,4,NC1=N[C@@](c2cccc(-c3cccnc3F)c2)(c2ccc3c(c2)OCCO3)C2=NCCCN12,6.7212462
915,4,CC1(C)CN2C(N)=N[C@](c3ccc(OC(F)(F)F)cc3)(c3cccc(-c4cccnc4F)c3)C2=N1,6.7212462
916,4,CCCCNC(=O)n1cc(C(=O)NC(Cc2cc(F)cc(F)c2)C(O)CNCc2cccc(OC)c2)c2ccccc21,6.7212462
917,4,CCCc1cc(CC2CS(=O)(=O)CC(NCc3cccc(C(C)C)c3)C2O)ccc1O,6.7212462
918,4,CC(=O)N[C@@H](Cc1cc(F)cc(F)c1)[C@H](O)CNC(C)(C)c1cccc(C(C)(C)C)c1,6.6989698
919,4,CN1C(=O)[C@@](c2ccc(OC(F)F)cc2)(c2cccc(OC(F)F)c2)N=C1N,6.6989698
920,4,CCc1c[nH]c2ccc(CC3CS(=O)(=O)CC(NCc4cccc(C(C)(C)C)c4)C3O)cc12,6.6989698
921,4,NC1=N[C@](c2ccc(OC(F)(F)F)cc2)(c2cccc(CCC3CC3)c2)C2=NCCCN12,6.6777806
922,4,COCC(=O)Nc1cccc([C@@]2(C3CCCCC3)N=C(N)N(C)C2=O)c1,6.6777806
923,4,CCCN(CC1CC1)C(=O)n1cc(C(=O)NC(Cc2cc(F)cc(F)c2)C(O)CNCc2cccc(OC)c2)c2cccnc21,6.6777806
924,4,COCC(Oc1cc(CC2CS(=O)CC(NCc3cccc(OC(F)(F)F)c3)C2O)cc(F)c1N)C(F)(F)F,6.6736641
925,4,CC(=O)NC(Cc1cc(F)cc(F)c1)C(O)CNC1(c2cccc(C(C)(C)C)c2)CCCC1,6.6575775
926,4,CCCCCOc1ccc(-c2ccc(-c3ccccc3Cl)n2Cc2ccc(NCCCO)c(N)n2)cc1,6.6575775
927,4,CCCc1n[nH]c2ccc(CC3CS(=O)(=O)CC(NCc4cccc(C(C)(C)C)c4)C3O)cc12,6.6575775
928,4,CC(=O)N[C@@H](Cc1cc(F)cc(F)c1)[C@H](O)CNC1(c2cccc(C(C)(C)C(F)F)c2)CC1,6.6382723
929,4,Cc1ccc(C(=O)Nc2ccc3c(c2)C2(CC(C)(C)O3)N=C(N)N(C)C2=O)o1,6.6382723
930,4,COC(=O)NC1CCC(NCC(O)C(Cc2cc(F)cc(F)c2)NC(C)=O)(c2cccc(C(C)(C)C)c2)CC1,6.6197886
931,4,CC(=O)NC(Cc1cc(F)cc(F)c1)C(O)CNC1(c2cccc(C(C)(C)C)c2)CCC(N(O)C(C)=O)CC1,6.6197886
932,4,COC(COCc1ccccc1)CC(O)C(COc1cc(F)cc(F)c1)NC(=O)c1cc(C(=O)NC(C)c2ccccc2)cc(N(C)S(C)(=O)=O)c1,6.6197886
933,4,CN1C(=O)C(c2ccncc2)(c2cccc(-c3ccsc3)c2)N=C1N,6.6197886
934,4,CCCN(CCC)C(=O)n1cc(C(=O)NC(Cc2ccccc2)C(O)CNCc2cccc(OC)c2)c2ccccc21,6.6197886
935,4,CC(C)SC(NC(=O)C(CC(O)C1COCc2cccc(c2)C(c2ccccc2)NC(=O)c2cc(cc(N(C)S(C)(=O)=O)c2)C(=O)N1)C(C)C)C(=O)NCc1ccccc1,6.6197886
936,4,NC1=NC(c2cccc(-c3cncnc3)c2)(c2ccnc(C(F)(F)F)c2)c2cccc(F)c21,6.6179829
937,4,COc1cccc(CNC[C@H](O)[C@H](Cc2cc(F)cc(F)c2)NC(=O)c2cc(/C(C)=N/OCC(C)C)cc(N(c3ccccc3)S(C)(=O)=O)c2)c1,6.6161847
938,4,CS(=O)(=O)N(c1ccccc1)c1cccc(C(=O)NC(Cc2ccccc2)C(O)CNC2CCCCC2)c1,6.6143937
939,4,CCc1cn2c3c(cc(C(=O)NC(Cc4ccccc4)[C@H](O)CNC4CC4)cc13)OS(=O)(=O)CC2,6.6020598
940,4,CN1C(=O)C(c2ccncc2)(c2cccc(-c3cccc(C(F)(F)F)c3)c2)N=C1N,6.6020598
941,4,CC(=O)NC(Cc1cc(F)cc(F)c1)C(O)CNC1(c2cccc(N3CCCCC3=O)c2)CCCCC1,6.6020598
942,4,N#Cc1cncc(-c2cccc(C3(c4ccnc(C(F)(F)F)c4)N=C(N)c4c(F)cccc43)c2)c1,6.5968795
943,4,C#Cc1cccc([C@@]2(c3ccc(OC(F)F)cc3)N=C(N)N(C)C2=O)c1,6.5850267
944,4,CCN1C(=O)C2(CC(C)(C)Oc3ccc(-c4cccc(Cl)c4)cc32)N=C1N,6.5850267
945,4,NC1=NC(c2ccncc2)(c2cccc(-c3cccnc3)c2)C2=NCCCN12,6.5799999
946,4,NC1=NC(c2ccncc2)(c2cccc(-c3cncnc3)c2)c2ccccc21,6.3010302
947,4,COc1ccc(C2(C34CC5CC(CC(C5)C3)C4)N=C(N)N(C)C2=O)cc1OC,6.5686364
948,4,CCc1cc(C2(C34CC5CC(CC(C5)C3)C4)N=C(N)N(C)C2=O)ccc1OC,6.5528421
949,4,CN(c1cc2cc(c1)C(=O)NC(C(O)CNCc1ccccc1)COC/C=C/CCNC2=O)S(C)(=O)=O,6.5686364
950,4,CC1CC2(CCN1Cc1ccc(O)cc1)CN(C)S(=O)(=O)N2c1cccc(F)c1,6.5686364
951,4,COc1ccc(C2(c3cccc(-c4cncnc4)c3)N=C(C)C(N)=N2)cc1,6.5686364
952,4,COc1ccc(C2(c3cccc(-c4cccnc4)c3)N=C(C)C(N)=N2)cc1,6.4814858
953,4,Nc1cccc(Cn2c(-c3ccc(Oc4nccs4)cc3)ccc2-c2ccccc2Cl)n1,6.5376019
954,4,CC(=O)N[C@@H](Cc1cc(F)cc(F)c1)[C@H](O)CNC1(c2cccc(C(C)(C)CF)c2)CC1,6.5376019
955,4,CC(C)c1cccc(CNCC(O)C2Cc3cccc(c3)OCCCCNc3cccc(c3)C(=O)N2)c1,6.5346169
956,4,CC1(c2cc(NC(=O)c3ccccn3)ccc2F)N=C(N)OCC1(F)F,6.5316525
957,4,Cc1cc(C2(c3cccc(-c4cncnc4)c3)N=C(N)N(C)C2=O)cc(C(C)C)n1,6.5228786
958,4,CC(C)c1cccc(CNC2CS(=O)(=O)CC(Cc3ccc(O)c(Br)c3)C2O)c1,6.5228786
959,4,CC(NC(=O)c1cc(COC(=O)C(N)(CO)Cc2ccccc2)cc(N(C)S(C)(=O)=O)c1)c1ccc(F)cc1,6.5086384
960,4,CC1=NC(c2cccc(-c3cncc(Cl)c3)c2)(C2CC2)N=C1N,6.5086384
961,4,CN1C(=O)C(c2ccc(OC(F)(F)F)cc2)(c2cc(F)cc(-c3cncnc3)c2)N=C1N,6.4948502
962,4,CC(=O)NC(Cc1cc(F)cc(F)c1)C(O)CNC1(c2csc(C(C)C)c2)CCCCC1,6.4948502
963,4,CC(=O)NC(Cc1cc(F)cc(F)c1)C(O)CNC1(c2cc(C(C)C)cs2)CCCCC1,6.4534574
964,4,CC(=O)NC(Cc1cc(F)cc(F)c1)C(O)CNC1(c2cccc(C(C)(C)C)c2)CCCN(C(N)=O)C1,6.4814858
965,4,CCOc1ccc(C2(C34CC5CC(CC(C5)C3)C4)N=C(N)N(C)C2=O)cc1,6.4814858
966,4,CN1C(=O)[C@@](c2ccc(OC(F)F)cc2)(c2cccc(C#CC3CCCCC3)c2)N=C1N,6.4814858
967,4,CC(=O)NC(Cc1cc(F)cc(F)c1)C(O)CNC1(c2cccc(N3C(=O)C4CCC3C4)c2)CCCCC1,6.4685211
968,4,CC(=O)NC(Cc1cc(F)cc(F)c1)C(O)CNC1(c2cccc(CC(C)(C)C)c2)CC1,6.4672456
969,4,CC(NC(=O)c1cc(COCC(C)(N)Cc2ccccc2)cc(N(C)S(C)(=O)=O)c1)c1ccc(F)cc1,6.4634414
970,4,CC1(c2cccc(NC(=O)c3ccc(Cl)cn3)c2)N=C(N)CNC1=O,6.4584208
971,4,CC(=O)NC1CCC(NCC(O)C(Cc2cc(F)cc(F)c2)NC(C)=O)(c2cccc(C(C)(C)C)c2)CC1,6.4559321
972,4,CCCCNC(=O)NCc1ccc(CN2C(=N)NC(CCC3CCCCC3)(CC3CCCCC3)C2=O)cc1,6.4559321
973,4,C#CCNC[C@@H](O)C(Cc1ccccc1)NC(=O)c1cc2c3c(c1)c(CC)cn3CCS(=O)(=O)O2,6.4436975
974,4,CCCCNC(=O)C(C)CC(O)C(CC(C)C)NC(=O)C(CCSC)NC(=O)C(NC(C)=O)C(C)C,6.4317985
975,4,CCc1cc(CC2CS(=O)(=O)CC(NCc3cccc(C(C)C)c3)C2O)ccc1O,6.4317985
976,4,Cc1sccc1C1(c2cccc(-c3cncnc3)c2)N=C(N)N(C)C1=O,6.4317985
977,4,CC(=O)NC(Cc1cc(F)cc(F)c1)C(O)CNC1(c2cccc(C(C)(C)C)c2)CCN(C(N)=O)CC1,6.4202166
978,4,CN1C(=O)C(c2cccc(NC(=O)c3ccc4c(c3)OCO4)c2)(C2CCCCC2)N=C1N,6.4202166
979,4,C/C=C(\C)c1cccc(C2(NCC(O)C(Cc3cc(F)cc(F)c3)NC(C)=O)CCCCC2)c1,6.4202166
980,4,NC1=NC(c2ccccc2)(C2CCCCC2)C(=O)N1CC1CCC(C(=O)O)CC1,6.4089355
981,4,CC(=O)N[C@@H](Cc1cc(F)cc(F)c1)[C@H](O)CNC1(c2cccc(C(C)(CF)CF)c2)CC1,6.4089355
982,4,CC(=O)NC(Cc1cc(F)cc(F)c1)C(O)CNC1(c2cn(C34CC5CC(CC(C5)C3)C4)nn2)CCCCC1,6.406714
983,4,CC(=O)NC(Cc1cc(F)cc(F)c1)C(O)CNC1(c2cccc(C(C)(C)C)c2)CCC(NS(C)(=O)=O)CC1,6.3979402
984,4,COc1cc(C2(c3cccc(-c4cncnc4)c3)N=C(N)c3c(F)cccc32)ccn1,6.3968558
985,4,CCn1c(=O)[nH]c2c(N3CCCC3=O)cc(C(=O)NC(Cc3ccccc3)C(O)CNCc3cccc(OC)c3)cc21,6.3767509
986,4,COc1cccc(CNC[C@H](O)[C@H](Cc2cc(F)cc(F)c2)NC(=O)c2cc(/C(C)=N\OCC(C)C)cc(N3CCCCS3(=O)=O)c2)c1,6.368556
987,4,CC(C)COc1ccc2c(c1)C1(CC(C)(C)O2)N=C(N)N(C)C1=O,6.3655229
988,4,CS(=O)(=O)N(c1ccccc1)c1cccc(C(=O)NC(Cc2ccccc2)C(O)CNC2CC2)c1,6.3565474
989,4,Cn1ccc(C(=O)Nc2ccc(F)c(C3(C)N=C(N)OCC3(F)F)c2)n1,6.3506651
990,4,CC(=O)NC(Cc1cc(F)cc(F)c1)C(O)CNC1(c2cccc(I)c2)CCCCC1,6.3372421
991,4,CN1C(=O)C(c2ccc(OC(F)(F)F)cc2)(C23CC4CC(CC(C4)C2)C3)N=C1N,6.3279023
992,4,Cc1cc(C2(c3cccc(-c4cncnc4)c3)N=C(N)N(C)C2=O)c(Cl)s1,6.3279023
993,4,COC(COC(C)C)CC(O)C(COc1cc(F)cc(F)c1)NC(=O)c1cc(C(=O)NC(C)c2ccccc2)cc(N(C)S(C)(=O)=O)c1,6.318759
994,4,COCC1CCN(C(C)C(=O)NC(Cc2cc(F)cc(F)c2)C(O)CNCc2cccc(OC)c2)C1=O,6.318759
995,4,CCc1cn2c3c(cc(C(=O)NC(Cc4ccccc4)C(O)CNC4CC4)cc13)NS(=O)(=O)CCC2,6.309804
996,4,CCCN(CCC)C(=O)c1cc(C)cc(C(=O)NC(Cc2cc(F)cc(F)c2)C(O)C2CNCCN2)c1,6.309804
997,4,CC1=NC(c2ccc(F)cc2)(c2cccc(-c3cccnc3)c2)N=C1N,6.309804
998,4,Cc1cc2cc(c1)C(=O)NC(C(O)CNCc1cccc(C(C)C)c1)COC/C=C/CCNC2=O,6.3010302
999,4,COc1cccc(-c2cccc(C3(c4ccncc4)N=C(N)CS3)c2)c1,6.3010302
1000,4,C#CC#Cc1ccc([C@@]2(c3ccccc3F)CC(=O)N(C)C(N)=N2)nc1,6.6789064
